date,open,high,low,close,adjusted_close,volume
2000-08-30,273.899994,273.899994,273.899994,273.899994,273.899994,0
2000-08-31,274.799988,278.299988,274.799988,278.299988,278.299988,0
2000-09-01,277,277,277,277,277,0
2000-09-05,275.799988,275.799988,275.799988,275.799988,275.799988,2
2000-09-06,274.200012,274.200012,274.200012,274.200012,274.200012,0
2000-09-07,274,274,274,274,274,125
2000-09-08,273.299988,273.299988,273.299988,273.299988,273.299988,0
2000-09-11,273.100006,273.100006,273.100006,273.100006,273.100006,0
2000-09-12,272.899994,272.899994,272.899994,272.899994,272.899994,0
2000-09-13,272.799988,272.799988,272.799988,272.799988,272.799988,0
2000-09-14,272.399994,272.399994,272.399994,272.399994,272.399994,0
2000-09-15,272.299988,272.299988,272.299988,272.299988,272.299988,0
2000-09-18,271.399994,271.399994,271.399994,271.399994,271.399994,0
2000-09-19,271.899994,271.899994,271.899994,271.899994,271.899994,0
2000-09-20,269,269,269,269,269,0
2000-09-21,270.299988,270.299988,270.299988,270.299988,270.299988,0
2000-09-22,271.799988,271.799988,271.799988,271.799988,271.799988,0
2000-09-25,274.100006,274.100006,274.100006,274.100006,274.100006,0
2000-09-26,273.899994,273.899994,273.899994,273.899994,273.899994,0
2000-09-27,278.399994,278.399994,278.399994,278.399994,278.399994,3511
2000-09-28,277.5,277.5,275.100006,275.600006,275.600006,631
2000-09-29,274.600006,274.600006,272,273.600006,273.600006,22
2000-10-02,272.799988,273.5,272.5,273.100006,273.100006,161
2000-10-03,272.100006,272.799988,271.5,271.600006,271.600006,25
2000-10-04,270.5,271,270.100006,270.299988,270.299988,11
2000-10-05,270.299988,270.600006,270,270.600006,270.600006,6
2000-10-06,269.799988,270.200012,269.299988,269.299988,269.299988,2
2000-10-09,269.100006,270.100006,269.100006,270.100006,270.100006,4
2000-10-10,272.399994,272.399994,272.399994,272.399994,272.399994,13
2000-10-11,272.5,273.5,270.5,270.5,270.5,18
2000-10-12,274,276.399994,274,276.399994,276.399994,3
2000-10-13,274.200012,274.200012,272.399994,272.399994,272.399994,0
2000-10-16,271.5,271.5,271.5,271.5,271.5,5
2000-10-17,271.100006,271.100006,271.100006,271.100006,271.100006,0
2000-10-18,270.299988,270.299988,270.299988,270.299988,270.299988,0
2000-10-19,270.100006,270.100006,270.100006,270.100006,270.100006,1
2000-10-20,271.200012,271.200012,271.200012,271.200012,271.200012,32
2000-10-23,271.700012,271.700012,270.100006,270.100006,270.100006,1
2000-10-24,269.799988,270.100006,269.799988,270.100006,270.100006,16
2000-10-25,266.200012,267.100006,266,266.200012,266.200012,20
2000-10-26,266,267,264.899994,264.899994,264.899994,0
2000-10-27,265.5,265.5,264.399994,264.399994,264.399994,1
2000-10-30,264.299988,264.299988,264.299988,264.299988,264.299988,2
2000-10-31,264.5,265,264.5,264.899994,264.899994,0
2000-11-01,263.899994,263.899994,263.899994,263.899994,263.899994,0
2000-11-02,264.399994,264.399994,264.399994,264.399994,264.399994,0
2000-11-03,264.600006,264.600006,264.600006,264.600006,264.600006,0
2000-11-06,264.5,264.5,264.5,264.5,264.5,0
2000-11-07,264.299988,264.299988,264.299988,264.299988,264.299988,0
2000-11-08,265,265,265,265,265,0
2000-11-09,265.799988,265.799988,265.799988,265.799988,265.799988,0
2000-11-10,264.5,264.5,264.5,264.5,264.5,0
2000-11-13,264.299988,264.299988,264.299988,264.299988,264.299988,100
2000-11-14,264.899994,264.899994,264.899994,264.899994,264.899994,0
2000-11-15,265.100006,265.100006,265.100006,265.100006,265.100006,0
2000-11-16,265.799988,265.799988,265.799988,265.799988,265.799988,3
2000-11-17,265.200012,265.700012,265.200012,265.700012,265.700012,7
2000-11-20,266.299988,266.299988,266.299988,266.299988,266.299988,0
2000-11-21,265.700012,265.700012,265.700012,265.700012,265.700012,0
2000-11-22,266.299988,266.299988,266.299988,266.299988,266.299988,0
2000-11-27,270.100006,270.100006,270.100006,270.100006,270.100006,0
2000-11-28,269.799988,269.799988,269.799988,269.799988,269.799988,28696
2000-11-29,269.600006,270.100006,265.799988,266.399994,266.399994,2849
2000-11-30,266.399994,270.200012,266.200012,270.100006,270.100006,810
2000-12-01,269.700012,272,268.5,268.700012,268.700012,332
2000-12-04,271,272,270,270.700012,270.700012,137
2000-12-05,270.899994,271,269.899994,270.399994,270.399994,407
2000-12-06,271,274.299988,270.600006,274.299988,274.299988,81
2000-12-07,274.299988,276,272.600006,273.200012,273.200012,36
2000-12-08,272.700012,273,272.200012,272.200012,272.200012,120
2000-12-11,270.700012,270.700012,269.200012,270.200012,270.200012,15
2000-12-12,270.299988,270.299988,269.5,270.299988,270.299988,62
2000-12-13,270,270,268.100006,268.600006,268.600006,30
2000-12-14,268.600006,269,268,269,269,31
2000-12-15,269.200012,270.399994,269.200012,270.399994,270.399994,63
2000-12-18,270,270,269.700012,269.700012,269.700012,17
2000-12-19,269.700012,269.700012,269,269.700012,269.700012,203
2000-12-20,272.5,272.5,272,272.5,272.5,5
2000-12-21,273,273.700012,273,273.700012,273.700012,110
2000-12-22,273.700012,274,273.700012,273.700012,273.700012,13
2000-12-26,273.200012,274.799988,273.200012,274.100006,274.100006,0
2000-12-27,274.5,275.200012,274.5,275.200012,275.200012,1
2000-12-28,273.200012,273.200012,271.700012,271.700012,271.700012,1
2000-12-29,272,272,272,272,272,0
2001-01-02,268.399994,268.399994,268.399994,268.399994,268.399994,0
2001-01-03,268,268,268,268,268,1
2001-01-04,267.299988,267.299988,267.299988,267.299988,267.299988,1
2001-01-05,268,268,268,268,268,0
2001-01-08,268,268,268,268,268,0
2001-01-09,267.5,267.5,267.5,267.5,267.5,0
2001-01-10,264.700012,264.700012,264.700012,264.700012,264.700012,0
2001-01-11,264,264,264,264,264,0
2001-01-12,263.899994,263.899994,263.899994,263.899994,263.899994,0
2001-01-16,263.299988,263.299988,263.299988,263.299988,263.299988,0
2001-01-17,263.200012,263.200012,263.200012,263.200012,263.200012,0
2001-01-18,264.200012,264.200012,264.200012,264.200012,264.200012,0
2001-01-19,264.299988,264.299988,264.299988,264.299988,264.299988,0
2001-01-22,266.399994,266.399994,266.399994,266.399994,266.399994,0
2001-01-23,266.100006,266.100006,266.100006,266.100006,266.100006,0
2001-01-24,264.299988,264.299988,264.299988,264.299988,264.299988,0
2001-01-25,264.5,264.5,264.5,264.5,264.5,0
2001-01-26,262.799988,262.799988,262.799988,262.799988,262.799988,0
2001-01-29,262.799988,262.799988,262.799988,262.799988,262.799988,15489
2001-01-30,262.899994,266.600006,262.899994,265.5,265.5,1754
2001-01-31,265.200012,266,263.700012,265.600006,265.600006,566
2001-02-01,266.299988,268.899994,266.299988,268.5,268.5,410
2001-02-02,268,268.200012,266.5,267.100006,267.100006,107
2001-02-05,265.100006,265.799988,265.100006,265.200012,265.200012,192
2001-02-06,263.899994,263.899994,261.799988,263.299988,263.299988,25
2001-02-07,262.799988,263.5,262.399994,262.799988,262.799988,166
2001-02-08,263.5,263.5,259.799988,260.100006,260.100006,13
2001-02-09,260.5,260.5,259,259.899994,259.899994,0
2001-02-12,262.5,262.5,260.100006,260.700012,260.700012,17
2001-02-13,261,261,261,260.299988,260.299988,0
2001-02-14,260,260,259.399994,259.399994,259.399994,30
2001-02-15,259.5,259.5,255.100006,255.100006,255.100006,23
2001-02-16,255,258.5,255,258.200012,258.200012,2
2001-02-20,256.100006,256.100006,255,256.100006,256.100006,24
2001-02-21,256.700012,258.200012,256.600006,258.200012,258.200012,40
2001-02-22,258.5,258.5,257.5,258.5,258.5,16
2001-02-23,260,260.899994,259.600006,260.899994,260.899994,0
2001-02-26,262,265.799988,261.5,265.799988,265.799988,1
2001-02-27,267,267.399994,267,267.399994,267.399994,0
2001-02-28,266.799988,266.799988,266.799988,266.799988,266.799988,0
2001-03-01,265.200012,265.200012,265.200012,265.200012,265.200012,0
2001-03-02,262.100006,262.100006,262.100006,262.100006,262.100006,0
2001-03-05,262.5,262.5,262.5,262.5,262.5,11
2001-03-06,260,260,259.899994,259.899994,259.899994,20
2001-03-07,259,261.399994,259,261.399994,261.399994,0
2001-03-08,265.399994,265.399994,265.399994,265.399994,265.399994,0
2001-03-09,270.799988,270.799988,270.799988,270.799988,270.799988,0
2001-03-12,271.600006,271.600006,271.600006,271.600006,271.600006,8
2001-03-13,266.799988,266.799988,266.799988,266.799988,266.799988,0
2001-03-14,262.5,262.5,262.5,262.5,262.5,0
2001-03-15,260,260,260,260,260,2
2001-03-16,257,258.100006,257,258.100006,258.100006,0
2001-03-19,259.799988,259.799988,259.799988,259.799988,259.799988,0
2001-03-20,260.5,260.5,260.5,260.5,260.5,0
2001-03-21,261.899994,261.899994,261.899994,261.899994,261.899994,0
2001-03-22,261.100006,261.100006,261.100006,261.100006,261.100006,1
2001-03-23,261.5,261.5,261.5,261.5,261.5,0
2001-03-26,261.899994,261.899994,261.899994,261.899994,261.899994,0
2001-03-27,261,261,261,261,261,0
2001-03-28,259.700012,259.700012,259.700012,259.700012,259.700012,22994
2001-03-29,259.700012,260.399994,258.200012,258.799988,258.799988,5646
2001-03-30,258.799988,259.299988,256.600006,257.899994,257.899994,2479
2001-04-02,257.200012,257.799988,255,255.600006,255.600006,456
2001-04-03,255.5,258.600006,255.5,256.799988,256.799988,326
2001-04-04,258.299988,260.5,258,258.399994,258.399994,175
2001-04-05,259.100006,259.100006,257.700012,258.100006,258.100006,150
2001-04-06,259.5,260.200012,257.799988,260,260,86
2001-04-09,260.5,260.5,258,258.299988,258.299988,28
2001-04-10,258.299988,258.299988,256.600006,257.299988,257.299988,31
2001-04-11,257.700012,260,256.5,258.700012,258.700012,95
2001-04-12,260.100006,261,259,260.100006,260.100006,20
2001-04-16,260.5,263.799988,260.299988,263.299988,263.299988,71
2001-04-17,260.5,262.399994,260.5,261.100006,261.100006,38
2001-04-18,260,262.299988,259.5,261.299988,261.299988,0
2001-04-19,263,265.299988,262.299988,265.299988,265.299988,101
2001-04-20,264.700012,265,263.5,264.799988,264.799988,16
2001-04-23,263.600006,263.700012,262.600006,263.700012,263.700012,69
2001-04-24,265,265,264,264.100006,264.100006,64
2001-04-25,263.5,264.399994,262,262.399994,262.399994,0
2001-04-26,264.399994,264.399994,263.5,264.399994,264.399994,1
2001-04-27,263.899994,263.899994,263.899994,263.899994,263.899994,6
2001-04-30,264,264,264,264,264,0
2001-05-01,264.399994,264.399994,264.399994,264.399994,264.399994,0
2001-05-02,265.399994,265.399994,265.399994,265.399994,265.399994,0
2001-05-03,266.299988,266.299988,266.299988,266.299988,266.299988,0
2001-05-04,266.100006,266.100006,266.100006,266.100006,266.100006,0
2001-05-07,266.100006,266.100006,266.100006,266.100006,266.100006,0
2001-05-08,265.100006,265.100006,265.100006,265.100006,265.100006,0
2001-05-09,270,270,270,270,270,0
2001-05-10,269.100006,269.100006,269.100006,269.100006,269.100006,0
2001-05-11,267.899994,267.899994,267.899994,267.899994,267.899994,0
2001-05-14,268.299988,268.299988,268.299988,268.299988,268.299988,0
2001-05-15,268.100006,268.100006,268.100006,268.100006,268.100006,0
2001-05-16,272,272,272,272,272,0
2001-05-17,273.600006,273.600006,273.600006,273.600006,273.600006,0
2001-05-18,287.399994,287.399994,287.399994,287.399994,287.399994,0
2001-05-21,285.399994,285.399994,285.399994,285.399994,285.399994,0
2001-05-22,285.100006,285.100006,285.100006,285.100006,285.100006,0
2001-05-23,283.600006,283.600006,283.600006,283.600006,283.600006,6
2001-05-24,279.100006,279.100006,279.100006,279.100006,279.100006,6
2001-05-25,277.899994,277.899994,277.899994,277.899994,277.899994,0
2001-05-29,273.799988,273.799988,273.799988,273.799988,273.799988,28775
2001-05-30,274.399994,275,264.200012,265.700012,265.700012,2955
2001-05-31,265.100006,268.100006,264.799988,265.299988,265.299988,1108
2001-06-01,264.700012,266.899994,264.5,266.399994,266.399994,251
2001-06-04,266.899994,266.899994,264.5,264.899994,264.899994,122
2001-06-05,265,265.899994,264.5,265.700012,265.700012,126
2001-06-06,266.700012,267,265.200012,265.700012,265.700012,112
2001-06-07,266.299988,266.5,265,266,266,119
2001-06-08,266.200012,274.200012,266.200012,273.399994,273.399994,166
2001-06-11,271.100006,271.200012,266.5,267.899994,267.899994,131
2001-06-12,270,271.5,269,271.5,271.5,91
2001-06-13,271.899994,272.5,270,272,272,38
2001-06-14,272,276,272,275.299988,275.299988,76
2001-06-15,274.299988,274.700012,271.200012,271.200012,271.200012,20
2001-06-18,272,272.5,271.299988,272.399994,272.399994,31
2001-06-19,273,273.399994,273,273.399994,273.399994,21
2001-06-20,272.700012,272.700012,271,272.399994,272.399994,26
2001-06-21,271.799988,272.600006,271.799988,272.600006,272.600006,12
2001-06-22,273.600006,273.600006,272,272.299988,272.299988,0
2001-06-25,275,275,273.700012,273.700012,273.700012,8
2001-06-26,274,277,274,276.200012,276.200012,0
2001-06-27,275.700012,275.700012,272.100006,272.100006,272.100006,0
2001-06-28,269.299988,269.299988,269.299988,269.299988,269.299988,0
2001-06-29,270.600006,270.600006,270.600006,270.600006,270.600006,0
2001-07-02,269.399994,269.399994,269.399994,269.399994,269.399994,0
2001-07-03,267.600006,267.600006,267.600006,267.600006,267.600006,1
2001-07-05,265.100006,265.100006,263.700012,265.100006,265.100006,1
2001-07-06,265.899994,265.899994,265.899994,265.899994,265.899994,70
2001-07-09,266.5,266.5,266.5,266.5,266.5,0
2001-07-10,266.200012,266.200012,266.200012,266.200012,266.200012,5
2001-07-11,268.299988,268.299988,268.299988,268.299988,268.299988,0
2001-07-12,266.600006,266.600006,266.600006,266.600006,266.600006,0
2001-07-13,267.100006,267.100006,267.100006,267.100006,267.100006,0
2001-07-16,266.899994,266.899994,266.899994,266.899994,266.899994,0
2001-07-17,268.100006,268.100006,268.100006,268.100006,268.100006,5
2001-07-18,270.399994,270.399994,270.399994,270.399994,270.399994,0
2001-07-19,269.399994,269.399994,269.399994,269.399994,269.399994,5
2001-07-20,269.899994,269.899994,269.899994,269.899994,269.899994,0
2001-07-23,268.799988,268.799988,268.799988,268.799988,268.799988,0
2001-07-24,269.700012,269.700012,269.700012,269.700012,269.700012,0
2001-07-25,267.700012,267.700012,267.700012,267.700012,267.700012,0
2001-07-26,266.200012,266.200012,266.200012,266.200012,266.200012,0
2001-07-27,267.399994,267.399994,267.399994,267.399994,267.399994,17975
2001-07-30,267.299988,267.5,264.100006,264.600006,264.600006,1912
2001-07-31,264.799988,266.5,264.399994,266.200012,266.200012,348
2001-08-01,266.200012,268.100006,265.799988,267.399994,267.399994,284
2001-08-02,267,268,266.100006,267.399994,267.399994,136
2001-08-03,267,268.5,266.5,267.899994,267.899994,234
2001-08-06,267.799988,267.799988,267,267.100006,267.100006,156
2001-08-07,267,267.200012,265.899994,267.200012,267.200012,291
2001-08-08,266.100006,268,265.899994,267.899994,267.899994,436
2001-08-09,268,274,268,273.399994,273.399994,107
2001-08-10,273.399994,275.799988,273,273.899994,273.899994,3
2001-08-13,275.200012,275.700012,275.200012,275.700012,275.700012,8
2001-08-14,274.799988,276.299988,273.200012,276.299988,276.299988,10
2001-08-15,275,276,275,275.700012,275.700012,2
2001-08-16,275,275.200012,275,275.200012,275.200012,6
2001-08-17,277.600006,279.299988,277.200012,279.299988,279.299988,26
2001-08-20,277.200012,277.200012,276.100006,276.100006,276.100006,1
2001-08-21,275,275,275,275,275,2
2001-08-22,274.899994,274.899994,274.899994,274.899994,274.899994,0
2001-08-23,275.299988,275.299988,275.299988,275.299988,275.299988,0
2001-08-24,272.5,272.5,272.5,272.5,272.5,59
2001-08-27,272.5,272.600006,272.399994,272.600006,272.600006,56
2001-08-28,272.299988,272.299988,272.299988,272.299988,272.299988,0
2001-08-29,274.200012,274.200012,273.700012,273.700012,273.700012,0
2001-08-30,275.399994,275.399994,275.399994,275.399994,275.399994,0
2001-08-31,274.399994,274.399994,274.399994,274.399994,274.399994,0
2001-09-04,271.600006,271.600006,271.600006,271.600006,271.600006,0
2001-09-05,272,272,272,272,272,0
2001-09-06,273,273,273,273,273,0
2001-09-07,273.100006,273.100006,273,273.100006,273.100006,0
2001-09-10,271.600006,271.600006,271.600006,271.600006,271.600006,0
2001-09-14,290.200012,290.200012,290.200012,290.200012,290.200012,0
2001-09-17,289.799988,289.799988,289.799988,289.799988,289.799988,0
2001-09-18,288.100006,288.100006,288.100006,288.100006,288.100006,0
2001-09-19,291.5,291.5,291.5,291.5,291.5,1
2001-09-20,289.5,289.5,289,289,289,1
2001-09-21,291.899994,291.899994,291.899994,291.899994,291.899994,0
2001-09-24,289.799988,289.799988,289.700012,289.700012,289.700012,0
2001-09-25,290.5,290.5,290.5,290.5,290.5,0
2001-09-26,293.299988,293.299988,293.299988,293.299988,293.299988,1010
2001-09-27,293.5,293.5,289,291.700012,291.700012,942
2001-09-28,290.700012,294,290.700012,292.399994,292.399994,1183
2001-10-01,291.799988,292.899994,290.5,292.200012,292.200012,91
2001-10-02,292.100006,292.100006,289.899994,289.899994,289.899994,157
2001-10-03,291,291.200012,290.100006,290.5,290.5,84
2001-10-04,290,292,290,290.5,290.5,20
2001-10-05,291.5,292.5,291.399994,291.399994,291.399994,10
2001-10-08,292,292.5,292,292.399994,292.399994,10
2001-10-09,292.700012,292.700012,288.899994,288.899994,288.899994,17
2001-10-10,287.5,287.5,284,285.700012,285.700012,71
2001-10-11,283.5,283.5,280.5,281.799988,281.799988,140
2001-10-12,282.200012,284.899994,282.200012,284.899994,284.899994,27
2001-10-15,282.700012,282.700012,282.100006,282.100006,282.100006,51
2001-10-16,282.200012,282.799988,281.700012,282.299988,282.299988,140
2001-10-17,282.200012,283.399994,282.200012,283.399994,283.399994,7
2001-10-18,282.5,282.5,279.200012,279.200012,279.200012,7
2001-10-19,279.5,280.100006,279,280.100006,280.100006,4
2001-10-22,275.5,275.5,275.5,275.5,275.5,4
2001-10-23,277,277,276.100006,276.100006,276.100006,42
2001-10-24,275.899994,275.899994,275.899994,275.899994,275.899994,1
2001-10-25,277.799988,277.799988,277.799988,277.799988,277.799988,1
2001-10-26,277.899994,277.899994,277.899994,277.899994,277.899994,1
2001-10-29,278.5,279.100006,278.5,279.100006,279.100006,6
2001-10-30,281.200012,281.200012,279.5,280.600006,280.600006,2
2001-10-31,279.5,280.5,279.5,279.5,279.5,0
2001-11-01,279.700012,279.700012,279.700012,279.700012,279.700012,0
2001-11-02,279.799988,279.799988,279.799988,279.799988,279.799988,0
2001-11-05,278.5,278.5,278.5,278.5,278.5,0
2001-11-06,279.700012,279.700012,279.700012,279.700012,279.700012,90
2001-11-07,280.5,281,280.5,281,281,5
2001-11-08,278,278,276.799988,276.799988,276.799988,1
2001-11-09,277.200012,277.399994,277.200012,277.399994,277.399994,0
2001-11-12,278.299988,278.299988,278.299988,278.299988,278.299988,4
2001-11-13,277.799988,277.799988,277.799988,277.799988,277.799988,0
2001-11-14,277.799988,277.799988,277.799988,277.799988,277.799988,0
2001-11-15,275.100006,275.100006,275.100006,275.100006,275.100006,0
2001-11-16,274.700012,274.700012,274.700012,274.700012,274.700012,0
2001-11-19,272.700012,272.700012,272.700012,272.700012,272.700012,0
2001-11-20,273,273,273,273,273,0
2001-11-21,272.899994,272.899994,272.899994,272.899994,272.899994,0
2001-11-26,272.299988,272.299988,272.299988,272.299988,272.299988,0
2001-11-27,273.200012,273.200012,273.200012,273.200012,273.200012,0
2001-11-28,274.100006,274.100006,274.100006,274.100006,274.100006,22395
2001-11-29,274.100006,275.399994,273,273.5,273.5,4710
2001-11-30,273.200012,275.5,272.600006,273.899994,273.899994,744
2001-12-03,273.5,277.5,273.5,276.899994,276.899994,389
2001-12-04,276.899994,277.200012,275,275.399994,275.399994,214
2001-12-05,275.299988,275.600006,273,273.700012,273.700012,198
2001-12-06,274.200012,274.299988,273.100006,274.200012,274.200012,73
2001-12-07,274.100006,274.399994,273.299988,273.899994,273.899994,478
2001-12-10,272.5,273.200012,271.200012,272.200012,272.200012,357
2001-12-11,272.5,272.5,271.5,272.200012,272.200012,79
2001-12-12,272.700012,273.799988,272.5,273.799988,273.799988,57
2001-12-13,274,274.399994,273.5,273.899994,273.899994,44
2001-12-14,275,278.5,275,278,278,51
2001-12-17,278.200012,278.200012,277,277.700012,277.700012,17
2001-12-18,280.399994,281.299988,278.299988,280.399994,280.399994,119
2001-12-19,280,280,275.5,275.5,275.5,18
2001-12-20,276.5,276.5,276,276,276,18
2001-12-21,276,278.600006,276,278,278,39
2001-12-26,278.299988,280.899994,278.299988,279.700012,279.700012,0
2001-12-27,278,278.5,277.200012,277.399994,277.399994,2
2001-12-28,276.5,276.5,276.5,276.5,276.5,2
2001-12-31,276.799988,278.700012,276.799988,278.700012,278.700012,2
2002-01-02,278.899994,278.899994,278.899994,278.899994,278.899994,2
2002-01-03,278.200012,278.200012,278.200012,278.200012,278.200012,2
2002-01-04,278.899994,278.899994,278.899994,278.899994,278.899994,2
2002-01-07,278.600006,279,278.600006,278.600006,278.600006,1
2002-01-08,278.899994,278.899994,278.899994,278.899994,278.899994,1
2002-01-09,283.399994,283.399994,283.399994,283.399994,283.399994,1
2002-01-10,287.100006,287.100006,287.100006,287.100006,287.100006,2
2002-01-11,287.399994,287.399994,287.399994,287.399994,287.399994,2
2002-01-14,285.399994,285.399994,285.399994,285.399994,285.399994,2
2002-01-15,284.399994,284.399994,284.399994,284.399994,284.399994,2
2002-01-16,287.299988,287.299988,287.299988,287.299988,287.299988,2
2002-01-17,284.399994,284.399994,284.399994,284.399994,284.399994,2
2002-01-18,283.100006,283.100006,283.100006,283.100006,283.100006,2
2002-01-22,281.5,281.5,281.5,281.5,281.5,2
2002-01-23,278.600006,278.600006,278.600006,278.600006,278.600006,2
2002-01-24,278.100006,278.100006,278.100006,278.100006,278.100006,2
2002-01-25,278.799988,278.799988,278.799988,278.799988,278.799988,2
2002-01-28,278.299988,278.299988,278.299988,278.299988,278.299988,2
2002-01-29,281.399994,281.399994,281.399994,281.399994,281.399994,23818
2002-01-30,281.899994,283.200012,280.5,281.899994,281.899994,3680
2002-01-31,281,282.799988,280.799988,282.100006,282.100006,1082
2002-02-01,282.299988,287.5,282.200012,286,286,536
2002-02-04,286,290,285.399994,289.299988,289.299988,336
2002-02-05,290,298.200012,290,298.200012,298.200012,1043
2002-02-06,297.299988,308,296.200012,297.5,297.5,239
2002-02-07,297.200012,301.5,296.200012,299.700012,299.700012,264
2002-02-08,304.5,307.399994,302.799988,303.5,303.5,187
2002-02-11,303.5,303.5,297.5,300.100006,300.100006,362
2002-02-12,299,300.700012,297,300.700012,300.700012,454
2002-02-13,300.5,300.700012,296.700012,299.399994,299.399994,229
2002-02-14,300,300.5,299.399994,299.700012,299.700012,20
2002-02-15,300.5,301.600006,298.399994,298.399994,298.399994,62
2002-02-19,297,297.299988,293.200012,293.200012,293.200012,35
2002-02-20,294.100006,294.200012,290.799988,292.299988,292.299988,24
2002-02-21,291.799988,293.399994,291.799988,293.200012,293.200012,13
2002-02-22,293.200012,293.200012,292.5,293.200012,293.200012,151
2002-02-25,292.700012,293,291.5,292.700012,292.700012,0
2002-02-26,294,298,293.200012,298,298,4
2002-02-27,295.299988,296.299988,295.299988,296.299988,296.299988,5
2002-02-28,296,296.700012,296,296.700012,296.700012,0
2002-03-01,298,298,298,298,298,0
2002-03-04,296.700012,296.700012,296.700012,296.700012,296.700012,5
2002-03-05,298,298,294,294,294,0
2002-03-06,293.5,293.5,293.399994,293.5,293.5,0
2002-03-07,290.100006,290.100006,290.100006,290.100006,290.100006,76
2002-03-08,290.100006,290.100006,290.100006,290.100006,290.100006,0
2002-03-11,291.100006,291.100006,291.100006,291.100006,291.100006,44
2002-03-12,293.600006,293.600006,293.600006,293.600006,293.600006,0
2002-03-13,293.600006,293.600006,293.600006,293.600006,293.600006,0
2002-03-14,291,291,291,291,291,0
2002-03-15,289.899994,289.899994,289.899994,289.899994,289.899994,0
2002-03-18,292.100006,292.100006,292.100006,292.100006,292.100006,0
2002-03-19,292.799988,292.799988,292.799988,292.799988,292.799988,0
2002-03-20,292.100006,292.100006,292.100006,292.100006,292.100006,6
2002-03-21,292.799988,292.799988,292.799988,292.799988,292.799988,0
2002-03-22,297.299988,297.299988,297.299988,297.299988,297.299988,0
2002-03-25,297.399994,297.399994,297.399994,297.399994,297.399994,0
2002-03-26,296.600006,296.600006,296.600006,296.600006,296.600006,24896
2002-03-27,296.799988,303.100006,296.299988,302.200012,302.200012,4104
2002-03-28,302.799988,304.5,300.5,302.600006,302.600006,334
2002-04-01,302.600006,303.200012,300.700012,303.200012,303.200012,436
2002-04-02,303,306.799988,302.5,305.899994,305.899994,276
2002-04-03,306,306,302,302.600006,302.600006,251
2002-04-04,302.600006,302.600006,299,301.100006,301.100006,86
2002-04-05,300.700012,302.5,298.700012,300.100006,300.100006,97
2002-04-08,299,301.5,299,300.5,300.5,133
2002-04-09,300,300,298.5,298.799988,298.799988,66
2002-04-10,298,302.5,297.700012,301.700012,301.700012,42
2002-04-11,301.700012,303.200012,301.5,302.200012,302.200012,108
2002-04-12,301.5,302.100006,300.5,302.100006,302.100006,118
2002-04-15,303.299988,303.299988,299.899994,300,300,132
2002-04-16,299.200012,299.200012,297.5,298.799988,298.799988,39
2002-04-17,298.799988,303.299988,298.799988,302.100006,302.100006,11
2002-04-18,303.600006,306,303.600006,304.5,304.5,68
2002-04-19,302.5,302.5,301.899994,302.299988,302.299988,30
2002-04-22,304.100006,304.100006,303,303,303,40
2002-04-23,302.899994,304,302.799988,304,304,120
2002-04-24,305,305.700012,304.299988,304.299988,304.299988,173
2002-04-25,305.399994,309.299988,305.399994,308.100006,308.100006,0
2002-04-26,308.399994,312.5,306.5,311.600006,311.600006,0
2002-04-29,311.200012,311.200012,311.200012,311.200012,311.200012,0
2002-04-30,308.899994,308.899994,308.899994,308.899994,308.899994,0
2002-05-01,309.100006,309.100006,309.100006,309.100006,309.100006,0
2002-05-02,308.299988,308.299988,308.299988,308.299988,308.299988,0
2002-05-03,312.200012,312.200012,312.200012,312.200012,312.200012,0
2002-05-06,311.200012,311.200012,311.200012,311.200012,311.200012,0
2002-05-07,311.600006,311.600006,311.600006,311.600006,311.600006,0
2002-05-08,308.200012,308.200012,308.200012,308.200012,308.200012,2
2002-05-09,307.5,309.5,307.5,309.5,309.5,0
2002-05-10,311,311,311,311,311,0
2002-05-13,311,311,310.600006,310.600006,310.600006,7
2002-05-14,307.5,307.5,306.799988,307.299988,307.299988,0
2002-05-15,308.700012,308.700012,308.700012,308.700012,308.700012,0
2002-05-16,309.799988,309.799988,309.799988,309.799988,309.799988,0
2002-05-17,310.600006,310.600006,310.600006,310.600006,310.600006,0
2002-05-20,315.700012,315.700012,315.700012,315.700012,315.700012,0
2002-05-21,315.799988,315.799988,315.799988,315.799988,315.799988,0
2002-05-22,318,318,318,318,318,0
2002-05-23,322.5,322.5,322.5,322.5,322.5,0
2002-05-24,320.399994,320.399994,320.399994,320.399994,320.399994,0
2002-05-28,323.899994,323.899994,323.899994,323.899994,323.899994,0
2002-05-29,325.399994,325.399994,325.399994,325.399994,325.399994,22051
2002-05-30,325.399994,326.700012,323.5,325.5,325.5,6764
2002-05-31,325,329,324.200012,326.5,326.5,919
2002-06-03,326.600006,328.5,325,326.700012,326.700012,1866
2002-06-04,327,330.299988,327,327.799988,327.799988,996
2002-06-05,327.299988,327.299988,320.100006,321.200012,321.200012,190
2002-06-06,321.100006,326,321.100006,324.899994,324.899994,422
2002-06-07,325.5,327.5,323.899994,324.600006,324.600006,237
2002-06-10,323,323.899994,318,318.700012,318.700012,171
2002-06-11,319.299988,319.700012,316,319.700012,319.700012,602
2002-06-12,319.600006,322.299988,318.799988,320.299988,320.299988,71
2002-06-13,320.100006,320.100006,317,317.700012,317.700012,67
2002-06-14,321.200012,321.5,319.100006,319.100006,319.100006,43
2002-06-17,318,318.799988,317.299988,317.399994,317.399994,329
2002-06-18,317,319.200012,317,319.200012,319.200012,19
2002-06-19,320.200012,320.600006,319.799988,319.799988,319.799988,116
2002-06-20,321.299988,324.5,321.299988,323.200012,323.200012,52
2002-06-21,322.899994,325.200012,322.200012,324.600006,324.600006,329
2002-06-24,326.5,327.299988,324,324.299988,324.299988,294
2002-06-25,323.700012,323.700012,318,320.200012,320.200012,0
2002-06-26,322.100006,324,320.5,320.5,320.5,13
2002-06-27,320.299988,320.299988,319.200012,319.200012,319.200012,0
2002-06-28,313.5,313.5,313.5,313.5,313.5,0
2002-07-01,314,314,314,314,314,20
2002-07-02,315,315.299988,312.799988,312.799988,312.799988,0
2002-07-03,311,311,310.899994,310.899994,310.899994,2
2002-07-08,313.299988,313.299988,312.100006,312.100006,312.100006,10
2002-07-09,313.399994,316.100006,312.600006,316.100006,316.100006,0
2002-07-10,314.700012,314.700012,314.700012,314.700012,314.700012,0
2002-07-11,317.200012,317.200012,317.200012,317.200012,317.200012,0
2002-07-12,315.600006,315.600006,315.600006,315.600006,315.600006,2
2002-07-15,320.5,320.5,319,319.600006,319.600006,18
2002-07-16,318.200012,318.200012,317.200012,317.200012,317.200012,0
2002-07-17,317.399994,317.399994,317.399994,317.399994,317.399994,24
2002-07-18,317,317,317,317,317,29
2002-07-19,323.899994,323.899994,323.899994,323.899994,323.899994,403
2002-07-22,323.600006,323.600006,323.600006,323.600006,323.600006,0
2002-07-23,312.700012,312.700012,312.700012,312.700012,312.700012,0
2002-07-24,311.5,311.5,311.5,311.5,311.5,0
2002-07-25,309.799988,309.799988,309.799988,309.799988,309.799988,3
2002-07-26,303.399994,303.399994,303.399994,303.399994,303.399994,0
2002-07-29,302.5,302.5,300.799988,302.5,302.5,23830
2002-07-30,301.5,305.200012,301.5,303.700012,303.700012,3224
2002-07-31,303.700012,305.299988,301.799988,303.200012,303.200012,965
2002-08-01,303.200012,304.799988,298,304,304,217
2002-08-02,303.600006,307.899994,303.600006,307,307,392
2002-08-05,307.5,309.600006,306.5,307.799988,307.799988,139
2002-08-06,307.5,307.5,304.799988,305.5,305.5,52
2002-08-07,308,315.5,307.899994,314.299988,314.299988,177
2002-08-08,314.600006,314.600006,310.299988,310.399994,310.399994,86
2002-08-09,310,315,310,314.200012,314.200012,29
2002-08-12,313.799988,318,313.799988,314.100006,314.100006,8
2002-08-13,313.600006,315,313.600006,314.200012,314.200012,68
2002-08-14,317,317,311,311.799988,311.799988,152
2002-08-15,311.600006,316.5,311.100006,314.299988,314.299988,132
2002-08-16,313.100006,315,312.200012,313.700012,313.700012,725
2002-08-19,313.100006,313.100006,305.5,306,306,118
2002-08-20,307.399994,308.700012,306.200012,308.700012,308.700012,219
2002-08-21,307.5,308,306,307.600006,307.600006,105
2002-08-22,305.799988,306.600006,304.899994,306.600006,306.600006,378
2002-08-23,305.5,306.700012,305.200012,306.700012,306.700012,53
2002-08-26,310.5,310.5,309.399994,309.399994,309.399994,153
2002-08-27,308.5,312.899994,308.5,312.299988,312.299988,0
2002-08-28,311.899994,312.5,309.399994,309.399994,309.399994,17
2002-08-29,312,312.899994,312,312.899994,312.899994,0
2002-08-30,312.399994,312.399994,312.399994,312.399994,312.399994,36
2002-09-03,312.5,313.399994,312.5,313.399994,313.399994,0
2002-09-04,314.899994,314.899994,314.899994,314.899994,314.899994,0
2002-09-05,318.200012,318.200012,318.200012,318.200012,318.200012,7
2002-09-06,320,320,319.899994,319.899994,319.899994,0
2002-09-09,321.299988,321.299988,321.299988,321.299988,321.299988,0
2002-09-10,317.899994,317.899994,317.899994,317.899994,317.899994,0
2002-09-11,316.600006,316.600006,316.600006,316.600006,316.600006,0
2002-09-12,318.899994,318.899994,318.899994,318.899994,318.899994,0
2002-09-13,319,319,316.600006,316.600006,316.600006,0
2002-09-16,317.100006,317.100006,317.100006,317.100006,317.100006,0
2002-09-17,317,317,317,317,317,0
2002-09-18,320.600006,320.600006,320.600006,320.600006,320.600006,0
2002-09-19,322.600006,322.600006,322.600006,322.600006,322.600006,0
2002-09-20,321.899994,321.899994,321.899994,321.899994,321.899994,7
2002-09-23,323,323,323,323,323,0
2002-09-24,325.899994,325.899994,325.899994,325.899994,325.899994,0
2002-09-25,322.200012,322.200012,322.200012,322.200012,322.200012,0
2002-09-26,320.299988,320.299988,320.299988,320.299988,320.299988,3485
2002-09-27,319.600006,321.200012,319,319.700012,319.700012,858
2002-09-30,320.700012,324.200012,320.399994,323.899994,323.899994,43
2002-10-01,322,322,320.899994,320.899994,320.899994,2837
2002-10-02,319.600006,321.5,319.600006,321.5,321.5,41
2002-10-03,321,322.899994,321,321.100006,321.100006,9
2002-10-04,321.399994,322.100006,321.399994,322.100006,322.100006,117
2002-10-07,322,322.200012,321.899994,321.899994,321.899994,12
2002-10-08,319,319.700012,318.200012,318.200012,318.200012,5
2002-10-09,318.200012,319.600006,318.200012,319.600006,319.600006,35
2002-10-10,319,319.299988,316.5,316.5,316.5,10
2002-10-11,316.700012,317,316.299988,316.299988,316.299988,18
2002-10-14,318,318,317.799988,317.799988,317.799988,6
2002-10-15,315.5,315.5,312.600006,312.600006,312.600006,31
2002-10-16,314.5,314.5,314,314,314,539
2002-10-17,314,314,311.5,311.600006,311.600006,17
2002-10-18,312.200012,313.200012,311.799988,312.700012,312.700012,17
2002-10-21,310.899994,313,310.899994,310.899994,310.899994,12
2002-10-22,313.299988,313.299988,312.299988,313,313,12
2002-10-23,313.299988,313.299988,312,312,312,80
2002-10-24,311.700012,311.700012,309.799988,310.700012,310.700012,10
2002-10-25,314,314,312.799988,313.399994,313.399994,26
2002-10-28,314,315.200012,314,315.200012,315.200012,0
2002-10-29,317.700012,317.700012,316,317.700012,317.700012,13
2002-10-30,316.5,316.5,316,316.5,316.5,2
2002-10-31,318,318,318,318,318,0
2002-11-01,318.799988,318.799988,318.799988,318.799988,318.799988,0
2002-11-04,318.299988,318.299988,318.299988,318.299988,318.299988,0
2002-11-05,318.200012,318.200012,318.200012,318.200012,318.200012,0
2002-11-06,317.5,317.5,317.5,317.5,317.5,0
2002-11-07,320.5,320.5,320.5,320.5,320.5,2
2002-11-08,321.5,321.5,321.299988,321.299988,321.299988,0
2002-11-11,321.200012,321.200012,321.200012,321.200012,321.200012,0
2002-11-12,324.5,324.5,324.5,324.5,324.5,4
2002-11-13,318.700012,318.700012,317.5,318.700012,318.700012,0
2002-11-14,318.799988,318.799988,317.899994,317.899994,317.899994,0
2002-11-15,320.700012,320.700012,320.700012,320.700012,320.700012,0
2002-11-18,319.200012,319.200012,319.200012,319.200012,319.200012,0
2002-11-19,318.600006,318.600006,318.600006,318.600006,318.600006,0
2002-11-20,317.399994,317.399994,317.399994,317.399994,317.399994,0
2002-11-21,317.399994,317.399994,317.399994,317.399994,317.399994,2
2002-11-22,317.399994,320.700012,317.200012,320.700012,320.700012,4
2002-11-25,316.5,317.799988,316.5,317.799988,317.799988,50896
2002-11-26,318.100006,318.899994,317.100006,317.700012,317.700012,0
2002-11-27,318,318.5,316.700012,316.799988,316.799988,3643
2002-12-02,318.100006,318.5,315.5,317.600006,317.600006,750
2002-12-03,317.399994,321.200012,317.100006,320.200012,320.200012,628
2002-12-04,319.799988,323,319.799988,322.200012,322.200012,395
2002-12-05,321.700012,324.799988,321,324.799988,324.799988,859
2002-12-06,324.299988,328,324.299988,326.299988,326.299988,134
2002-12-09,325.700012,326.600006,324.799988,325.799988,325.799988,124
2002-12-10,326,326.200012,323,323.5,323.5,274
2002-12-11,323.200012,325,323.200012,324.799988,324.799988,224
2002-12-12,333,333,326.5,331.399994,331.399994,234
2002-12-13,331,336,330.299988,333.200012,333.200012,64
2002-12-16,334,337,332.5,337,337,175
2002-12-17,337.5,342,336.5,337.399994,337.399994,27
2002-12-18,337.299988,342.5,337,342.100006,342.100006,84
2002-12-19,344.399994,349.200012,342.5,345.899994,345.899994,48
2002-12-20,346,346,340,340.5,340.5,57
2002-12-23,344.5,345.100006,342,345.100006,345.100006,227
2002-12-24,346.100006,347.700012,346,346.799988,346.799988,43
2002-12-26,346,350.399994,346,348.899994,348.899994,0
2002-12-27,348.799988,350.5,347.200012,349.200012,349.200012,95
2002-12-30,350.399994,350.399994,343.399994,343.399994,343.399994,11
2002-12-31,343.600006,347.600006,341,347.600006,347.600006,0
2003-01-02,346.100006,346.100006,346.100006,346.100006,346.100006,3
2003-01-03,345.200012,351.200012,345.200012,351.200012,351.200012,0
2003-01-06,351.700012,351.700012,351.100006,351.700012,351.700012,2
2003-01-07,349.299988,349.299988,347.299988,347.299988,347.299988,4
2003-01-08,346.799988,353.899994,346.299988,353.899994,353.899994,0
2003-01-09,353.299988,353.299988,353.299988,353.299988,353.299988,2
2003-01-10,354.200012,354.5,354.200012,354.5,354.5,1
2003-01-13,352,354.700012,352,354.700012,354.700012,0
2003-01-14,352,352,352,352,352,1
2003-01-15,350,350.700012,350,350.700012,350.700012,0
2003-01-16,357.700012,357.700012,357.700012,357.700012,357.700012,0
2003-01-17,356.600006,356.600006,356.600006,356.600006,356.600006,0
2003-01-21,357.299988,357.299988,356.200012,357.299988,357.299988,20
2003-01-22,360.5,360.5,359,359.700012,359.700012,0
2003-01-23,364.5,364.5,364.5,364.5,364.5,1
2003-01-24,368.200012,368.200012,367,368.200012,368.200012,44
2003-01-27,371,372,369.399994,369.399994,369.399994,28
2003-01-28,369,370,369,370,370,0
2003-01-29,366.299988,366.299988,366.299988,366.299988,366.299988,834
2003-01-30,366,370,362.600006,368.600006,368.600006,6537
2003-01-31,368.799988,371.5,367,368.299988,368.299988,821
2003-02-03,368,372,368,370.799988,370.799988,1358
2003-02-04,371.399994,379.5,371.200012,379,379,833
2003-02-05,379,388.899994,374,376.399994,376.399994,730
2003-02-06,370,377,368.399994,370.100006,370.100006,179
2003-02-07,370.5,374.5,367.5,369.899994,369.899994,572
2003-02-10,370.399994,372,363.700012,363.700012,363.700012,611
2003-02-11,363.200012,365.399994,361.799988,362.5,362.5,801
2003-02-12,363.799988,364.600006,352.600006,352.600006,352.600006,221
2003-02-13,352.399994,359,349,357.399994,357.399994,207
2003-02-14,354.899994,357.600006,349.899994,351.899994,351.899994,518
2003-02-18,347.799988,348,342,344.200012,344.200012,319
2003-02-19,344,350,344,349.899994,349.899994,160
2003-02-20,351.700012,355,350,353.100006,353.100006,202
2003-02-21,352.5,353.799988,351.799988,351.799988,351.799988,83
2003-02-24,353.899994,358,353,356.299988,356.299988,115
2003-02-25,357.399994,359,352,352.299988,352.299988,0
2003-02-26,353,356,351.5,354,354,3
2003-02-27,346.100006,346.100006,346.100006,346.100006,346.100006,0
2003-02-28,350.200012,350.200012,350.200012,350.200012,350.200012,16
2003-03-03,349.200012,349.200012,349.200012,349.200012,349.200012,0
2003-03-04,353.200012,353.200012,353.200012,353.200012,353.200012,0
2003-03-05,353.100006,353.100006,353.100006,353.100006,353.100006,0
2003-03-06,356.799988,356.799988,356.799988,356.799988,356.799988,0
2003-03-07,350.799988,350.799988,350.799988,350.799988,350.799988,0
2003-03-10,354.700012,354.700012,354.700012,354.700012,354.700012,0
2003-03-11,350.5,350.5,350.5,350.5,350.5,0
2003-03-12,346.5,346.5,346.5,346.5,346.5,1
2003-03-13,342.700012,342.700012,335.899994,335.899994,335.899994,1
2003-03-14,336.5,336.5,336.5,336.5,336.5,4
2003-03-17,343,343,337.100006,337.100006,337.100006,24
2003-03-18,336,340.100006,336,337.600006,337.600006,5
2003-03-19,336.100006,336.100006,336.100006,336.100006,336.100006,0
2003-03-20,332.899994,332.899994,332.899994,332.899994,332.899994,0
2003-03-21,326,326,326,326,326,0
2003-03-24,329.5,329.5,329.5,329.5,329.5,5
2003-03-25,328.399994,328.399994,328.399994,328.399994,328.399994,13
2003-03-26,330.299988,330.299988,330.299988,330.299988,330.299988,0
2003-03-27,328.700012,328.700012,328.700012,328.700012,328.700012,0
2003-03-28,331.5,331.5,328.700012,328.700012,328.700012,4021
2003-03-31,331.600006,336.399994,331.600006,335.899994,335.899994,2026
2003-04-01,336,338.399994,333.799988,334.299988,334.299988,434
2003-04-02,334.399994,335.700012,327.5,329.600006,329.600006,293
2003-04-03,329.700012,329.700012,323.200012,324.899994,324.899994,636
2003-04-04,324.700012,325.5,323,325.299988,325.299988,154
2003-04-07,321,323.5,319.299988,321.5,321.5,55
2003-04-08,322.299988,323.899994,321.5,322.200012,322.200012,860
2003-04-09,323,327,322,325.600006,325.600006,163
2003-04-10,327,327.299988,324.399994,326.700012,326.700012,45
2003-04-11,326.5,327.899994,323.399994,327.899994,327.899994,139
2003-04-14,325.600006,326,324.200012,324.200012,324.200012,25
2003-04-15,324.5,325.899994,322.5,324.899994,324.899994,149
2003-04-16,325.5,325.799988,323.5,325.799988,325.799988,0
2003-04-17,326,328.299988,326,327.200012,327.200012,16
2003-04-21,329.700012,333.5,329.5,333.5,333.5,0
2003-04-22,333.5,336.5,333.200012,334.399994,334.399994,22
2003-04-23,334.299988,334.700012,331.5,331.5,331.5,77
2003-04-24,332.600006,335.200012,331.799988,334.799988,334.799988,21
2003-04-25,333.399994,334.5,333.299988,333.399994,333.399994,0
2003-04-28,335,335,334.5,334.5,334.5,1
2003-04-29,333,333,333,333.700012,333.700012,1
2003-04-30,337,337,337,339.100006,339.100006,6
2003-05-01,339,339,339,342.100006,342.100006,1
2003-05-02,342.100006,342.200012,342.200012,341,341,1
2003-05-05,342.299988,342.299988,342.299988,342.299988,342.299988,1
2003-05-06,342.5,342.5,342.5,342.5,342.5,5
2003-05-07,342.100006,342.100006,342.100006,341.899994,341.899994,5
2003-05-08,344.600006,344.600006,344.600006,348.399994,348.399994,6
2003-05-09,348.299988,348.200012,348.200012,348.600006,348.600006,1
2003-05-12,351.600006,351.600006,351.600006,351.600006,351.600006,1
2003-05-13,350,350,350,350,350,1
2003-05-14,350.100006,350.100006,350.100006,352.299988,352.299988,1
2003-05-15,352.600006,352.600006,352.600006,352.600006,352.600006,1
2003-05-16,352.600006,352.700012,352.700012,354.700012,354.700012,1
2003-05-19,364.200012,364.200012,364.200012,364.200012,364.200012,1
2003-05-20,366.299988,366.299988,366.299988,366.299988,366.299988,1
2003-05-21,366.399994,366.399994,366.399994,372,372,1
2003-05-22,368.100006,368.100006,368.100006,368.100006,368.100006,1
2003-05-23,368.799988,368.799988,368.799988,368.799988,368.799988,1
2003-05-27,367.799988,367.799988,367.799988,367.799988,367.799988,68840
2003-05-28,367,367.299988,358.600006,365.200012,365.200012,57228
2003-05-29,365.100006,370,360.200012,369.600006,369.600006,33180
2003-05-30,368.600006,369.600006,360.5,364.5,364.5,4747
2003-06-02,360,367,360,366,366,1955
2003-06-03,365,366.899994,363,365.200012,365.200012,987
2003-06-04,366.100006,366.100006,361.5,362.600006,362.600006,452
2003-06-05,361.799988,370,360.899994,368.600006,368.600006,1831
2003-06-06,368.100006,368.100006,362,363.700012,363.700012,942
2003-06-09,362.799988,366.100006,361.200012,361.799988,361.799988,453
2003-06-10,359.5,362.299988,351.5,352.200012,352.200012,1371
2003-06-11,352.200012,356.100006,352.200012,355.5,355.5,558
2003-06-12,354.5,355.600006,351,353.299988,353.299988,114
2003-06-13,353.700012,357,352.299988,356.600006,356.600006,82
2003-06-16,359.100006,359.299988,356.5,359,359,560
2003-06-17,359.899994,365,359.899994,363.200012,363.200012,146
2003-06-18,360.700012,361,356.799988,357.200012,357.200012,67
2003-06-19,356,363,356,361.299988,361.299988,29
2003-06-20,362.299988,362.299988,356,356.299988,356.299988,93
2003-06-23,355.899994,357.299988,351.5,353,353,178
2003-06-24,354,354,346.299988,346.299988,346.299988,83
2003-06-25,348.100006,349.899994,347.700012,349.299988,349.299988,514
2003-06-26,346.5,345.5,343.399994,343.899994,343.899994,1
2003-06-27,345.200012,345.200012,345.200012,345.200012,345.200012,3
2003-06-30,345.299988,345.299988,345.299988,346,346,3
2003-07-01,351.399994,351.399994,351.399994,351.399994,351.399994,3
2003-07-02,351.399994,351.399994,351.399994,351.299988,351.299988,3
2003-07-03,351,351,351,351,351,3
2003-07-07,351,351,351,348.100006,348.100006,3
2003-07-08,344.100006,344.100006,344.100006,344.100006,344.100006,3
2003-07-09,343.600006,343.600006,343.600006,343.600006,343.600006,3
2003-07-10,343.600006,343.600006,343.600006,344.299988,344.299988,3
2003-07-11,344,344,344,344.799988,344.799988,1
2003-07-14,344.5,346.899994,346.899994,347.700012,347.700012,120
2003-07-15,347.700012,347.700012,347.700012,342.100006,342.100006,120
2003-07-16,342.100006,342.100006,342.100006,343.100006,343.100006,100
2003-07-17,343.100006,343.100006,343.100006,344.200012,344.200012,100
2003-07-18,343.5,344.299988,344.299988,347.200012,347.200012,100
2003-07-21,350.899994,350.899994,350.899994,350.899994,350.899994,100
2003-07-22,350.899994,350.899994,350.899994,350.600006,350.600006,100
2003-07-23,350.600006,350.600006,350.600006,358.600006,358.600006,100
2003-07-24,358.600006,358.700012,358.700012,362.200012,362.200012,100
2003-07-25,362.700012,362.700012,362.700012,362.700012,362.700012,100
2003-07-28,362.700012,362.700012,362.700012,364.799988,364.799988,100
2003-07-29,364.700012,364.799988,364.799988,361.700012,361.700012,48032
2003-07-30,361.100006,362,354.5,356.200012,356.200012,34582
2003-07-31,354.700012,357.5,353,354,354,2554
2003-08-01,354.100006,355.100006,346,346.100006,346.100006,2275
2003-08-04,346.5,350.799988,346.299988,349.200012,349.200012,1783
2003-08-05,349.100006,349.799988,348.200012,349.600006,349.600006,102
2003-08-06,352,352.200012,349,350.799988,350.799988,384
2003-08-07,351,353.399994,350.100006,352.5,352.5,407
2003-08-08,354,357.5,352,356.299988,356.299988,151
2003-08-11,359.600006,361,358.700012,361.700012,361.700012,45
2003-08-12,359.600006,359.600006,358.100006,358.5,358.5,25
2003-08-13,357.200012,363.799988,357.200012,362.100006,362.100006,15
2003-08-14,363.799988,366,363,366,366,15
2003-08-15,366,366,363.5,363.200012,363.200012,25
2003-08-18,360,360,358,358.399994,358.399994,21
2003-08-19,357,361.299988,357,361.600006,361.600006,91
2003-08-20,361.100006,367,361.100006,365.600006,365.600006,86
2003-08-21,364.600006,364.600006,362.700012,360.600006,360.600006,49
2003-08-22,362,363.5,362,363.100006,363.100006,37
2003-08-25,364,364,361,361.299988,361.299988,26
2003-08-26,361.5,366.5,361,365.799988,365.799988,187
2003-08-27,365.899994,375,370.5,373.5,373.5,6
2003-08-28,369,369,369,370.5,370.5,7
2003-08-29,375,375,375,375.700012,375.700012,6
2003-09-02,375,375,375,373.200012,373.200012,8
2003-09-03,373.899994,373.899994,373.899994,373.899994,373.899994,8
2003-09-04,372.899994,372.899994,372.899994,372.899994,372.899994,8
2003-09-05,377.600006,377.600006,377.600006,377.600006,377.600006,8
2003-09-08,375.100006,375.100006,375.100006,375.100006,375.100006,8
2003-09-09,381.700012,381.700012,381.700012,381.700012,381.700012,8
2003-09-10,380,380,380,380,380,8
2003-09-11,378,378,378,379.700012,379.700012,1
2003-09-12,375.799988,375.799988,375.799988,375.799988,375.799988,1
2003-09-15,375.399994,375.399994,375.399994,374.5,374.5,1
2003-09-16,373.5,373.5,373.5,373.5,373.5,1
2003-09-17,376.200012,376.200012,376.200012,376.200012,376.200012,1
2003-09-18,376.600006,376.600006,376.600006,376.600006,376.600006,1
2003-09-19,381.799988,381.799988,381.799988,381.799988,381.799988,1
2003-09-22,387.200012,387.200012,387.200012,387.200012,387.200012,1
2003-09-23,385.899994,385.899994,385.899994,385.899994,385.899994,1
2003-09-24,387.5,387.5,387.5,387.5,387.5,1
2003-09-25,385,385,385,385,385,1
2003-09-26,380.799988,380.799988,380.799988,380.799988,380.799988,7322
2003-09-29,381,385,380.100006,382.399994,382.399994,5080
2003-09-30,382.299988,388.700012,382.299988,385.399994,385.399994,3738
2003-10-01,385.5,386.299988,383,384.299988,384.299988,83
2003-10-02,385.100006,385.100006,380.5,383.100006,383.100006,146
2003-10-03,383,384.5,368,369.399994,369.399994,708
2003-10-06,371.5,373.299988,370.700012,372.700012,372.700012,93
2003-10-07,374.600006,376.799988,374.600006,377.200012,377.200012,89
2003-10-08,376.700012,377.799988,376,375.399994,375.399994,89
2003-10-09,373.5,373.5,369,369.200012,369.200012,1556
2003-10-10,370.799988,370.799988,370.799988,373.600006,373.600006,96
2003-10-13,371.299988,371.299988,370,375.200012,375.200012,13
2003-10-14,373.5,375.799988,373.5,375.700012,375.700012,35
2003-10-15,374,374,374,372.600006,372.600006,2
2003-10-16,372.700012,372.700012,372.700012,372.700012,372.700012,18
2003-10-17,369.5,369.5,369.5,371.799988,371.799988,2
2003-10-20,373.5,374.5,373,374,374,9
2003-10-21,378.700012,382,377.600006,381.700012,381.700012,98
2003-10-22,376.5,386.600006,385,386.5,386.5,178
2003-10-23,386,387.799988,384.600006,384.700012,384.700012,28
2003-10-24,384.700012,394,384.100006,388.899994,388.899994,62
2003-10-27,387.799988,389,387,387.899994,387.899994,54
2003-10-28,385,385.5,383,383.200012,383.200012,229
2003-10-29,383,387,380.799988,386.799988,386.799988,2
2003-10-30,387.100006,387.100006,387.100006,384.299988,384.299988,2
2003-10-31,384.5,384.5,384.5,384.5,384.5,2
2003-11-03,382.799988,383,382.799988,377,377,3
2003-11-04,377,377,377,379.899994,379.899994,3
2003-11-05,382.600006,382.600006,382.600006,382.600006,382.600006,3
2003-11-06,380.600006,380.600006,380.600006,380.600006,380.600006,3
2003-11-07,383.299988,383.299988,383.299988,383.299988,383.299988,3
2003-11-10,386.600006,386.600006,386.600006,386.600006,386.600006,3
2003-11-11,388.700012,388.700012,388.700012,388.100006,388.100006,3
2003-11-12,391.700012,396.5,396,394.899994,394.899994,1
2003-11-13,396,396,396,394.100006,394.100006,101
2003-11-14,397.799988,397.799988,397.799988,397.799988,397.799988,101
2003-11-17,397.600006,398,398,391.5,391.5,101
2003-11-18,397.600006,397.600006,397.600006,397.600006,397.600006,101
2003-11-19,397.700012,397.700012,397.700012,394.899994,394.899994,101
2003-11-20,393.700012,393.700012,393.700012,393.700012,393.700012,101
2003-11-21,394,395.799988,394,396,396,2
2003-11-24,391.5,391.5,391.5,391.5,391.5,77377
2003-11-25,391.5,393.200012,389.5,391.100006,391.100006,74334
2003-11-26,390.700012,402,390.600006,396.799988,396.799988,12662
2003-12-01,397.200012,402.899994,397,402.700012,402.700012,1664
2003-12-02,402,406,399.5,403.700012,403.700012,1519
2003-12-03,403.200012,404,401.5,403.899994,403.899994,2672
2003-12-04,403.899994,405,400,403.299988,403.299988,304
2003-12-05,402.5,406.799988,400,406.399994,406.399994,655
2003-12-08,409,409.5,405.299988,406.600006,406.600006,221
2003-12-09,407,409.100006,406.5,408.200012,408.200012,1224
2003-12-10,406.899994,412,405.799988,406.200012,406.200012,842
2003-12-11,405.799988,407,402.700012,404.600006,404.600006,101
2003-12-12,406.100006,409.899994,406.100006,409.399994,409.399994,171
2003-12-15,401.600006,411,401.600006,409.200012,409.200012,86
2003-12-16,410,410,407,407.700012,407.700012,39
2003-12-17,409.100006,410.799988,407.700012,412,412,185
2003-12-18,413.200012,413.200012,408,410.399994,410.399994,85
2003-12-19,410.799988,411.200012,408.100006,409.200012,409.200012,94
2003-12-22,409.600006,411.5,409.600006,410.600006,410.600006,52
2003-12-23,410.399994,411.5,409.799988,411,411,185
2003-12-24,411.5,413.200012,410.5,412.299988,412.299988,165
2003-12-29,414.100006,415.799988,413,414.799988,414.799988,1
2003-12-30,416.899994,416.899994,416.899994,416.899994,416.899994,1
2003-12-31,416.899994,417.200012,417.200012,415.700012,415.700012,1
2004-01-05,415.700012,422.5,422.5,424.399994,424.399994,20
2004-01-06,424.399994,424.299988,424.299988,422.799988,422.799988,20
2004-01-07,423,423,423,421.899994,421.899994,20
2004-01-08,421.899994,422,422,424,424,20
2004-01-09,424,423.899994,423.899994,426.399994,426.399994,20
2004-01-12,425.799988,428.200012,425.799988,426.299988,426.299988,3
2004-01-13,425.399994,425.899994,423,423.700012,423.700012,12
2004-01-14,421.700012,421.700012,421.700012,421.700012,421.700012,12
2004-01-15,421.799988,422,422,408.399994,408.399994,12
2004-01-16,408.299988,408.299988,408.299988,406.700012,406.700012,12
2004-01-20,406.700012,406.700012,406.700012,412.700012,412.700012,12
2004-01-21,412.600006,412.600006,412.600006,411.100006,411.100006,2
2004-01-22,411.299988,411.299988,411.299988,410,410,2
2004-01-23,407.899994,407.899994,407.899994,407.899994,407.899994,2
2004-01-26,406.600006,406.600006,406.600006,406.600006,406.600006,2
2004-01-27,410,410,410,410,410,2
2004-01-28,414.5,414.5,414.5,414.5,414.5,76523
2004-01-29,412,412,396.5,398.5,398.5,42434
2004-01-30,398,402.600006,398,402.200012,402.200012,13533
2004-02-02,403,403.299988,394,398.700012,398.700012,2646
2004-02-03,398.5,403,398.5,399.200012,399.200012,490
2004-02-04,399.799988,401.299988,398.5,401,401,977
2004-02-05,399.399994,400.299988,397.5,398.100006,398.100006,131
2004-02-06,397,407,397,403.600006,403.600006,313
2004-02-09,403.799988,407.5,403.799988,406.799988,406.799988,101
2004-02-10,407.299988,410.5,407.299988,406.399994,406.399994,71
2004-02-11,407.799988,412,406,410.200012,410.200012,134
2004-02-12,411.899994,413.5,410,413.700012,413.700012,146
2004-02-13,412.700012,416,408,410.299988,410.299988,146
2004-02-17,414,415.399994,413.399994,416,416,146
2004-02-18,414.799988,415.299988,412,412.299988,412.299988,146
2004-02-19,411,411.299988,409,409.799988,409.799988,63
2004-02-20,409,409,395,397.5,397.5,109
2004-02-23,399,400.200012,399,399,399,162
2004-02-24,401.600006,403.200012,399,404.5,404.5,77
2004-02-25,404.799988,404.799988,395,395.799988,395.799988,31
2004-02-26,395.100006,395.100006,395.100006,395.799988,395.799988,40
2004-02-27,395.100006,395,395,396.399994,396.399994,2
2004-03-01,396.399994,396.399994,396.399994,399.299988,399.299988,2
2004-03-02,397.5,398.799988,393.5,393.5,393.5,104
2004-03-03,391.100006,391.299988,391.100006,392.399994,392.399994,4
2004-03-04,394.799988,394.799988,393,392.899994,392.899994,86
2004-03-05,401,401,401,401.299988,401.299988,1
2004-03-08,399.5,399.5,399,400.600006,400.600006,11
2004-03-09,401.700012,402.399994,401.200012,404.200012,404.200012,5
2004-03-10,400,400,400,400,400,1
2004-03-11,399.200012,399.100006,399.100006,400.700012,400.700012,5
2004-03-12,395.299988,395.299988,395.299988,395.299988,395.299988,5
2004-03-15,399.399994,399.399994,399.399994,399.399994,399.399994,5
2004-03-16,402,402,402,402.399994,402.399994,8
2004-03-17,402.5,404,404,406.899994,406.899994,8
2004-03-18,411.100006,411.100006,411.100006,411.100006,411.100006,8
2004-03-19,412,412,412,412.5,412.5,16
2004-03-22,417.399994,417.399994,417.399994,417.399994,417.399994,2
2004-03-23,417.399994,417.399994,417.399994,419.799988,419.799988,2
2004-03-24,417.200012,417.200012,417.200012,417.200012,417.200012,2
2004-03-25,416,417,416,416.700012,416.700012,8
2004-03-26,422,422,422,422.100006,422.100006,8
2004-03-29,422.100006,422.100006,422.100006,417.100006,417.100006,64296
2004-03-30,416.5,424.399994,416.5,421.700012,421.700012,36663
2004-03-31,421,428,420.600006,427.299988,427.299988,4496
2004-04-01,427.200012,432,424.5,427.799988,427.799988,1561
2004-04-02,426.600006,429,417.5,421.600006,421.600006,1455
2004-04-05,421.600006,421.600006,414,415.399994,415.399994,572
2004-04-06,415.600006,419.799988,415.600006,418.899994,418.899994,202
2004-04-07,418.899994,423.600006,417.799988,422.799988,422.799988,381
2004-04-08,423.299988,423.299988,419,419.899994,419.899994,790
2004-04-12,421.100006,422.100006,418,420.100006,420.100006,39
2004-04-13,417.799988,417.799988,406,407,407,496
2004-04-14,407.299988,407.899994,399,399.799988,399.799988,161
2004-04-15,401,401,396.5,397.700012,397.700012,333
2004-04-16,399.600006,402.200012,398.5,401,401,177
2004-04-19,404.600006,404.600006,400.200012,400.600006,400.600006,76
2004-04-20,400.299988,400.299988,396.799988,397.700012,397.700012,49
2004-04-21,393.399994,395,390,390.799988,390.799988,63
2004-04-22,390.5,393.5,390.5,393.299988,393.299988,50
2004-04-23,393,396.799988,393,395.100006,395.100006,41
2004-04-26,396.5,396.700012,396.299988,396,396,45
2004-04-27,397.700012,399,395.799988,398.600006,398.600006,61
2004-04-28,395.5,396,384.100006,385.399994,385.399994,19
2004-04-29,380,386,380,386.600006,386.600006,6
2004-04-30,389,389,389,387,387,2
2004-05-03,387,387,387,387,387,4
2004-05-04,392,392,392,391.399994,391.399994,2
2004-05-05,391.399994,391.399994,391.399994,393.399994,393.399994,0
2004-05-06,387.200012,387.200012,387.200012,388,388,1
2004-05-07,388.100006,377,377,378.700012,378.700012,3
2004-05-10,378.600006,378.600006,378.600006,378.299988,378.299988,0
2004-05-11,376.899994,376.899994,376.899994,376.899994,376.899994,0
2004-05-12,377.399994,377.399994,377.399994,377.399994,377.399994,0
2004-05-13,377.399994,377.399994,377.399994,374.799988,374.799988,20
2004-05-14,377,377,377,377,377,5
2004-05-17,379.5,379.5,379.5,379.5,379.5,0
2004-05-18,375.799988,375.799988,375.799988,375.799988,375.799988,0
2004-05-19,382.899994,382.899994,382.899994,382.899994,382.899994,0
2004-05-20,382.799988,382.799988,382.799988,378.399994,378.399994,0
2004-05-21,384.799988,384.799988,384.799988,384.799988,384.799988,0
2004-05-24,385.600006,385.600006,385.600006,385.600006,385.600006,0
2004-05-25,388.299988,388.299988,388.299988,388.299988,388.299988,0
2004-05-26,388.299988,388.299988,388.299988,388.299988,388.299988,81917
2004-05-27,388.200012,395.899994,388.100006,394.899994,394.899994,53047
2004-05-28,395.299988,396.299988,392.600006,394,394,9836
2004-06-01,393.899994,399,393.299988,394.600006,394.600006,1864
2004-06-02,394.5,397.5,390,390.700012,390.700012,937
2004-06-03,390.700012,393,387.399994,388.100006,388.100006,601
2004-06-04,388.399994,391.5,385.5,390.899994,390.899994,234
2004-06-07,392.600006,394,392,393.799988,393.799988,130
2004-06-08,393.799988,395,390.299988,391,391,611
2004-06-09,391.600006,391.600006,383,384.5,384.5,543
2004-06-10,385.299988,385.5,384.5,385.899994,385.899994,71
2004-06-14,383.600006,385.299988,383,383.600006,383.600006,209
2004-06-15,383.100006,388.5,383,388.100006,388.100006,51
2004-06-16,386.5,386.5,383.5,384.600006,384.600006,102
2004-06-17,385.299988,385.299988,385.299988,388.899994,388.899994,17
2004-06-18,392,396.399994,393,395.100006,395.100006,108
2004-06-21,394.600006,394.600006,393.200012,394,394,133
2004-06-22,394,396.5,394,395,395,56
2004-06-23,395.5,397.200012,394.5,395,395,50
2004-06-24,394.600006,403.700012,394.600006,403.100006,403.100006,148
2004-06-25,402.299988,403.600006,401.299988,402.899994,402.899994,189
2004-06-28,403,405,401.299988,401,401,2
2004-06-29,400.200012,400.200012,398,392.5,392.5,5
2004-06-30,395.399994,395.399994,394.299988,392.600006,392.600006,146
2004-07-01,396,396,396,396,396,146
2004-07-02,396,397.200012,397.200012,398.299988,398.299988,20
2004-07-06,398.299988,393,393,392.600006,392.600006,20
2004-07-07,397.799988,397.799988,397.799988,402.299988,402.299988,6
2004-07-08,407.799988,407.799988,407.799988,407.799988,407.799988,6
2004-07-09,407.700012,407.899994,407.899994,407.5,407.5,15
2004-07-12,407.5,407.5,407.5,408.100006,408.100006,15
2004-07-13,408.100006,408.100006,408.100006,402,402,15
2004-07-14,402,402,402,405.399994,405.399994,15
2004-07-15,404.200012,404.200012,404.200012,404.200012,404.200012,15
2004-07-16,404.200012,404.100006,404.100006,406.600006,406.600006,15
2004-07-19,406.600006,406.600006,406.600006,405.600006,405.600006,15
2004-07-20,405.600006,405.600006,405.600006,401.899994,401.899994,15
2004-07-21,401.799988,401.899994,401.899994,397.100006,397.100006,15
2004-07-22,395.200012,395.200012,395.200012,395.200012,395.200012,15
2004-07-23,395.200012,391,391,390.5,390.5,4
2004-07-26,389.899994,389.899994,389.899994,390.299988,390.299988,1
2004-07-27,390.299988,390.200012,390.200012,387,387,0
2004-07-28,387,387,387,389,389,69175
2004-07-29,389,391,385,387,387,42070
2004-07-30,388.200012,392,387,391,391,4977
2004-08-02,394,394.5,391,391.700012,391.700012,1102
2004-08-03,392,394.799988,388.799988,394,394,2692
2004-08-04,393.600006,393.600006,390.5,392.200012,392.200012,149
2004-08-05,393,393.5,391,392.299988,392.299988,108
2004-08-06,392.5,401.5,391,399.799988,399.799988,132
2004-08-09,399.100006,400.700012,398.5,400.700012,400.700012,318
2004-08-10,399.299988,401.299988,398.5,400,400,92
2004-08-11,399.5,399.5,393.299988,395.5,395.5,185
2004-08-12,395.700012,396,393.5,394.299988,394.299988,69
2004-08-13,394.299988,399.5,393.5,398.899994,398.899994,64
2004-08-16,399,403,399,402.899994,402.899994,288
2004-08-17,402.5,404,400.299988,404.399994,404.399994,208
2004-08-18,403,404.5,402.700012,404.299988,404.299988,61
2004-08-19,404.299988,407.899994,404.299988,407.100006,407.100006,128
2004-08-20,407,412.799988,407,413.200012,413.200012,254
2004-08-23,411.299988,411.799988,409.700012,410.5,410.5,18
2004-08-24,410.5,407,404,403,403,33
2004-08-25,405.299988,407,405.200012,407.899994,407.899994,164
2004-08-26,409,409,406.200012,407.399994,407.399994,28
2004-08-27,407.399994,408,403,403.299988,403.299988,19
2004-08-30,407,407.899994,404.700012,407.799988,407.799988,114
2004-08-31,410.399994,410.399994,410.399994,410.399994,410.399994,114
2004-09-01,407.299988,407.299988,407.299988,408.799988,408.799988,0
2004-09-02,407.5,406.399994,406.399994,406,406,34
2004-09-03,400.5,400.5,400.5,400.5,400.5,34
2004-09-07,398,398,398,397.399994,397.399994,60
2004-09-08,396.799988,396.799988,396.799988,399.399994,399.399994,20
2004-09-09,398.899994,398.899994,398.899994,398.5,398.5,20
2004-09-10,401,402,401,401.899994,401.899994,120
2004-09-13,404.100006,404.100006,404.100006,404.100006,404.100006,120
2004-09-14,405.100006,405.100006,405.100006,405.700012,405.700012,43
2004-09-15,407,404,404,405,405,24
2004-09-16,404.700012,404.700012,404.700012,404.700012,404.700012,24
2004-09-17,405.799988,405.799988,405.799988,405.799988,405.799988,24
2004-09-20,403.600006,403.600006,403.600006,405.299988,405.299988,44
2004-09-21,408.299988,408.299988,408.299988,408.299988,408.299988,44
2004-09-22,407.200012,407.200012,407.200012,407.200012,407.200012,44
2004-09-23,410.899994,410.899994,410.899994,410.899994,410.899994,44
2004-09-24,408.100006,408.100006,408.100006,408.100006,408.100006,44
2004-09-27,409.100006,409.100006,409.100006,409.100006,409.100006,44
2004-09-28,410.799988,410.799988,410.799988,412.5,412.5,9143
2004-09-29,412,414,411.600006,413,413,5052
2004-09-30,412.899994,418.799988,412.700012,418.700012,418.700012,1162
2004-10-01,419.100006,419.100006,417,419.5,419.5,167
2004-10-04,419,415,411.5,414,414,327
2004-10-05,415.299988,419.299988,415,418.200012,418.200012,164
2004-10-06,417.5,419,417,418.399994,418.399994,186
2004-10-07,418,419,417.5,418,418,93
2004-10-08,418.700012,425,418,423.100006,423.100006,75
2004-10-11,422.200012,422.200012,421,422,422,20
2004-10-12,419.100006,419.100006,413.5,415.100006,415.100006,299
2004-10-13,411,411.799988,410.299988,413.200012,413.200012,74
2004-10-14,416,418.799988,415.200012,418.100006,418.100006,101
2004-10-15,418.299988,419.700012,417.799988,418.700012,418.700012,51
2004-10-18,419,419,417.100006,416.200012,416.200012,6
2004-10-19,420.700012,420.700012,420.700012,420.299988,420.299988,3
2004-10-20,420.299988,425.100006,420.299988,423.5,423.5,7
2004-10-21,423.5,423.5,422,424.399994,424.399994,9
2004-10-22,424.600006,424.600006,424.600006,424.600006,424.600006,193
2004-10-25,429,430,428.5,429,429,128
2004-10-26,429.100006,429.100006,425.399994,426.799988,426.799988,55
2004-10-27,429.5,429.700012,423.5,424.799988,424.799988,50
2004-10-28,425.100006,425.100006,425.100006,425.100006,425.100006,319
2004-10-29,428.5,428.5,428.5,428.5,428.5,319
2004-11-01,427.299988,427.299988,427.299988,427.299988,427.299988,319
2004-11-02,427.200012,427.200012,427.200012,420,420,319
2004-11-03,424.600006,424.600006,424.600006,424.600006,424.600006,319
2004-11-04,430.100006,430.100006,430.100006,430.100006,430.100006,319
2004-11-05,433.600006,433.600006,433.600006,433.600006,433.600006,319
2004-11-08,432.700012,432.700012,432.700012,432.700012,432.700012,319
2004-11-09,434,434,434,435.700012,435.700012,2
2004-11-10,434.5,434.5,434.5,434,434,2
2004-11-11,434.899994,434.899994,434.899994,434.899994,434.899994,2
2004-11-12,437.899994,437.899994,437.899994,437.899994,437.899994,0
2004-11-15,437,437,437,437,437,0
2004-11-16,440.200012,440.200012,440.200012,440.200012,440.200012,0
2004-11-17,444.799988,444.799988,444.799988,444.799988,444.799988,0
2004-11-18,442.600006,442.600006,442.600006,442.600006,442.600006,1
2004-11-19,446.799988,446.799988,446.799988,446.799988,446.799988,0
2004-11-22,446.899994,446.899994,446.899994,448.799988,448.799988,0
2004-11-23,447.799988,447.799988,447.799988,447.799988,447.799988,0
2004-11-24,449.299988,449.299988,449.299988,449.299988,449.299988,110725
2004-11-29,450.799988,454.799988,449.299988,453.700012,453.700012,56709
2004-11-30,453.799988,454.100006,448.299988,451.299988,451.299988,14253
2004-12-01,451.600006,456,450.5,454,454,2682
2004-12-02,454,456.5,447,450.399994,450.399994,1419
2004-12-03,450.399994,455.5,448.5,456,456,1231
2004-12-06,454.399994,456.100006,451.5,454.200012,454.200012,674
2004-12-07,453,455.5,451.5,452,452,550
2004-12-08,449,450,434,437.200012,437.200012,2065
2004-12-09,437.5,440.600006,432.600006,435.799988,435.799988,1347
2004-12-10,436.5,437.100006,432.600006,433.899994,433.899994,209
2004-12-13,437,439.5,436,438.899994,438.899994,628
2004-12-14,438.899994,438.899994,435.399994,435.899994,435.899994,199
2004-12-15,435.700012,442,435.700012,440.799988,440.799988,356
2004-12-16,440.799988,442.600006,437,436.899994,436.899994,232
2004-12-17,436.799988,440,436.799988,441.600006,441.600006,94
2004-12-20,442.5,444,442,442.399994,442.399994,461
2004-12-21,443,443.200012,441.100006,441.799988,441.799988,57
2004-12-22,442.100006,442.700012,439,440.299988,440.299988,70
2004-12-23,441.299988,442.600006,441,441.899994,441.899994,98
2004-12-27,444,445.899994,443,445.200012,445.200012,348
2004-12-28,445.5,445.5,443,444.299988,444.299988,2
2004-12-29,440.5,440.5,440.5,436,436,3
2004-12-30,437.700012,439,438.899994,437.5,437.5,3
2005-01-03,431,431,431,428.700012,428.700012,4
2005-01-04,428.5,428.5,428.5,428.5,428.5,108
2005-01-05,425.700012,425.700012,425.700012,426.600006,426.600006,2
2005-01-06,421,421,421,421,421,1
2005-01-07,423.700012,423.700012,418.700012,418.899994,418.899994,1
2005-01-10,419.100006,419.100006,419.100006,419.100006,419.100006,1
2005-01-11,421.899994,421.899994,421.899994,421.899994,421.899994,1
2005-01-12,423.799988,423.799988,423.799988,426.100006,426.100006,1
2005-01-13,424.700012,424.700012,424.700012,424.5,424.5,1
2005-01-14,422,423.200012,422,422.700012,422.700012,20
2005-01-18,423.200012,423.200012,423.200012,423.200012,423.200012,20
2005-01-19,426.5,426.5,426.5,423,423,20
2005-01-20,421.799988,421.799988,421.799988,422.399994,422.399994,20
2005-01-21,425.899994,425.899994,425.899994,426.700012,426.700012,20
2005-01-24,426.899994,426.899994,426.899994,426.899994,426.899994,20
2005-01-25,422,422,422,422,422,20
2005-01-26,426.899994,426.899994,426.899994,426.899994,426.899994,20
2005-01-27,426.299988,426.299988,426.299988,426.299988,426.299988,66923
2005-01-28,426.100006,427.5,424,425.799988,425.799988,41282
2005-01-31,426,426.5,419.299988,421.799988,421.799988,6857
2005-02-01,422.200012,422.299988,419.200012,420.799988,420.799988,1461
2005-02-02,420.899994,422.299988,419.799988,421.100006,421.100006,426
2005-02-03,421.299988,421.299988,414.700012,416.600006,416.600006,574
2005-02-04,416.399994,417.799988,413.700012,414,414,320
2005-02-07,414.100006,416,412.5,413.600006,413.600006,534
2005-02-08,413.600006,413.600006,410.100006,412.600006,412.600006,1432
2005-02-09,412.200012,413.799988,410.299988,412.899994,412.899994,1300
2005-02-10,412,418.5,412.5,417.200012,417.200012,397
2005-02-11,416.799988,422,417.600006,420.5,420.5,801
2005-02-14,420,425.600006,422.299988,425.799988,425.799988,55
2005-02-15,425.899994,426.200012,424,425.899994,425.899994,113
2005-02-16,426,425,422.799988,425.5,425.5,146
2005-02-17,425.5,428,425.299988,427.299988,427.299988,712
2005-02-18,426.700012,427.100006,426.700012,427.100006,427.100006,14
2005-02-22,426.5,435,426.5,434.5,434.5,53
2005-02-23,434,435.5,433.200012,434.899994,434.899994,107
2005-02-24,436,436,432.5,434.5,434.5,6
2005-02-25,434.5,436,436,434.899994,434.899994,1
2005-02-28,435.5,435.5,435.5,436.5,436.5,16
2005-03-01,435,433,433,432.899994,432.899994,1
2005-03-02,433.399994,433.399994,433.399994,432.799988,432.799988,1
2005-03-03,429.899994,429.899994,429.899994,429.899994,429.899994,1
2005-03-04,434.200012,434.200012,434.200012,434.200012,434.200012,0
2005-03-07,435,435,435,435,435,0
2005-03-08,440.299988,440.299988,440.299988,440.299988,440.299988,0
2005-03-09,442.100006,442.100006,442.100006,442.100006,442.100006,0
2005-03-10,442.799988,442.799988,442.799988,442.799988,442.799988,1
2005-03-11,446.399994,446.399994,446.399994,446.200012,446.200012,0
2005-03-14,441.100006,441.100006,441.100006,441.100006,441.100006,0
2005-03-15,440.899994,440.899994,440.899994,440.899994,440.899994,0
2005-03-16,443.700012,443.700012,443.700012,443.700012,443.700012,0
2005-03-17,438.700012,438.700012,438.700012,438.700012,438.700012,0
2005-03-18,439.299988,439.299988,439.299988,439.299988,439.299988,0
2005-03-21,431.100006,431.100006,431.100006,431.100006,431.100006,100
2005-03-22,431.299988,431.299988,431.299988,431.299988,431.299988,16
2005-03-23,425.200012,425.200012,425.200012,425.200012,425.200012,0
2005-03-24,424.700012,424.700012,424.700012,424.700012,424.700012,0
2005-03-28,425.899994,425.899994,425.899994,425.899994,425.899994,0
2005-03-29,426,426,426,426,426,0
2005-03-31,428.700012,428.700012,428.700012,428.700012,428.700012,3051
2005-04-01,428.299988,428.5,424.5,425.899994,425.899994,552
2005-04-04,426,426.299988,422.700012,423.899994,423.899994,486
2005-04-05,423.799988,425.5,423.600006,424.5,424.5,313
2005-04-06,424.899994,427.700012,424.100006,427.100006,427.100006,62
2005-04-07,426.5,428.5,426.5,426.5,426.5,181
2005-04-08,425.200012,427.299988,424.799988,426.899994,426.899994,49
2005-04-11,426,429.799988,426,428.600006,428.600006,26
2005-04-12,428.100006,430.200012,426.5,427.600006,427.600006,148
2005-04-13,428,430,427.5,429.299988,429.299988,27
2005-04-14,429.5,429.5,423.5,424,424,116
2005-04-15,423.200012,425.600006,423.200012,424.899994,424.899994,73
2005-04-18,423.600006,427.5,423.600006,427.5,427.5,29
2005-04-19,426.799988,433,426.799988,432.899994,432.899994,128
2005-04-20,433.600006,435.799988,432.399994,435.299988,435.299988,42
2005-04-21,434.100006,435,432.299988,433,433,52
2005-04-22,433.5,435.799988,433.5,434.299988,434.299988,88
2005-04-25,432.700012,434.399994,432.700012,434.600006,434.600006,19
2005-04-26,438,438.200012,435.899994,437.899994,437.899994,169
2005-04-27,436.399994,437,433.600006,433,433,19
2005-04-29,435,435,435,435,435,0
2005-05-02,429.5,429.5,429.5,429.5,429.5,0
2005-05-03,426.700012,426.700012,426.700012,426.700012,426.700012,0
2005-05-04,429,429,429,429,429,17
2005-05-05,429.799988,429.799988,429.799988,429.799988,429.799988,0
2005-05-06,429.799988,429.799988,429.799988,426.100006,426.100006,0
2005-05-09,426.200012,426.200012,426.200012,426.200012,426.200012,0
2005-05-10,426.200012,426.200012,426.200012,427.200012,427.200012,0
2005-05-11,427.200012,427.200012,427.200012,427.200012,427.200012,0
2005-05-12,421.600006,421.600006,421.600006,421.600006,421.600006,0
2005-05-13,420.200012,420.200012,420.200012,420.200012,420.200012,0
2005-05-16,418.899994,418.899994,418.899994,418.899994,418.899994,0
2005-05-17,419.399994,419.399994,419.399994,419.399994,419.399994,0
2005-05-18,421.5,421.5,421.5,421.5,421.5,0
2005-05-19,421.200012,421.200012,421.200012,420.5,420.5,0
2005-05-20,420.200012,416.5,416.5,417.399994,417.399994,4
2005-05-23,416.600006,416.600006,416.600006,416.600006,416.600006,4
2005-05-24,417.5,417.5,417.5,417.5,417.5,4
2005-05-25,418.799988,418.799988,418.799988,418.799988,418.799988,4
2005-05-26,418.799988,418.100006,418.100006,418,418,72619
2005-05-27,417.799988,420,417.399994,419.799988,419.799988,51363
2005-05-31,418,420.200012,413.200012,416.299988,416.299988,7494
2005-06-01,416.399994,417.299988,414,415.299988,415.299988,2816
2005-06-02,415.799988,423.5,415.799988,422.700012,422.700012,1984
2005-06-03,422.200012,425.5,421.700012,423.700012,423.700012,416
2005-06-06,423.600006,427.799988,422.600006,426.5,426.5,558
2005-06-07,426.700012,426.700012,424,424.799988,424.799988,232
2005-06-08,425.600006,425.899994,424.5,424.700012,424.700012,171
2005-06-09,423.700012,424,422,424.200012,424.200012,101
2005-06-10,423.799988,428.5,422,427.399994,427.399994,65
2005-06-13,428.299988,431.5,428.299988,429.299988,429.299988,66
2005-06-14,428.200012,428.200012,426.5,427.5,427.5,73
2005-06-15,427.5,428.299988,427.5,429.100006,429.100006,20
2005-06-16,429.5,436.799988,429.5,436.200012,436.200012,157
2005-06-17,436.100006,439.299988,436.100006,438.299988,438.299988,29
2005-06-20,440,440.399994,438,438.399994,438.399994,18
2005-06-21,438.399994,439,439,438.899994,438.899994,5
2005-06-22,438.799988,438.5,437.5,438.100006,438.100006,169
2005-06-23,438.299988,442.5,438.299988,441.700012,441.700012,29
2005-06-24,441.5,441.5,438.5,440.5,440.5,31
2005-06-27,440.700012,440.700012,439.5,440.299988,440.299988,10
2005-06-28,436,437.5,436,436.399994,436.399994,0
2005-06-30,435.899994,435.899994,435.899994,435.899994,435.899994,0
2005-07-01,427.799988,427.799988,427.799988,427.799988,427.799988,0
2005-07-05,422.899994,422.899994,422.899994,422.899994,422.899994,0
2005-07-06,423.5,423.799988,423.5,423.5,423.5,16
2005-07-07,423.5,423.5,423.5,423.299988,423.299988,125
2005-07-08,422.899994,422.899994,422.899994,422.899994,422.899994,0
2005-07-11,425.5,425.5,425.5,425.5,425.5,0
2005-07-12,426.299988,426.299988,426.299988,426.299988,426.299988,0
2005-07-13,423.899994,423.899994,423.899994,423.899994,423.899994,70
2005-07-14,419.600006,419.600006,419.600006,419.600006,419.600006,70
2005-07-15,420.700012,420.700012,420.700012,420.700012,420.700012,0
2005-07-18,420.399994,420.399994,420.399994,420.5,420.5,0
2005-07-19,420,420,420,419.700012,419.700012,0
2005-07-20,419.700012,419.700012,419.700012,421.700012,421.700012,0
2005-07-21,425.399994,425.399994,425.399994,425.399994,425.399994,0
2005-07-22,425.399994,425.399994,425.399994,424.700012,424.700012,0
2005-07-25,425.700012,425.700012,425.700012,425.700012,425.700012,2
2005-07-26,423.399994,423.399994,423.399994,423.399994,423.399994,2
2005-07-27,424.700012,424.700012,424.700012,424.700012,424.700012,2
2005-07-28,424.700012,424.700012,424.700012,427.299988,427.299988,40680
2005-07-29,427.700012,430.5,427,429.899994,429.899994,3607
2005-08-01,430,432.299988,429.100006,431.899994,431.899994,776
2005-08-02,431.700012,433,430.700012,431.899994,431.899994,206
2005-08-03,431.5,437.5,430.700012,436.899994,436.899994,270
2005-08-04,436.5,439,436.100006,437.899994,437.899994,91
2005-08-05,437.700012,438.5,437,437.200012,437.200012,91
2005-08-08,437,437,434,434.700012,434.700012,51
2005-08-09,432.5,434.399994,432.5,434.200012,434.200012,52
2005-08-10,434.899994,437,434.899994,436.5,436.5,187
2005-08-11,437.200012,446.5,437.200012,445.5,445.5,306
2005-08-12,445.799988,449.5,444.5,445.899994,445.899994,169
2005-08-15,441.399994,442.5,441.399994,442.200012,442.200012,61
2005-08-16,441.700012,442.5,441.700012,446.100006,446.100006,234
2005-08-17,442.5,443.299988,439.5,439.899994,439.899994,276
2005-08-18,440.399994,440.399994,438.5,439.5,439.5,46
2005-08-19,439.100006,439.600006,438,437.200012,437.200012,73
2005-08-22,437,439,437,438.100006,438.100006,12
2005-08-23,438.799988,438.799988,438.5,439.399994,439.399994,2
2005-08-24,439.700012,439.700012,437,437.299988,437.299988,29
2005-08-25,438.5,438.5,438,438.399994,438.399994,54
2005-08-26,438.399994,439,438.399994,437.399994,437.399994,52
2005-08-29,438.5,439.5,437.299988,437,437,37
2005-08-30,438.5,439.5,437.299988,431.200012,431.200012,0
2005-08-31,431.200012,431.200012,431.200012,433.799988,433.799988,10
2005-09-01,438.5,442.5,438.5,442.299988,442.299988,4
2005-09-02,444.200012,444.200012,444.200012,444.200012,444.200012,4
2005-09-06,444.399994,444.399994,444.399994,444.399994,444.399994,4
2005-09-07,444.700012,444.700012,444.700012,444.899994,444.899994,1006
2005-09-08,446.700012,446.700012,446.700012,446.700012,446.700012,6
2005-09-09,449,449,449,449,449,6
2005-09-12,449.700012,449.700012,449.700012,449.700012,449.700012,6
2005-09-13,446.100006,446.100006,446.100006,446.100006,446.100006,6
2005-09-14,449.799988,449.799988,449.799988,449.799988,449.799988,6
2005-09-15,455.5,455.5,455.5,455.5,455.5,6
2005-09-16,459.5,459.5,459.5,459.5,459.5,6
2005-09-19,466.700012,466.700012,466.700012,466.700012,466.700012,6
2005-09-20,466.200012,466.200012,466.200012,466.200012,466.200012,2
2005-09-21,468.899994,468.899994,468.899994,468.899994,468.899994,2
2005-09-22,467.5,467.5,467.5,466.600006,466.600006,2
2005-09-23,467.200012,466.799988,466.799988,463.5,463.5,2
2005-09-26,463.899994,463.899994,463.899994,465.899994,465.899994,2
2005-09-27,462.600006,462.600006,462.600006,462.600006,462.600006,2
2005-09-28,469.700012,469.700012,469.700012,469.700012,469.700012,2
2005-09-29,469.700012,469.700012,469.700012,472.200012,472.200012,7799
2005-09-30,472.700012,474,468.5,469,469,2926
2005-10-03,467.799988,468,464.200012,466.100006,466.100006,493
2005-10-04,466.799988,468.799988,465.299988,466.100006,466.100006,210
2005-10-05,465,465,463.5,466.100006,466.100006,226
2005-10-06,465.600006,471.600006,465.600006,471.899994,471.899994,243
2005-10-07,473,475.5,470,474.700012,474.700012,96
2005-10-10,474.799988,477.299988,473.600006,475.100006,475.100006,248
2005-10-11,475.200012,477.5,475.200012,477.100006,477.100006,99
2005-10-12,478.5,478.5,473.299988,473.899994,473.899994,49
2005-10-13,472,472,468.299988,471.100006,471.100006,48
2005-10-14,469.299988,469.299988,467,469.200012,469.200012,113
2005-10-17,473,475,473,474.100006,474.100006,18
2005-10-18,472,472.5,472,472.100006,472.100006,13
2005-10-19,471,471,465,463.5,463.5,46
2005-10-20,465,465,460.5,461,461,9
2005-10-21,462,462,462,467,467,9
2005-10-24,465.5,465.5,465.5,465,465,2
2005-10-25,465,474,465,472.799988,472.799988,18
2005-10-26,472.5,473.5,471.5,471.200012,471.200012,159
2005-10-27,471,475.5,471,473.799988,473.799988,2
2005-10-28,473.5,473.5,471.600006,473,473,4
2005-10-31,471.100006,471.100006,471.100006,465.100006,465.100006,1
2005-11-01,463,463,460,458.799988,458.799988,5
2005-11-02,462.799988,462.799988,462.799988,462.799988,462.799988,2
2005-11-03,460.100006,460.100006,460.100006,460.100006,460.100006,2
2005-11-04,455.299988,455.299988,455.299988,456.299988,456.299988,2
2005-11-07,459,459,459,459,459,0
2005-11-08,458.5,458.5,458.5,460.899994,460.899994,10
2005-11-09,466.299988,466.299988,466.299988,466.299988,466.299988,100
2005-11-10,466.600006,466.600006,466.600006,466.600006,466.600006,100
2005-11-11,468.299988,468.299988,468.299988,468.299988,468.299988,0
2005-11-14,468.299988,468.299988,468.299988,468.200012,468.200012,0
2005-11-15,468.100006,468.100006,468.100006,468.100006,468.100006,50
2005-11-16,478.299988,478.299988,478.299988,478.299988,478.299988,0
2005-11-17,476,486,486,486.200012,486.200012,38
2005-11-18,485.600006,485.600006,485.600006,485.600006,485.600006,38
2005-11-21,485.600006,485.600006,485.600006,489,489,38
2005-11-22,489,489,489,492.600006,492.600006,0
2005-11-23,492.600006,492.600006,492.600006,492.100006,492.100006,0
2005-11-28,502.200012,502.200012,502.200012,498.299988,498.299988,109050
2005-11-29,498.700012,502.299988,494.299988,499.100006,499.100006,42519
2005-11-30,500,500,492.299988,494.600006,494.600006,5688
2005-12-01,494.200012,503,490.5,502.5,502.5,2665
2005-12-02,503,507,500,503.299988,503.299988,1610
2005-12-05,504.5,509.700012,503.5,508.899994,508.899994,431
2005-12-06,509.200012,511.200012,504.5,510.200012,510.200012,720
2005-12-07,510.700012,517,509.299988,514.299988,514.299988,985
2005-12-08,514.599976,520,512,519.299988,519.299988,337
2005-12-09,520.400024,531,520,527,527,472
2005-12-12,526.5,538.5,526.5,528.400024,528.400024,995
2005-12-13,528.400024,530.700012,520,521,521,583
2005-12-14,521,521,506,506.5,506.5,712
2005-12-15,506,509,501,503.899994,503.899994,378
2005-12-16,503.899994,508,495.200012,503.399994,503.399994,276
2005-12-19,509.5,509.5,504.5,503.600006,503.600006,150
2005-12-20,506.899994,506.899994,496,494.600006,494.600006,120
2005-12-21,495.5,495.5,490.100006,493,493,56
2005-12-22,494,503,494,502.700012,502.700012,1632
2005-12-23,502.299988,505.700012,502.299988,503,503,37
2005-12-27,508.700012,509,506,508,508,57
2005-12-28,506.899994,517.299988,516.900024,514.200012,514.200012,20
2005-12-29,515.700012,515.700012,515.700012,515.700012,515.700012,2
2005-12-30,515.700012,515.700012,515.700012,517.099976,517.099976,2
2006-01-03,518.599976,528.5,518.599976,530.700012,530.700012,7
2006-01-04,533.599976,533.599976,533.5,533.900024,533.900024,8
2006-01-05,529,529,526,526.299988,526.299988,10
2006-01-06,539.700012,539.700012,539.700012,539.700012,539.700012,10
2006-01-09,539.700012,539.700012,539.700012,549.099976,549.099976,10
2006-01-10,544.299988,544.299988,544.299988,544.299988,544.299988,2
2006-01-11,548.799988,548.799988,548.799988,548.799988,548.799988,0
2006-01-12,548.299988,548.299988,548.299988,548.299988,548.299988,0
2006-01-13,547.099976,547.099976,547.099976,556.099976,556.099976,0
2006-01-17,553.400024,553.400024,553.400024,553.400024,553.400024,0
2006-01-18,543.700012,543.700012,543.700012,543.700012,543.700012,0
2006-01-19,543.700012,552,551,558.400024,558.400024,22
2006-01-20,558.400024,558.400024,558.400024,553.5,553.5,22
2006-01-23,555,555,555,558.299988,558.299988,1
2006-01-24,555,555,555,557.700012,557.700012,2
2006-01-25,562.200012,562.200012,562.200012,562.200012,562.200012,2
2006-01-26,559.700012,559.700012,559.700012,559.700012,559.700012,2
2006-01-27,558.700012,558.700012,558.700012,558.700012,558.700012,79958
2006-01-30,559.200012,566,557.599976,565.799988,565.799988,35179
2006-01-31,566.5,572.700012,565,570.799988,570.799988,6749
2006-02-01,570.799988,571.599976,563,569.400024,569.400024,3768
2006-02-02,569.799988,575.299988,568,572.5,572.5,887
2006-02-03,571.5,574.200012,565,567.400024,567.400024,686
2006-02-06,568.400024,574,567.5,570.200012,570.200012,649
2006-02-07,569.5,571,550.599976,551,551,1276
2006-02-08,551,553.299988,545.5,550.099976,550.099976,762
2006-02-09,549.900024,566,549.900024,564.5,564.5,227
2006-02-10,561.900024,561.900024,548,550.200012,550.200012,222
2006-02-13,548.5,549.5,540,539,539,645
2006-02-14,538,546,535.5,545.900024,545.900024,142
2006-02-15,544.900024,545,538,539.700012,539.700012,150
2006-02-16,539,546,537.200012,546,546,96
2006-02-17,548,552.5,546,551.799988,551.799988,55
2006-02-21,550.5,556.5,550.5,553.900024,553.900024,86
2006-02-22,552.599976,554.799988,551,553.900024,553.900024,253
2006-02-23,554.5,555.5,548.5,548.400024,548.400024,174
2006-02-24,547.5,560,547.5,558.799988,558.799988,14
2006-02-27,556.099976,556.099976,552.5,554.700012,554.700012,24
2006-02-28,553.099976,558,553.099976,561.599976,561.599976,49
2006-03-01,562.5,564.5,562.5,563.5,563.5,1
2006-03-02,568.200012,568.200012,568.200012,568.200012,568.200012,1
2006-03-03,569.799988,569.799988,568.700012,566,566,2
2006-03-06,554.799988,554.799988,554.799988,554.900024,554.900024,2
2006-03-07,554.5,554.5,554,552.700012,552.700012,3
2006-03-08,540,540,540,542.5,542.5,3
2006-03-09,545,545.200012,544.299988,545.5,545.5,25
2006-03-10,539.900024,539.900024,539.900024,539.900024,539.900024,3
2006-03-13,541,542.5,541,546.099976,546.099976,4
2006-03-14,551.700012,551.700012,551.700012,551.700012,551.700012,4
2006-03-15,553.099976,553.099976,553.099976,553.099976,553.099976,4
2006-03-16,554.400024,554.400024,554.400024,554.400024,554.400024,4
2006-03-17,554.099976,554.099976,554.099976,554.099976,554.099976,4
2006-03-20,555.200012,555.200012,555.200012,555.200012,555.200012,4
2006-03-21,552.400024,552.400024,552.400024,552.400024,552.400024,4
2006-03-22,550.900024,550.900024,550.900024,550.900024,550.900024,300
2006-03-23,550.099976,550.099976,550.099976,550.099976,550.099976,547
2006-03-24,560,560,560,560,560,547
2006-03-27,567,567,567,567,567,547
2006-03-28,566.599976,566.599976,566.599976,566.599976,566.599976,547
2006-03-29,573,573,573,573,573,64190
2006-03-30,572.599976,587.400024,571.299988,586.700012,586.700012,25210
2006-03-31,586,589.599976,579,581.799988,581.799988,2845
2006-04-03,582,592,582,589.400024,589.400024,729
2006-04-04,588,590.5,585.5,586,586,1293
2006-04-05,587,590.799988,582.599976,587.900024,587.900024,736
2006-04-06,588,595.599976,588,595.200012,595.200012,855
2006-04-07,595.5,598.299988,585.5,588.400024,588.400024,450
2006-04-10,589,599,589,597.599976,597.599976,316
2006-04-11,602,604,595,595.200012,595.200012,697
2006-04-12,597.299988,600,597.299988,597.5,597.5,38
2006-04-13,596.5,597.5,592,596.5,596.5,107
2006-04-17,605,616.5,605,615.400024,615.400024,1125
2006-04-18,614.599976,620.5,614.599976,620,620,502
2006-04-19,620.5,632,620.5,632.599976,632.599976,99
2006-04-20,640,642,611,619.799988,619.799988,537
2006-04-21,615,637,611.200012,632.200012,632.200012,222
2006-04-24,634,634,620,620.599976,620.599976,288
2006-04-25,620.599976,632,620.599976,631,631,112
2006-04-26,635,639.5,635,638.799988,638.799988,3
2006-04-27,636.5,636.5,636.5,633.299988,633.299988,6
2006-04-28,651.799988,651.799988,651.799988,651.799988,651.799988,6
2006-05-01,658,658,658,657.5,657.5,9
2006-05-02,666,666,666,664.700012,664.700012,2
2006-05-03,669.200012,669.200012,669.200012,665.900024,665.900024,1
2006-05-04,674.200012,674.200012,674.200012,674.200012,674.200012,1
2006-05-05,682.200012,682.200012,682.200012,682.200012,682.200012,1
2006-05-08,679,679,679,677.799988,677.799988,2
2006-05-09,679,679,679,699.400024,699.400024,8
2006-05-10,695.5,695.5,695.5,703.700012,703.700012,4
2006-05-11,723,723,723,719.799988,719.799988,10
2006-05-12,714,714,706,710.299988,710.299988,32
2006-05-15,710.299988,710.299988,710.299988,683.599976,683.599976,32
2006-05-16,710.299988,710.299988,710.299988,691.5,691.5,0
2006-05-17,690.5,690.5,690.5,690.5,690.5,0
2006-05-18,679.599976,679.599976,679.599976,679.599976,679.599976,0
2006-05-19,679.599976,679.599976,679.599976,656.700012,656.700012,0
2006-05-22,656.5,656.5,656.5,657,657,0
2006-05-23,673,673,673,673,673,0
2006-05-24,637,637,637,637,637,0
2006-05-25,648.299988,648.299988,648.299988,648.400024,648.400024,0
2006-05-26,648.400024,648.400024,648.400024,650.900024,650.900024,80564
2006-05-30,650.700012,664.5,648.200012,653.900024,653.900024,51461
2006-05-31,651,658.5,638,642.5,642.5,5034
2006-06-01,642.799988,645.099976,620,627.599976,627.599976,1682
2006-06-02,628,637.5,622.599976,635.5,635.5,1151
2006-06-05,635.5,645,635.5,643.200012,643.200012,613
2006-06-06,643.400024,643.400024,625,629.400024,629.400024,361
2006-06-07,629.200012,629.799988,617.5,627.400024,627.400024,793
2006-06-08,627.599976,627.599976,608.5,609.099976,609.099976,532
2006-06-09,610,615.799988,606.900024,608.200012,608.200012,73
2006-06-12,606,610,606,606.799988,606.799988,19
2006-06-13,571.200012,605.599976,568,562.5,562.5,207
2006-06-14,555,571,555,562.299988,562.299988,243
2006-06-15,557.299988,577,557.299988,566.5,566.5,135
2006-06-16,566.5,574.700012,572,578,578,4
2006-06-19,568.799988,568.799988,568.799988,568.799988,568.799988,6
2006-06-20,571,571,568,576.900024,576.900024,4
2006-06-21,572,585,572,587.5,587.5,60
2006-06-22,588,588,587,582.200012,582.200012,14
2006-06-23,583.900024,584,574,584.799988,584.799988,19
2006-06-26,583,584,580,584.799988,584.799988,119
2006-06-27,589,589,589,581.599976,581.599976,39
2006-06-28,585.5,586,580,578.299988,578.299988,1
2006-06-29,586.5,586.5,586.5,586.5,586.5,104
2006-06-30,560.900024,614.5,609,613.5,613.5,18
2006-07-05,631,631,631,627.299988,627.299988,94
2006-07-06,624,624,624,634.099976,634.099976,6
2006-07-07,634.299988,634.299988,634.299988,632.799988,632.799988,6
2006-07-10,632.799988,632.799988,632.799988,624.099976,624.099976,6
2006-07-11,632.799988,632.799988,632.799988,641.200012,641.200012,6
2006-07-12,632.799988,632.799988,632.799988,649.400024,649.400024,6
2006-07-13,652.900024,652.900024,652.900024,652.900024,652.900024,6
2006-07-14,666.599976,666.599976,666.599976,666.599976,666.599976,6
2006-07-17,675.099976,677,675.099976,650.599976,650.599976,40
2006-07-18,628.299988,628.299988,628.299988,628.299988,628.299988,40
2006-07-19,641.599976,641.599976,641.599976,641.599976,641.599976,40
2006-07-20,641.599976,641.599976,641.599976,631.700012,631.700012,40
2006-07-21,631.700012,631.700012,631.700012,619.599976,619.599976,600
2006-07-24,619.599976,619.599976,619.599976,612.700012,612.700012,600
2006-07-25,612.700012,612.700012,612.700012,617.599976,617.599976,600
2006-07-26,621.599976,621.599976,621.599976,621.599976,621.599976,1
2006-07-27,632.400024,632.400024,632.400024,632.400024,632.400024,66412
2006-07-28,632.5,636.599976,625,634.799988,634.799988,27652
2006-07-31,634.5,646.5,627,634.200012,634.200012,3183
2006-08-01,635.400024,646.5,629.5,646.299988,646.299988,1360
2006-08-02,645.799988,656,644.700012,651.599976,651.599976,414
2006-08-03,651,651,638,644.900024,644.900024,429
2006-08-04,646,653.5,643,644,644,97
2006-08-07,651.200012,652,646.5,647.799988,647.799988,139
2006-08-08,646.799988,646.799988,640,645.700012,645.700012,43
2006-08-09,645,654.5,638.5,650.5,650.5,65
2006-08-10,650.200012,651.299988,634,634.900024,634.900024,127
2006-08-11,638,642.299988,626,633.5,633.5,596
2006-08-14,629.900024,629.900024,620,628.5,628.5,147
2006-08-15,625,625.5,622,622.5,622.5,124
2006-08-16,631,631,627,628.700012,628.700012,206
2006-08-17,627.5,628.5,615.5,615.400024,615.400024,295
2006-08-18,614.200012,617,609,612.099976,612.099976,102
2006-08-21,613.599976,626.5,613.599976,625.700012,625.700012,117
2006-08-22,626,628,623.5,624.599976,624.599976,19
2006-08-23,624.599976,628,623.200012,623.700012,623.700012,20
2006-08-24,621.599976,624.5,618,619.5,619.5,35
2006-08-25,622.5,623.5,621.799988,622,622,173
2006-08-28,621.700012,621.700012,614,615.299988,615.299988,46
2006-08-29,616.799988,616.799988,610.5,610.700012,610.700012,2
2006-08-30,615.599976,618,611.799988,617.700012,617.700012,26
2006-08-31,625.900024,625.900024,625.900024,625.900024,625.900024,26
2006-09-01,624.400024,624.400024,624.400024,624.400024,624.400024,26
2006-09-04,624.400024,624.400024,624.400024,624.400024,624.400024,26
2006-09-05,638.5,638.5,638.5,638.5,638.5,23
2006-09-06,633.5,633.5,633.5,633.5,633.5,102
2006-09-07,617,617,617,617,617,102
2006-09-08,609.599976,609.599976,609.599976,609.599976,609.599976,102
2006-09-11,590,590,590,590,590,0
2006-09-12,591,591,591,586.900024,586.900024,10
2006-09-13,589.099976,589.099976,589.099976,589.099976,589.099976,10
2006-09-14,579.299988,579.299988,579.299988,579.299988,579.299988,0
2006-09-15,576.400024,576.400024,576.400024,576.400024,576.400024,0
2006-09-18,586.200012,586.200012,586.200012,586.200012,586.200012,0
2006-09-19,576.799988,576.799988,576.799988,576.799988,576.799988,0
2006-09-20,584,584,584,580,580,2
2006-09-21,582.200012,582.200012,582.200012,582.200012,582.200012,0
2006-09-22,589.400024,589.400024,589.400024,589.400024,589.400024,0
2006-09-25,589.900024,589.900024,589.900024,589.900024,589.900024,0
2006-09-26,591.200012,591.200012,591.200012,591.200012,591.200012,0
2006-09-27,597.299988,597.299988,597.299988,597.299988,597.299988,7818
2006-09-28,597.700012,606.200012,597.700012,605,605,8709
2006-09-29,605.099976,605.099976,595,598.599976,598.599976,662
2006-10-02,598.900024,604,598,597.700012,597.700012,109
2006-10-03,591,591.900024,580,576.299988,576.299988,160
2006-10-04,573.900024,577,561,562,562,4584
2006-10-05,565.900024,575,565.900024,571,571,22
2006-10-06,572,572.5,560.5,572.400024,572.400024,24
2006-10-09,578,578,578,578.400024,578.400024,93
2006-10-10,574.5,574.5,568,571.900024,571.900024,136
2006-10-11,578,578,578,572.299988,572.299988,1
2006-10-12,575,575,575,576.299988,576.299988,5
2006-10-13,585.5,585.5,585.5,588.799988,588.799988,8
2006-10-16,593.5,594.5,593.5,594.700012,594.700012,210
2006-10-17,598.5,598.5,588.5,589.700012,589.700012,14
2006-10-18,592.5,594,591.5,588.900024,588.900024,18
2006-10-19,588.900024,588.900024,588.700012,599,599,103
2006-10-20,597.5,597.5,597,593,593,4
2006-10-23,579.700012,579.700012,579.700012,579.700012,579.700012,4
2006-10-24,576.5,576.5,576.5,584.400024,584.400024,501
2006-10-25,587.599976,587.599976,587.599976,587.599976,587.599976,199
2006-10-26,595,595.5,595,596.799988,596.799988,26
2006-10-27,598.200012,598.200012,598.200012,598.200012,598.200012,5
2006-10-30,608.5,608.900024,608,604.700012,604.700012,13
2006-10-31,604.099976,604.099976,604.099976,604.099976,604.099976,0
2006-11-01,612.5,612.5,612.5,616.599976,616.599976,6
2006-11-02,625.400024,625.400024,625.400024,625.400024,625.400024,6
2006-11-03,626.900024,626.900024,626.900024,626.900024,626.900024,0
2006-11-06,625.799988,625.799988,625.799988,625.799988,625.799988,0
2006-11-07,625.700012,625.700012,625.700012,625.700012,625.700012,0
2006-11-08,616.400024,616.400024,616.400024,616.400024,616.400024,0
2006-11-09,617,617,617,635,635,2
2006-11-10,628.400024,628.400024,628.400024,628.400024,628.400024,2
2006-11-13,629,629,629,624.200012,624.200012,1
2006-11-14,620.5,620.5,620.5,623.799988,623.799988,1
2006-11-15,622.5,622.5,622.5,622.5,622.5,0
2006-11-16,620.599976,620.599976,620.599976,620.599976,620.599976,0
2006-11-17,617.5,617.5,617.5,621.5,621.5,10
2006-11-20,621.5,621.5,621.5,621.200012,621.200012,0
2006-11-21,628.099976,628.099976,628.099976,628.200012,628.200012,0
2006-11-22,628.700012,628.700012,628.700012,628.700012,628.700012,0
2006-11-24,628.700012,628.700012,628.700012,628.700012,628.700012,0
2006-11-28,637.200012,637.200012,637.200012,637.200012,637.200012,82649
2006-11-29,638.400024,640.299988,634.5,635.5,635.5,29111
2006-11-30,635,648,635,646.900024,646.900024,2327
2006-12-01,645.700012,649.700012,643.5,644.700012,644.700012,728
2006-12-04,647.099976,648,640.5,645.200012,645.200012,562
2006-12-05,644.299988,648,640.5,642.299988,642.299988,214
2006-12-06,640.5,640.5,631,630.5,630.5,247
2006-12-07,628.299988,632.5,625,631.900024,631.900024,316
2006-12-08,633.299988,636.5,626,626.099976,626.099976,104
2006-12-11,623,629.700012,622.400024,630,630,467
2006-12-12,630.299988,630.5,627.5,627,627,222
2006-12-13,634.799988,632.5,624,627.900024,627.900024,81
2006-12-14,628,628.5,627.5,626.599976,626.599976,43
2006-12-15,625.5,627.700012,613,615,615,118
2006-12-18,614,616.5,612,614,614,57
2006-12-19,620.900024,620.900024,616.5,621.599976,621.599976,40
2006-12-20,621.400024,622.700012,619.700012,620.599976,620.599976,385
2006-12-21,620.799988,620.799988,618,618.200012,618.200012,22
2006-12-22,619,619,618.700012,619.099976,619.099976,122
2006-12-26,625.099976,628,623,623.700012,623.700012,58
2006-12-27,627.200012,627.200012,627.200012,627.200012,627.200012,3
2006-12-28,627.099976,627.099976,626,634.099976,634.099976,17
2006-12-29,635.200012,635.200012,635.200012,635.200012,635.200012,17
2007-01-02,635.200012,635.200012,635.200012,635.200012,635.200012,17
2007-01-03,640.400024,640.400024,628.5,627.099976,627.099976,38
2007-01-04,624.5,624.5,624.5,623.900024,623.900024,4
2007-01-05,623.700012,623.700012,617.299988,604.900024,604.900024,531
2007-01-08,607.5,607.5,607.5,607.5,607.5,1000
2007-01-09,607,607,607,613.099976,613.099976,2
2007-01-10,611.599976,611.599976,611.599976,611.599976,611.599976,2
2007-01-11,612.400024,612.400024,612.400024,612.400024,612.400024,0
2007-01-12,616.200012,616.200012,616.200012,625.5,625.5,1
2007-01-16,623.599976,623.599976,623.599976,624.599976,624.599976,2
2007-01-17,630.5,632.599976,630.5,632.099976,632.099976,2
2007-01-18,627.099976,627.099976,627.099976,627.099976,627.099976,2
2007-01-19,633.5,633.5,633.5,635.5,635.5,2
2007-01-22,633.299988,633.299988,633.299988,633.299988,633.299988,2
2007-01-23,642.200012,642.200012,642.200012,645.200012,645.200012,1
2007-01-24,640.299988,640.299988,640.299988,647.599976,647.599976,1
2007-01-25,647.799988,647.799988,647.799988,647.799988,647.799988,1
2007-01-26,644.5,644.5,644.5,644.5,644.5,2
2007-01-29,643.099976,643.099976,643.099976,643.099976,643.099976,71048
2007-01-30,643,647.5,640.799988,644.200012,644.200012,25819
2007-01-31,646.5,655.5,641.799988,652,652,3048
2007-02-01,652.900024,661.5,652.599976,657.400024,657.400024,1198
2007-02-02,655.700012,659.299988,642,646.200012,646.200012,449
2007-02-05,649,651,647,650.900024,650.900024,196
2007-02-06,648.200012,659,648.099976,653.599976,653.599976,169
2007-02-07,654.799988,655.5,650.400024,652.299988,652.299988,156
2007-02-08,650,659.299988,649.099976,658,658,463
2007-02-09,659.099976,669.5,658,667.5,667.5,127
2007-02-12,664.299988,665.900024,661,662.599976,662.599976,65
2007-02-13,664.299988,669,663.799988,663.900024,663.900024,41
2007-02-14,666.700012,672,666.700012,667.400024,667.400024,167
2007-02-15,668.5,668.5,663,667.299988,667.299988,93
2007-02-16,664.5,668.400024,664.5,668.799988,668.799988,93
2007-02-20,671,671,658.299988,657.099976,657.099976,26
2007-02-21,660.400024,682.299988,657.5,680.200012,680.200012,33
2007-02-22,676.5,679.299988,676.5,679.400024,679.400024,344
2007-02-23,678.299988,685.299988,674,683.099976,683.099976,146
2007-02-26,684.599976,687.599976,683.799988,686.5,686.5,34
2007-02-27,684,687.700012,668.5,683.900024,683.900024,150
2007-02-28,665.599976,674.5,662,669.400024,669.400024,6
2007-03-01,673,673,673,662.299988,662.299988,1
2007-03-02,641.5,641.5,641.5,641.5,641.5,24
2007-03-05,640.200012,640.200012,640,636.700012,636.700012,17
2007-03-06,643.700012,644.5,641.299988,643.799988,643.799988,15
2007-03-07,650.599976,650.599976,650.599976,650.599976,650.599976,13
2007-03-08,653.400024,653.400024,653.400024,653.400024,653.400024,13
2007-03-09,650,650,650,650,650,320
2007-03-12,648,648,648,648.400024,648.400024,8
2007-03-13,647.599976,647.599976,647.599976,647.599976,647.599976,20
2007-03-14,640.900024,640.900024,640.900024,640.900024,640.900024,8
2007-03-15,645.700012,645.700012,645.700012,645.700012,645.700012,8
2007-03-16,652.900024,652.900024,652.700012,652.599976,652.599976,15
2007-03-19,653.099976,653.099976,653.099976,653.099976,653.099976,15
2007-03-20,657.900024,657.900024,657.900024,657.900024,657.900024,0
2007-03-21,659,659,659,659,659,0
2007-03-22,663.400024,663.400024,663.400024,663.400024,663.400024,27
2007-03-23,656.700012,656.700012,656.700012,656.700012,656.700012,200
2007-03-26,663.400024,663.400024,663.400024,663.400024,663.400024,0
2007-03-27,662.099976,662.099976,662.099976,662.099976,662.099976,0
2007-03-28,666.5,666.5,666.5,666.5,666.5,10244
2007-03-29,665.900024,666.200012,654.599976,661.5,661.5,37425
2007-03-30,661.200012,667.700012,659.099976,663,663,4623
2007-04-02,665.5,665.5,656.099976,665.700012,665.700012,1468
2007-04-03,663.099976,667.299988,662.200012,664,664,291
2007-04-04,664,675,664,672.099976,672.099976,1718
2007-04-05,674.200012,676,671.5,674.200012,674.200012,226
2007-04-09,671.099976,677.5,671.099976,671.900024,671.900024,35
2007-04-10,673.900024,681.5,673.900024,676.5,676.5,29
2007-04-11,678.299988,680.299988,674.799988,676.799988,676.799988,31
2007-04-12,677,677.5,673.099976,675.099976,675.099976,63
2007-04-13,680.200012,683.599976,680.200012,685.400024,685.400024,25
2007-04-16,685.099976,690.099976,685.099976,690.099976,690.099976,55
2007-04-17,689,689.400024,687.200012,688.200012,688.200012,29
2007-04-18,689.099976,690.599976,687,689.099976,689.099976,13
2007-04-19,681.900024,685.700012,681.900024,684.299988,684.299988,58
2007-04-20,690.099976,692.5,690.099976,692,692,24
2007-04-23,689,689,688,690.599976,690.599976,16
2007-04-24,689.400024,691.299988,683,684.200012,684.200012,220
2007-04-25,686.5,686.5,683.799988,684.099976,684.099976,17
2007-04-26,684.5,686.799988,673.5,674.900024,674.900024,51
2007-04-27,673,678.299988,673,678.700012,678.700012,55
2007-04-30,677.400024,680,677.299988,680.5,680.5,12
2007-05-01,673.700012,673.700012,673,674.400024,674.400024,6
2007-05-02,672.299988,672.299988,672.299988,672.299988,672.299988,0
2007-05-03,681.799988,681.799988,681.799988,681.799988,681.799988,0
2007-05-04,687.200012,687.200012,687.200012,687.200012,687.200012,0
2007-05-07,688,688,688,688,688,1
2007-05-08,685.099976,685.099976,685.099976,685.099976,685.099976,1
2007-05-09,680.299988,680.299988,680.299988,680.299988,680.299988,1
2007-05-10,651,651,651,665.099976,665.099976,0
2007-05-11,670.599976,670.599976,670.599976,670.599976,670.599976,0
2007-05-14,668.5,668.5,668.5,668.5,668.5,0
2007-05-15,673,673,673,673,673,0
2007-05-16,660.200012,660.200012,660.200012,660.200012,660.200012,0
2007-05-17,656.200012,656.200012,656.200012,656.200012,656.200012,0
2007-05-18,661,661,661,661,661,0
2007-05-21,660.700012,661.400024,660,662.900024,662.900024,6
2007-05-22,659.099976,659.099976,659.099976,659.099976,659.099976,6
2007-05-23,661.900024,661.900024,661.900024,661.900024,661.900024,6
2007-05-24,654,656,654,653,653,5
2007-05-25,655.900024,655.900024,655.700012,655.099976,655.099976,5
2007-05-29,657.099976,657.099976,657.099976,657.099976,657.099976,100718
2007-05-30,655.700012,658.400024,651.5,653.099976,653.099976,49921
2007-05-31,652.5,662,652.5,661,661,8065
2007-06-01,661.5,672,660.799988,671.200012,671.200012,1496
2007-06-04,671.200012,673.700012,668.900024,670.700012,670.700012,612
2007-06-05,672.099976,674,669.299988,669.599976,669.599976,242
2007-06-06,670.400024,670.900024,665.400024,669.299988,669.299988,489
2007-06-07,671.400024,671.400024,658.299988,660.099976,660.099976,282
2007-06-08,658.5,659.599976,645.200012,645.5,645.5,261
2007-06-11,649.200012,654.400024,649.200012,654.299988,654.299988,91
2007-06-12,653.799988,653.799988,646.900024,648.5,648.5,61
2007-06-13,646.599976,651.5,644.299988,648.200012,648.200012,82
2007-06-14,652.599976,652.799988,650,651.599976,651.599976,15
2007-06-15,651,655.200012,650.700012,654.5,654.5,28
2007-06-18,657.900024,658.200012,655.700012,655.799988,655.799988,57
2007-06-19,656.200012,660.200012,653,660.700012,660.700012,36
2007-06-20,660.799988,660.799988,658,656.099976,656.099976,8
2007-06-21,648.599976,648.599976,648.599976,650.599976,650.599976,6
2007-06-22,649.900024,649.900024,649.900024,653.5,653.5,3
2007-06-25,650,650.5,650,651.299988,651.299988,21
2007-06-26,647.599976,647.599976,640,642.099976,642.099976,60
2007-06-27,640.400024,643.5,640.400024,641.700012,641.700012,43
2007-06-28,643.900024,648.400024,643.900024,647.5,647.5,89
2007-06-29,647.5,649.200012,647.5,648.099976,648.099976,45
2007-07-02,656.799988,656.799988,656.799988,656.5,656.5,1
2007-07-03,655.700012,655.700012,655.700012,652.900024,652.900024,1
2007-07-05,648.400024,648.400024,648.400024,648.400024,648.400024,18
2007-07-06,652.700012,652.700012,652.700012,652.700012,652.700012,18
2007-07-09,660.5,660.5,660.5,660.5,660.5,0
2007-07-10,662.5,662.5,662.5,662.5,662.5,0
2007-07-11,660.299988,660.299988,660.299988,660.299988,660.299988,6
2007-07-12,665,665,665,666.700012,666.700012,2
2007-07-13,666.700012,666.700012,666.700012,665.799988,665.799988,8
2007-07-16,667.099976,667.099976,667.099976,665,665,1
2007-07-17,664.700012,664.700012,664.700012,664.700012,664.700012,0
2007-07-18,672.599976,672.599976,672.599976,672.599976,672.599976,0
2007-07-19,677.200012,677.200012,677.200012,677.200012,677.200012,0
2007-07-20,683.900024,683.900024,683.900024,683.900024,683.900024,0
2007-07-23,680.799988,680.799988,680.799988,680.799988,680.799988,0
2007-07-24,684.200012,684.200012,684.200012,684.200012,684.200012,0
2007-07-25,673.299988,673.299988,673.299988,673.299988,673.299988,0
2007-07-26,662.5,662.5,662.5,662.5,662.5,0
2007-07-27,660,660,660,660,660,95749
2007-07-30,659.900024,665.200012,659.299988,664.099976,664.099976,36526
2007-07-31,665,668.299988,662.599976,666.900024,666.900024,5769
2007-08-01,663.200012,666.299988,658.5,663.599976,663.599976,2026
2007-08-02,666.700012,666.700012,662.799988,664.599976,664.599976,1062
2007-08-03,665.799988,674.400024,665.700012,672.5,672.5,575
2007-08-06,672.099976,672.099976,668.799988,671.5,671.5,212
2007-08-07,670,670,666.5,670.599976,670.599976,313
2007-08-08,674.700012,676.200012,674,674.5,674.5,136
2007-08-09,667.799988,667.799988,661.400024,661.400024,661.400024,377
2007-08-10,659.5,673.400024,659.5,670.299988,670.299988,1101
2007-08-13,669.900024,671,668.599976,669.700012,669.700012,52
2007-08-14,665,670.5,665,668.599976,668.599976,106
2007-08-15,665,669.700012,662.5,668.900024,668.900024,845
2007-08-16,665.200012,665.200012,642.900024,648.299988,648.299988,130
2007-08-17,648.400024,657.700012,648.400024,656.900024,656.900024,219
2007-08-20,658.599976,660,658.599976,656.700012,656.700012,189
2007-08-21,657.900024,658.400024,657.5,656.700012,656.700012,9
2007-08-22,658.900024,661.099976,658.900024,659.099976,659.099976,303
2007-08-23,663.599976,663.700012,663.200012,658.900024,658.900024,135
2007-08-24,662.099976,668.799988,662.099976,668,668,208
2007-08-27,667.900024,668,666,666.799988,666.799988,77
2007-08-28,665.5,665.900024,664.200012,664.400024,664.400024,22
2007-08-29,667,667.700012,667,666.299988,666.299988,78
2007-08-30,665.5,666.5,665.5,665,665,186
2007-08-31,672.5,672.799988,672.5,673,673,186
2007-09-04,682.5,682.5,682.5,682.5,682.5,0
2007-09-05,678.599976,679.099976,678.599976,681.700012,681.700012,80
2007-09-06,692.200012,692.400024,692.200012,695.599976,695.599976,2
2007-09-07,700.799988,700.799988,700.799988,700.799988,700.799988,1
2007-09-10,704.5,705,702,703.299988,703.299988,43
2007-09-11,703.5,703.5,702.799988,712.200012,712.200012,55
2007-09-12,713.900024,713.900024,712.5,711.900024,711.900024,6
2007-09-13,706.900024,707.400024,706.900024,709.5,709.5,19
2007-09-14,717.200012,717.200012,714.900024,709.599976,709.599976,33
2007-09-17,719.099976,719.099976,719.099976,715.799988,715.799988,36
2007-09-18,715.799988,715.799988,715.799988,715.799988,715.799988,104
2007-09-19,724.599976,724.599976,724.599976,722,722,12
2007-09-20,732.400024,732.400024,732.400024,732.400024,732.400024,12
2007-09-21,731.400024,731.400024,731.400024,731.400024,731.400024,6
2007-09-24,732.099976,732.099976,732.099976,732.099976,732.099976,150
2007-09-25,731.599976,731.599976,731.599976,731.599976,731.599976,60
2007-09-26,728.299988,728.299988,728.299988,728.299988,728.299988,12901
2007-09-27,728.200012,735.5,727.400024,732.700012,732.700012,11841
2007-09-28,733.700012,745.700012,733.700012,742.799988,742.799988,2004
2007-10-01,745.099976,747.400024,741.799988,747.200012,747.200012,644
2007-10-02,746.5,746.5,726.5,729.799988,729.799988,319
2007-10-03,727.599976,732.5,726.700012,729.299988,729.299988,61
2007-10-04,725.099976,736.799988,724.299988,737.799988,737.799988,17
2007-10-05,731,741.700012,731,741.299988,741.299988,6
2007-10-08,735.200012,737,732.400024,732.799988,732.799988,88
2007-10-09,736.099976,736.5,735.5,737.400024,737.400024,44
2007-10-10,740.900024,741,740.700012,740.400024,740.400024,32
2007-10-11,747.400024,749.700012,746,751.299988,751.299988,180
2007-10-12,750.400024,750.400024,748.700012,748.700012,748.700012,371
2007-10-15,758,759.599976,757.900024,757.099976,757.099976,344
2007-10-16,762.400024,762.400024,756.099976,757,757,151
2007-10-17,760,760,757,757.5,757.5,45
2007-10-18,765.799988,765.799988,765.799988,764.099976,764.099976,9
2007-10-19,765.200012,765.200012,762.700012,764,764,7
2007-10-22,766.700012,766.700012,751.900024,755.799988,755.799988,60
2007-10-23,755.700012,756,756,759,759,7
2007-10-24,758.200012,758.200012,753.5,761.599976,761.599976,55
2007-10-25,767.900024,767.900024,767.900024,767.299988,767.299988,10
2007-10-26,771.400024,783.400024,771.400024,783.900024,783.900024,81
2007-10-29,793.799988,793.799988,787.299988,789.099976,789.099976,9
2007-10-30,785.5,785.5,780.700012,784.299988,784.299988,168
2007-10-31,789.299988,795.400024,789.299988,792,792,12
2007-11-01,785.299988,791.299988,785.299988,790.700012,790.700012,4
2007-11-02,794.099976,806.5,794.099976,805.700012,805.700012,4
2007-11-05,804.599976,804.599976,804.200012,808.099976,808.099976,17
2007-11-06,821.900024,825.299988,821.900024,820.799988,820.799988,4
2007-11-07,830,831.200012,830,831,831,3
2007-11-08,829.799988,841.299988,829.799988,835.200012,835.200012,8
2007-11-09,835.700012,835.799988,831.700012,832.5,832.5,7
2007-11-12,803.900024,803.900024,798.700012,805.799988,805.799988,3
2007-11-13,804.299988,804.299988,800,797.200012,797.200012,6
2007-11-14,816.700012,817,816.700012,813,813,11
2007-11-15,794.5,794.5,793.700012,785.900024,785.900024,0
2007-11-16,785.700012,785.700012,785.700012,785.700012,785.700012,0
2007-11-19,777.599976,777.599976,777.599976,776.799988,776.799988,1
2007-11-20,792.900024,802.5,792.900024,790.299988,790.299988,5
2007-11-21,797.599976,797.599976,797.599976,797.599976,797.599976,5
2007-11-23,824,824,824,824,824,6
2007-11-26,826,826,826,826,826,6
2007-11-27,823.200012,824.799988,812.5,813.700012,813.700012,32
2007-11-28,800.099976,800.099976,800.099976,800.099976,800.099976,165342
2007-11-29,804,807.799988,791.900024,795.299988,795.299988,66669
2007-11-30,795,798.599976,778.400024,782.200012,782.200012,7212
2007-12-03,783.900024,794.599976,777,788.299988,788.299988,3728
2007-12-04,794,805,787.200012,801.299988,801.299988,925
2007-12-05,802.200012,803.900024,791.700012,797.5,797.5,389
2007-12-06,794.400024,804.799988,786.5,801.200012,801.200012,332
2007-12-07,800.700012,801.200012,792,794.400024,794.400024,218
2007-12-10,799.299988,809.700012,799.299988,807.700012,807.700012,274
2007-12-11,808.099976,812,796,811.400024,811.400024,347
2007-12-12,809.700012,815.900024,809.599976,813.5,813.5,291
2007-12-13,810.299988,810.299988,792.700012,799,799,200
2007-12-14,800.299988,803.5,789.599976,793.299988,793.299988,196
2007-12-17,793.5,794.5,788.400024,794.799988,794.799988,115
2007-12-18,793,804.799988,793,803,803,72
2007-12-19,799.200012,804,799.099976,801.099976,801.099976,68
2007-12-20,799.5,800,794.200012,799.200012,799.200012,114
2007-12-21,800,812.5,800,811.599976,811.599976,64
2007-12-24,811.5,814.099976,809.799988,812.799988,812.799988,41
2007-12-26,815.700012,826.900024,815.700012,826,826,36
2007-12-27,824.799988,832.5,824.799988,828.599976,828.599976,160
2007-12-28,826.599976,840.200012,826.599976,839.599976,839.599976,107
2007-12-31,843.200012,843.200012,843.200012,834.900024,834.900024,4
2008-01-02,848.700012,857.799988,846.400024,857,857,130
2008-01-03,863,865.5,856.299988,866.400024,866.400024,181
2008-01-04,861.400024,865.5,860.200012,863.099976,863.099976,28
2008-01-07,860.900024,860.900024,857.400024,859.599976,859.599976,4
2008-01-08,861.599976,879.400024,861.599976,878,878,21
2008-01-09,885,885,876,879.5,879.5,48
2008-01-10,882,891.400024,881.200012,891.700012,891.700012,6
2008-01-11,889.799988,899.700012,889.700012,896.099976,896.099976,183
2008-01-14,907.299988,907.299988,905,901.599976,901.599976,89
2008-01-15,887.599976,887.599976,887.599976,901,901,101
2008-01-16,880.5,885.799988,880.5,880.599976,880.599976,102
2008-01-17,888.200012,888.200012,876.799988,879.5,879.5,11
2008-01-18,871.799988,886.799988,871,880.799988,880.799988,30
2008-01-22,878.700012,891,863.200012,889.599976,889.599976,30
2008-01-23,885,895.700012,880,882.5,882.5,49
2008-01-24,890.900024,906.599976,890.900024,905.5,905.5,6
2008-01-25,910.5,910.5,910.5,910.5,910.5,6
2008-01-28,916.599976,922,914.5,927.099976,927.099976,25
2008-01-29,925,925,925,925.099976,925.099976,157692
2008-01-30,924.400024,936.299988,915.299988,920.599976,920.599976,68820
2008-01-31,928.200012,928.599976,918.299988,922.700012,922.700012,4289
2008-02-01,924.799988,936.200012,903.700012,908.700012,908.700012,2152
2008-02-04,903.700012,912,892.5,904.900024,904.900024,1493
2008-02-05,905.099976,905.200012,884.700012,885.900024,885.900024,476
2008-02-06,887.900024,910,887.5,900.700012,900.700012,430
2008-02-07,900.599976,909.299988,896.400024,906.099976,906.099976,463
2008-02-08,915.299988,920,911.5,918.400024,918.400024,339
2008-02-11,920.700012,926.900024,917.5,922.900024,922.900024,181
2008-02-12,921,924.799988,904.200012,907.400024,907.400024,278
2008-02-13,903,909.400024,897.200012,906.5,906.5,89
2008-02-14,904,911,904,907.400024,907.400024,128
2008-02-15,910.099976,913.599976,898.700012,902.799988,902.799988,128
2008-02-19,904.299988,928.799988,900.5,926.599976,926.599976,174
2008-02-20,926.5,945,919.599976,934.599976,934.599976,73
2008-02-21,940.099976,953.400024,940.099976,946.099976,946.099976,138
2008-02-22,944.900024,948.5,942.5,944.700012,944.700012,79
2008-02-25,946.5,948.900024,933,937.599976,937.599976,312
2008-02-26,931.299988,949,931.299988,946.099976,946.099976,224
2008-02-27,960,960,955,958.200012,958.200012,215
2008-02-28,957.400024,972.099976,954.400024,964.5,964.5,238
2008-02-29,971.400024,973.099976,963.5,972.099976,972.099976,39
2008-03-03,984.200012,986.900024,979.700012,981.5,981.5,26
2008-03-04,982.400024,984.5,963.799988,963.900024,963.900024,41
2008-03-05,965,992.700012,963.900024,986.200012,986.200012,45
2008-03-06,984.299988,987.700012,973.400024,975,975,46
2008-03-07,982.799988,984.900024,972.400024,972.200012,972.200012,96
2008-03-10,975.5,976.799988,964.700012,969.900024,969.900024,92
2008-03-11,975.700012,976.700012,971.5,974.200012,974.200012,12
2008-03-12,973.599976,979.299988,973.5,978.799988,978.799988,6
2008-03-13,983.700012,998.5,983.700012,992.299988,992.299988,10
2008-03-14,993.900024,1004.599976,993,998.200012,998.200012,27
2008-03-17,1005,1014.599976,996.400024,1001.400024,1001.400024,82
2008-03-18,1003.599976,1010,978.200012,1003.200012,1003.200012,30
2008-03-19,979.299988,979.299988,938.400024,944.700012,944.700012,84
2008-03-20,939.900024,943.200012,917.700012,919.599976,919.599976,34
2008-03-24,915.5,922,915.200012,918.299988,918.299988,71
2008-03-25,931.5,933.900024,927.200012,934.599976,934.599976,102
2008-03-26,949.599976,949.599976,949.599976,949,949,1
2008-03-27,947.400024,951.700012,945.700012,948.799988,948.799988,145634
2008-03-28,947.5,951.099976,921.799988,930.599976,930.599976,64013
2008-03-31,931,940.099976,912,916.200012,916.200012,5980
2008-04-01,915,919.799988,871.799988,882.900024,882.900024,3204
2008-04-02,884,906.5,881.200012,895.200012,895.200012,2367
2008-04-03,901.200012,907.5,889.599976,905,905,984
2008-04-04,904.700012,914.900024,898.799988,909,909,279
2008-04-07,915.299988,927.200012,912.299988,922.700012,922.700012,2086
2008-04-08,924.200012,925.299988,909.299988,914,914,405
2008-04-09,916,935.5,904.099976,933.599976,933.599976,390
2008-04-10,931.299988,939.200012,922.400024,928.299988,928.299988,409
2008-04-11,919.599976,931.200012,919.599976,923.599976,923.599976,141
2008-04-14,917,929.400024,915.599976,925.400024,925.400024,153
2008-04-15,924.299988,936,924.299988,928.700012,928.700012,168
2008-04-16,927.200012,948.700012,927.200012,945.099976,945.099976,161
2008-04-17,927.200012,947.900024,938.700012,939.799988,939.799988,209
2008-04-18,936,936,907.200012,912.200012,912.200012,145
2008-04-21,922.5,924.599976,914.099976,914.700012,914.700012,449
2008-04-22,920.599976,922.799988,916.200012,922.299988,922.299988,625
2008-04-23,916.799988,921.5,898.799988,906.200012,906.200012,111
2008-04-24,902.400024,904.799988,885.099976,886.799988,886.799988,80
2008-04-25,878.200012,893.599976,878.099976,887.200012,887.200012,77
2008-04-28,887,893.799988,887,892.900024,892.900024,339
2008-04-29,890.599976,890.599976,869.599976,874.200012,874.200012,136
2008-04-30,868.700012,875.200012,863,862.799988,862.799988,88
2008-05-01,855,873.5,849.599976,848.900024,848.900024,28
2008-05-02,853.299988,857.700012,853.299988,856.099976,856.099976,6
2008-05-05,861.200012,872.799988,861.200012,872.299988,872.299988,35
2008-05-06,872.299988,881.400024,872.299988,876,876,47
2008-05-07,868,869.400024,864.799988,869.599976,869.599976,43
2008-05-08,871,883.299988,867.099976,880.599976,880.599976,71
2008-05-09,883.900024,884.700012,883.900024,884.5,884.5,25
2008-05-12,879.200012,886.5,879.200012,883.700012,883.700012,56
2008-05-13,862.900024,870.400024,862.900024,868.5,868.5,17
2008-05-14,862.799988,868.599976,862.799988,865.400024,865.400024,41
2008-05-15,865.799988,886.299988,865.799988,879,879,121
2008-05-16,892,904.200012,892,899,899,85
2008-05-19,905,905,905,905,905,2
2008-05-20,919.5,919.5,919.5,919.5,919.5,2
2008-05-21,923.5,924,923.200012,928,928,3
2008-05-22,917.599976,917.599976,917.599976,917.900024,917.900024,1
2008-05-23,916.900024,925.599976,916,925.599976,925.599976,1
2008-05-27,912,912,906.5,907.700012,907.700012,25
2008-05-28,900.5,900.5,900.5,900.5,900.5,149889
2008-05-29,903,903.200012,872.099976,877.200012,877.200012,64624
2008-05-30,880.200012,888.5,868.599976,887.299988,887.299988,6671
2008-06-02,887.299988,898,881.799988,892.900024,892.900024,2132
2008-06-03,889.799988,896.099976,874.599976,881.599976,881.599976,2079
2008-06-04,879.5,886.099976,876,879.900024,879.900024,612
2008-06-05,876.099976,878.799988,865.400024,871.799988,871.799988,340
2008-06-06,878.5,901,877.700012,895.400024,895.400024,230
2008-06-09,900.700012,908.900024,890.5,894.700012,894.700012,1930
2008-06-10,886.599976,886.599976,866,867.900024,867.900024,457
2008-06-11,869.5,882,869.5,879.700012,879.700012,146
2008-06-12,873.599976,873.599976,858.200012,869.200012,869.200012,135
2008-06-13,870.299988,870.299988,860.5,870.299988,870.299988,361
2008-06-16,872.5,893,871.299988,883.599976,883.599976,70
2008-06-17,883.400024,887,876.299988,884.299988,884.299988,62
2008-06-18,888,891.900024,885.099976,890.900024,890.900024,135
2008-06-19,888.599976,906.5,888.599976,901.700012,901.700012,44
2008-06-20,903.799988,907.299988,901,901.299988,901.299988,21
2008-06-23,903.400024,903.400024,879.200012,884.799988,884.799988,54
2008-06-24,889.599976,891.200012,885.5,889.200012,889.200012,64
2008-06-25,883.599976,883.799988,876.400024,880,880,97
2008-06-26,909.599976,912.599976,909.599976,913.099976,913.099976,182
2008-06-27,913.099976,927.599976,910.700012,929.299988,929.299988,167
2008-06-30,927.700012,933.700012,922.299988,926.200012,926.200012,144
2008-07-01,943.599976,945.799988,938,942.5,942.5,32
2008-07-02,938.799988,944.799988,933.099976,944.799988,944.799988,58
2008-07-03,944.799988,944.799988,928,931.900024,931.900024,58
2008-07-07,931.400024,931.400024,915.400024,927.299988,927.299988,141
2008-07-08,922.799988,922.799988,919.200012,921.900024,921.900024,37
2008-07-09,919.799988,928.200012,919.799988,927.299988,927.299988,31
2008-07-10,928.099976,942.099976,928.099976,940.900024,940.900024,18
2008-07-11,948.200012,965.700012,948.200012,959.5,959.5,58
2008-07-14,964.700012,974.599976,955,972.700012,972.700012,55
2008-07-15,983.5,986.200012,976,977.700012,977.700012,12
2008-07-16,960,960,960,961.799988,961.799988,1
2008-07-17,957.299988,976.200012,957.299988,970,970,37
2008-07-18,956.799988,957,956.799988,957.299988,957.299988,2
2008-07-21,964.5,964.5,963.5,963.099976,963.099976,2
2008-07-22,973,974.900024,973,948,948,3
2008-07-23,935,935,924.200012,922.400024,922.400024,203
2008-07-24,920.900024,926.400024,920.900024,922,922,47
2008-07-25,928.400024,929.200012,921.200012,926.599976,926.599976,35
2008-07-28,928.799988,931.099976,927,927.599976,927.599976,28
2008-07-29,916.200012,917.700012,916.200012,916.400024,916.400024,147310
2008-07-30,917.900024,919.099976,893.299988,902.900024,902.900024,93759
2008-07-31,906.900024,925.599976,906.099976,913.900024,913.900024,8550
2008-08-01,904.900024,916.099976,902.099976,909,909,1834
2008-08-04,912.700012,915.299988,894.400024,900.099976,900.099976,2415
2008-08-05,895.400024,895.400024,873.299988,878.599976,878.599976,790
2008-08-06,880.700012,885.599976,875,875.599976,875.599976,1330
2008-08-07,882.200012,883.799988,870.299988,870.700012,870.700012,335
2008-08-08,868.799988,869.5,851.099976,857.799988,857.799988,303
2008-08-11,858.299988,863.400024,818,821.5,821.5,286
2008-08-12,826.400024,826.400024,803.599976,808.200012,808.200012,99
2008-08-13,810.900024,829.099976,810.900024,825,825,155
2008-08-14,831.400024,831.900024,805,808.200012,808.200012,67
2008-08-15,796.900024,799.200012,780.900024,786,786,134
2008-08-18,792,801.700012,792,799.700012,799.700012,22
2008-08-19,789.599976,814.5,789.599976,811.099976,811.099976,48
2008-08-20,814.900024,814.900024,804.700012,810.299988,810.299988,87
2008-08-21,825.799988,835.599976,825.799988,833,833,99
2008-08-22,832.299988,836.599976,823.099976,827.400024,827.400024,21
2008-08-25,819.799988,819.799988,819.799988,819.799988,819.799988,44
2008-08-26,826,826,826,822.200012,822.200012,142
2008-08-27,830.299988,830.299988,825.299988,828.099976,828.099976,423
2008-08-28,828,842.599976,824.5,830.900024,830.900024,503
2008-08-29,831.700012,833,831.700012,829.299988,829.299988,116
2008-09-02,829.900024,840.700012,790.799988,805,805,185
2008-09-03,805.599976,805.599976,791.599976,802.700012,802.700012,28
2008-09-04,801.400024,809.099976,794.900024,797.900024,797.900024,76
2008-09-05,794.700012,809,794,797.599976,797.599976,85
2008-09-08,811,813.200012,796.400024,797.5,797.5,88
2008-09-09,802,802,780,787.099976,787.099976,29
2008-09-10,776.599976,781,752.799988,757.900024,757.900024,56
2008-09-11,756.599976,756.599976,739,741.299988,741.299988,25
2008-09-12,750.5,756,750.5,760.299988,760.299988,12
2008-09-15,778.099976,778.599976,764,783.099976,783.099976,19
2008-09-16,777.700012,777.700012,777,776.5,776.5,2
2008-09-17,782.900024,808,782.900024,846.599976,846.599976,26
2008-09-18,869.900024,910.900024,836,892.700012,892.700012,59
2008-09-19,860.599976,860.599976,860.599976,860.599976,860.599976,112
2008-09-22,888.799988,908.099976,888.799988,903.900024,903.900024,20
2008-09-23,892.400024,898.900024,886,885.5,885.5,184
2008-09-24,879.5,891.299988,879.5,889,889,185
2008-09-25,891.5,891.5,884.5,877.700012,877.700012,92
2008-09-26,884.200012,890.200012,884.200012,882.900024,882.900024,13695
2008-09-29,871.299988,919,866.400024,888.200012,888.200012,2943
2008-09-30,904.799988,912.5,855,874.200012,874.200012,879
2008-10-01,878,889.099976,869.200012,880.700012,880.700012,304
2008-10-02,870.400024,870.400024,829.299988,839,839,462
2008-10-03,832.5,844.299988,823,828.900024,828.900024,228
2008-10-06,828.799988,868.799988,826,862.700012,862.700012,510
2008-10-07,862.099976,883,858.200012,878.400024,878.400024,41
2008-10-08,879.700012,915.5,877.700012,903.099976,903.099976,310
2008-10-09,902.700012,919.700012,883,883.099976,883.099976,76
2008-10-10,925.700012,925.700012,843,855.400024,855.400024,104
2008-10-13,861.099976,861.099976,830.299988,838.900024,838.900024,186
2008-10-14,848.099976,848.099976,833.5,836.299988,836.299988,48
2008-10-15,839.5,848.700012,831.599976,835.5,835.5,120
2008-10-16,846,846,790,801.5,801.5,34
2008-10-17,798,807,773.799988,785.099976,785.099976,55
2008-10-20,803.799988,803.799988,787.5,787.599976,787.599976,19
2008-10-21,793.700012,793.700012,767.700012,766.099976,766.099976,83
2008-10-22,771.700012,771.700012,721,733.299988,733.299988,244
2008-10-23,705,719.799988,705,713.299988,713.299988,37
2008-10-24,715.299988,734.200012,681,729.099976,729.099976,99
2008-10-27,742.799988,744.5,712,741.700012,741.700012,268
2008-10-28,731,748.799988,730.599976,739.299988,739.299988,6
2008-10-29,750.799988,750.799988,750.799988,752.799988,752.799988,90
2008-10-30,760.5,774,739.099976,737.200012,737.200012,24
2008-10-31,731.400024,736,718.400024,716.799988,716.799988,17
2008-11-03,728.799988,731.5,728.700012,725.400024,725.400024,16
2008-11-04,726,760,726,756,756,30
2008-11-05,757.400024,757.400024,739,741.299988,741.299988,22
2008-11-06,743.400024,759,731.900024,731.200012,731.200012,30
2008-11-07,731.5,743,727.200012,733.200012,733.200012,17
2008-11-10,749,753.599976,747.900024,745.599976,745.599976,42
2008-11-11,734.200012,735.599976,729.799988,732,732,39
2008-11-12,730.400024,734.700012,722.5,717.700012,717.700012,71
2008-11-13,714.299988,715.5,707,704.900024,704.900024,922
2008-11-14,726.5,747.099976,726.5,742.400024,742.400024,9
2008-11-17,741.900024,741.900024,741.900024,741.900024,741.900024,9
2008-11-18,738,744.900024,734,732.599976,732.599976,13
2008-11-19,736,758.799988,735,735.900024,735.900024,55
2008-11-20,740.5,750,739.5,748.599976,748.599976,62
2008-11-21,771.299988,784.099976,771.200012,791.700012,791.700012,20
2008-11-24,819.900024,824,819.900024,819.400024,819.400024,3
2008-11-25,818.400024,818.400024,818.400024,818.400024,818.400024,158862
2008-11-26,819.099976,822,806.799988,808.5,808.5,158862
2008-11-28,811.099976,819,808.200012,816.200012,816.200012,6325
2008-12-01,817.200012,817.299988,766,774.599976,774.599976,2791
2008-12-02,765.299988,786,759.700012,781.299988,781.299988,1393
2008-12-03,780,781.900024,762.900024,768.799988,768.799988,439
2008-12-04,770,780.400024,761.700012,763.799988,763.799988,606
2008-12-05,764.5,769.599976,740,750.5,750.5,888
2008-12-08,755,780.200012,754.200012,767.400024,767.400024,573
2008-12-09,775,776.5,762.299988,772.400024,772.400024,101
2008-12-10,784.099976,811,783.099976,807.099976,807.099976,235
2008-12-11,803.400024,832.099976,801,824.900024,824.900024,260
2008-12-12,821.5,827,813.799988,818.900024,818.900024,182
2008-12-15,828,842,824,835.400024,835.400024,470
2008-12-16,839,859,831.599976,841.700012,841.700012,73
2008-12-17,854.400024,880.799988,849.299988,867.5,867.5,122
2008-12-18,862.400024,873,852,859.599976,859.599976,242
2008-12-19,846.599976,852.099976,833.299988,836.400024,836.400024,106
2008-12-22,848.5,851,844,846.200012,846.200012,235
2008-12-23,848,848,835,837.200012,837.200012,176
2008-12-24,838.900024,848.900024,838.5,847.099976,847.099976,19
2008-12-26,847,872.400024,845.799988,870.400024,870.400024,88
2008-12-29,882.900024,882.900024,875,874.599976,874.599976,426
2008-12-30,878.099976,878.099976,866.5,869.299988,869.299988,139
2008-12-31,860,883.599976,858.400024,883.599976,883.599976,35
2009-01-02,881.5,881.5,868.900024,878.799988,878.799988,46
2009-01-05,882,883.5,847,857.200012,857.200012,35
2009-01-06,855.099976,867.599976,840,865.400024,865.400024,113
2009-01-07,862,867,837.700012,841.099976,841.099976,101
2009-01-08,837.900024,861,837.900024,853.900024,853.900024,255
2009-01-09,855.900024,862.099976,855.900024,854.299988,854.299988,123
2009-01-12,844.400024,844.400024,815.400024,820.299988,820.299988,72
2009-01-13,825.599976,825.599976,815.700012,820.099976,820.099976,20
2009-01-14,825.900024,827.099976,814,808.200012,808.200012,5
2009-01-15,805.599976,808.799988,805.599976,806.700012,806.700012,16
2009-01-16,834,842.5,834,839.299988,839.299988,64
2009-01-20,838.700012,862.700012,824,854.599976,854.599976,20
2009-01-21,850.5,852.599976,843.799988,849.599976,849.599976,37
2009-01-22,856.799988,860.900024,846.200012,858.200012,858.200012,57
2009-01-23,875,899.099976,875,895.299988,895.299988,52
2009-01-26,907.299988,911.599976,901.200012,908.5,908.5,18
2009-01-27,902.799988,903,895.200012,899.200012,899.200012,48
2009-01-28,886.099976,894.599976,883.700012,888.099976,888.099976,137271
2009-01-29,888.099976,909.700012,874.200012,905.099976,905.099976,66607
2009-01-30,909.799988,930.299988,902,927.299988,927.299988,10460
2009-02-02,924.299988,928.799988,902.200012,906.700012,906.700012,3220
2009-02-03,903.200012,913.299988,889.799988,892,892,1451
2009-02-04,900.099976,909.200012,897,901.599976,901.599976,465
2009-02-05,906.299988,924.400024,904.400024,913.599976,913.599976,770
2009-02-06,914.5,918.5,909.5,913.900024,913.900024,334
2009-02-09,910,911,891.799988,892.400024,892.400024,984
2009-02-10,898,917.5,892,913.700012,913.700012,252
2009-02-11,913.700012,947.200012,912.200012,943.799988,943.799988,892
2009-02-12,938.799988,952.799988,936.400024,948.5,948.5,335
2009-02-13,947.299988,947.299988,934.200012,941.5,941.5,137
2009-02-17,939.5,973.799988,937.299988,967,967,1639
2009-02-18,968.400024,988,962.200012,977.700012,977.700012,422
2009-02-19,982.700012,986.200012,972,976.099976,976.099976,202
2009-02-20,974,1004.900024,971.599976,1001.799988,1001.799988,219
2009-02-23,995.599976,996.5,980,994.599976,994.599976,215
2009-02-24,988,991.599976,963.200012,969.099976,969.099976,243
2009-02-25,963.299988,977.5,953.099976,965.700012,965.700012,1019
2009-02-26,953,956,933,941.799988,941.799988,687
2009-02-27,943.400024,963.200012,928.099976,941.5,941.5,730
2009-03-02,945,963.200012,924.5,939,939,474
2009-03-03,927,931.799988,906.400024,912.900024,912.900024,362
2009-03-04,914.900024,923.200012,900.099976,906,906,155
2009-03-05,912,932.599976,908.900024,927,927,141
2009-03-06,933.5,944.5,931.799988,942.099976,942.099976,308
2009-03-09,940.5,940.5,914.5,917.700012,917.700012,838
2009-03-10,921.599976,921.799988,892.099976,895.599976,895.599976,120
2009-03-11,894.700012,912.400024,894.099976,910.400024,910.400024,221
2009-03-12,909.200012,927.5,908,923.700012,923.700012,118
2009-03-13,924.400024,937,924.400024,929.799988,929.799988,69
2009-03-16,926.400024,929.599976,916.700012,921.599976,921.599976,139
2009-03-17,923.200012,924.400024,912.400024,916.400024,916.400024,48
2009-03-18,915.400024,944,885,888.700012,888.700012,120
2009-03-19,938,960.799988,933.799988,958.299988,958.299988,360
2009-03-20,960.599976,960.599976,954,955.799988,955.799988,23
2009-03-23,950.700012,952.599976,937.900024,952.099976,952.099976,30
2009-03-24,923.299988,923.299988,923.299988,923.299988,923.299988,1494
2009-03-25,921.200012,936.5,920.799988,935.400024,935.400024,97
2009-03-26,939.599976,943,937.599976,939.599976,939.599976,66
2009-03-27,923,923,923,923,923,106869
2009-03-30,924.599976,932.5,908.599976,915.5,915.5,58837
2009-03-31,918,924.5,911.599976,922.599976,922.599976,7403
2009-04-01,918.599976,932.5,916.900024,926.099976,926.099976,3659
2009-04-02,926.900024,930.299988,894.900024,907.400024,907.400024,3389
2009-04-03,904.599976,910.299988,891.299988,895.599976,895.599976,1616
2009-04-06,895,895,865.099976,871.5,871.5,1078
2009-04-07,872.200012,884.700012,872.200012,882.200012,882.200012,395
2009-04-08,884,889.099976,879,884.799988,884.799988,119
2009-04-09,882.400024,886.099976,874.700012,882.200012,882.200012,360
2009-04-13,882.5,899.400024,882.5,894.700012,894.700012,418
2009-04-14,896.099976,897.799988,887.400024,890.900024,890.900024,362
2009-04-15,890,895.299988,888.900024,892.799988,892.799988,665
2009-04-16,890.900024,893.400024,872.799988,879.299988,879.299988,632
2009-04-17,874,875.700012,865,867.400024,867.400024,212
2009-04-20,868.799988,889,866.099976,887,887,655
2009-04-21,886.900024,895.099976,880.700012,882.099976,882.099976,230
2009-04-22,883.099976,893,883,891.799988,891.799988,330
2009-04-23,893.599976,909,892.599976,905.900024,905.900024,234
2009-04-24,911.200012,913.599976,906.700012,913.599976,913.599976,438
2009-04-27,918,918,906.299988,907.400024,907.400024,1179
2009-04-28,899.700012,899.700012,890.099976,892.799988,892.799988,308
2009-04-29,890.099976,902.5,887.799988,899.799988,899.799988,809
2009-04-30,898.200012,898.900024,881.299988,890.700012,890.700012,212
2009-05-01,884,889.200012,881.5,887.599976,887.599976,506
2009-05-04,885.799988,907.5,885.799988,901.599976,901.599976,83
2009-05-05,903.5,912.299988,902,903.700012,903.700012,69
2009-05-06,901.299988,911.099976,901.299988,910.5,910.5,30
2009-05-07,922.400024,924,910.400024,915,915,64
2009-05-08,910.099976,915.299988,910.099976,914.400024,914.400024,156
2009-05-11,913.099976,914.400024,913.099976,913,913,2
2009-05-12,918.5,923.5,916.099976,923.5,923.5,24
2009-05-13,922,929.700012,921.200012,925.5,925.5,71
2009-05-14,922.599976,922.599976,922.599976,928,928,1
2009-05-15,925.200012,931.599976,925.200012,930.900024,930.900024,45
2009-05-18,929.599976,932.900024,918.700012,921.299988,921.299988,71
2009-05-19,926.299988,926.299988,926.299988,926.299988,926.299988,71
2009-05-20,933,940.5,931,937,937,67
2009-05-21,939.099976,943.900024,937.400024,950.799988,950.799988,71
2009-05-22,956.900024,958.700012,956.900024,958.5,958.5,12
2009-05-26,953,953.5,944,953.099976,953.099976,20
2009-05-27,947.200012,956,947.200012,953.200012,953.200012,151332
2009-05-28,948.599976,964.900024,944,961.5,961.5,74257
2009-05-29,959.200012,980.400024,959,978.799988,978.799988,7607
2009-06-01,978.799988,988.099976,973,978.599976,978.599976,2883
2009-06-02,974.700012,986.5,969.799988,983.200012,983.200012,2345
2009-06-03,981.700012,990.299988,961,964.5,964.5,1187
2009-06-04,963.599976,982,960.900024,981.200012,981.200012,600
2009-06-05,981.400024,983,954,961.700012,961.700012,714
2009-06-08,958,960.099976,944.400024,951.700012,951.700012,580
2009-06-09,953.5,963.700012,948.400024,954,954,684
2009-06-10,956,966,949.200012,954,954,698
2009-06-11,954.299988,961.900024,943.099976,961.299988,961.299988,583
2009-06-12,955.900024,956.5,935.799988,940.099976,940.099976,166
2009-06-15,938.5,938.5,926.900024,926.900024,926.900024,258
2009-06-16,930.900024,938.599976,930.900024,931.599976,931.599976,149
2009-06-17,931.5,937.799988,930.400024,935.400024,935.400024,29
2009-06-18,942,942,931,934,934,91
2009-06-19,932,936.5,932,935.599976,935.599976,73
2009-06-22,925,926.200012,919,920.599976,920.599976,134
2009-06-23,921.900024,926.5,917.299988,923.900024,923.900024,181
2009-06-24,925.400024,942.700012,922.900024,934.099976,934.099976,588
2009-06-25,932.299988,939.099976,932.299988,939.099976,939.099976,72
2009-06-26,945.299988,946,939.599976,940.700012,940.700012,185
2009-06-29,940.200012,942.5,934.799988,940.400024,940.400024,445
2009-06-30,941.400024,943.900024,925.299988,927.099976,927.099976,128
2009-07-01,929.299988,944.200012,928,941,941,88
2009-07-02,941.400024,941.5,926.599976,930.700012,930.700012,67
2009-07-06,933.5,933.5,920.200012,924,924,108
2009-07-07,924.200012,931.700012,921.200012,928.799988,928.799988,57
2009-07-08,919.599976,919.599976,905.599976,909,909,41
2009-07-09,907.200012,917.400024,907.200012,915.900024,915.900024,74
2009-07-10,910.700012,913.5,908.5,912.200012,912.200012,40
2009-07-13,911.5,922.200012,908.400024,922.200012,922.200012,30
2009-07-14,920.200012,926.200012,920.200012,922.5,922.5,64
2009-07-15,928.900024,941,928.299988,939.099976,939.099976,67
2009-07-16,938.400024,938.400024,934.799988,935.099976,935.099976,63
2009-07-17,936.900024,937.799988,931.799988,937.200012,937.200012,34
2009-07-20,954.099976,954.5,950.900024,948.5,948.5,5
2009-07-21,948.599976,948.599976,945.799988,946.599976,946.599976,15
2009-07-22,949.200012,953,946.400024,953,953,71
2009-07-23,954.200012,954.200012,949.799988,954.5,954.5,47
2009-07-24,950.299988,952.799988,950.299988,952.799988,952.799988,77
2009-07-27,955.099976,957.099976,953.299988,953.299988,953.299988,5
2009-07-28,949.5,949.5,937.5,939,939,10
2009-07-29,927.200012,927.200012,927.200012,927.200012,927.200012,129090
2009-07-30,929.200012,937,928.400024,934.900024,934.900024,36620
2009-07-31,934.400024,958.099976,932,953.700012,953.700012,10747
2009-08-03,952.599976,964,952.400024,956.599976,956.599976,2602
2009-08-04,956.599976,969.5,950.799988,967.5,967.5,565
2009-08-05,967.599976,968.099976,959.799988,964.200012,964.200012,742
2009-08-06,964.099976,971.099976,956.5,960.700012,960.700012,543
2009-08-07,964.299988,964.299988,954.599976,957.299988,957.299988,641
2009-08-10,955,956.099976,943.5,945,945,395
2009-08-11,947.200012,949.700012,943.099976,945.799988,945.799988,106
2009-08-12,947.5,951.5,943,950.700012,950.700012,102
2009-08-13,952.599976,960.099976,952.299988,954.700012,954.700012,104
2009-08-14,957.400024,957.400024,942.099976,947,947,141
2009-08-17,947.400024,947.400024,931.5,934.299988,934.299988,128
2009-08-18,938.599976,938.599976,935.5,937.700012,937.700012,276
2009-08-19,941.799988,944.900024,933.400024,943.299988,943.299988,194
2009-08-20,942.900024,945.700012,940.099976,940.299988,940.299988,35
2009-08-21,957,957.599976,952.599976,953.200012,953.200012,53
2009-08-24,953.5,957,941.299988,942.299988,942.299988,198
2009-08-25,946.299988,954.5,943.5,944.5,944.5,143
2009-08-26,947.5,948.200012,940.299988,944.299988,944.299988,128
2009-08-27,944.200012,949.400024,942.900024,945.5,945.5,193
2009-08-28,949.299988,962.200012,948.099976,957,957,182
2009-08-31,959.5,959.5,944.799988,951.700012,951.700012,21
2009-09-01,954.200012,956.5,948.700012,954.700012,954.700012,17
2009-09-02,954,978.799988,954,976.599976,976.599976,65
2009-09-03,978.099976,995.799988,978.099976,995.799988,995.799988,55
2009-09-04,992.599976,995,985.5,994.900024,994.900024,75
2009-09-08,993.5,1006.900024,993.200012,997.900024,997.900024,90
2009-09-09,1002,1002.799988,988.799988,995.299988,995.299988,84
2009-09-10,996.200012,997.200012,987.299988,995.400024,995.400024,51
2009-09-11,999.700012,1011.900024,999.700012,1004.900024,1004.900024,198
2009-09-14,1002.900024,1003.799988,998.5,999.900024,999.900024,91
2009-09-15,998,1008,994.900024,1005,1005,118
2009-09-16,1014.700012,1019.799988,1014.700012,1018.900024,1018.900024,92
2009-09-17,1017.200012,1019.5,1011.599976,1012.299988,1012.299988,48
2009-09-18,1013.900024,1017.599976,1009.200012,1009.200012,1009.200012,26
2009-09-21,1003.700012,1003.700012,998,1003.700012,1003.700012,26
2009-09-22,1011.5,1019.400024,1011.5,1014.200012,1014.200012,67
2009-09-23,1014.400024,1015.200012,1008.200012,1013,1013,212
2009-09-24,1015,1015,993.900024,997.5,997.5,123
2009-09-25,997.299988,997.400024,986.700012,990.200012,990.200012,70
2009-09-28,993.200012,993.200012,991.400024,992.5,992.5,6999
2009-09-29,990.5,995.700012,984.700012,993.099976,993.099976,5742
2009-09-30,992.5,1009,992.5,1008,1008,1393
2009-10-01,1007.400024,1008.799988,998,999.5,999.5,213
2009-10-02,998.799988,1007.299988,986.799988,1003.200012,1003.200012,247
2009-10-05,1004.099976,1017.599976,1003,1016.700012,1016.700012,180
2009-10-06,1019.5,1043.800049,1018.299988,1038.599976,1038.599976,180
2009-10-07,1038.300049,1048.199951,1038.300049,1043.300049,1043.300049,180
2009-10-08,1045.800049,1060.400024,1045.099976,1055.400024,1055.400024,160
2009-10-09,1049.300049,1051.5,1044,1047.800049,1047.800049,175
2009-10-12,1049,1058.400024,1049,1056.699951,1056.699951,209
2009-10-13,1064,1068.400024,1056.5,1064.199951,1064.199951,183
2009-10-14,1064,1070.199951,1057.599976,1063.900024,1063.900024,140
2009-10-15,1062.199951,1062.199951,1048,1049.800049,1049.800049,179
2009-10-16,1051.5,1056.199951,1043.699951,1050.699951,1050.699951,76
2009-10-19,1053.599976,1061.199951,1049.199951,1057.300049,1057.300049,157
2009-10-20,1065.5,1066.199951,1054,1057.800049,1057.800049,231
2009-10-21,1053.699951,1064,1047.5,1063.699951,1063.699951,35
2009-10-22,1061.199951,1061.199951,1051.5,1057.800049,1057.800049,173
2009-10-23,1063.800049,1065.900024,1050.199951,1055.599976,1055.599976,116
2009-10-26,1055.599976,1055.599976,1039.900024,1042.099976,1042.099976,76
2009-10-27,1039.5,1042.099976,1034.699951,1034.699951,1034.699951,100
2009-10-28,1042.099976,1042.099976,1028,1029.900024,1029.900024,307
2009-10-29,1035.199951,1047.300049,1032.400024,1046.400024,1046.400024,234
2009-10-30,1045.5,1045.800049,1035.599976,1039.699951,1039.699951,148
2009-11-02,1053.400024,1061.800049,1043.5,1053.400024,1053.400024,41
2009-11-03,1084.300049,1087,1056.800049,1084.300049,1084.300049,196
2009-11-04,1086.699951,1097.400024,1082.199951,1086.699951,1086.699951,114
2009-11-05,1088.699951,1092.300049,1086,1088.699951,1088.699951,63
2009-11-06,1095.099976,1100,1090.199951,1095.099976,1095.099976,102
2009-11-09,1098.599976,1109.300049,1098.599976,1100.800049,1100.800049,102
2009-11-10,1100.900024,1108.599976,1098.199951,1101.900024,1101.900024,92
2009-11-11,1114,1117.599976,1106.300049,1114,1114,104
2009-11-12,1106,1121.300049,1104.300049,1106,1106,68
2009-11-13,1116.099976,1118.199951,1105,1116.099976,1116.099976,56
2009-11-16,1138.599976,1140.5,1127.199951,1138.599976,1138.599976,64
2009-11-17,1138.800049,1140.400024,1131.300049,1138.800049,1138.800049,67
2009-11-18,1140.699951,1149.400024,1136.5,1140.699951,1140.699951,77
2009-11-19,1141.400024,1144.800049,1135.5,1141.400024,1141.400024,20
2009-11-20,1146.400024,1147.900024,1137.300049,1146.400024,1146.400024,18
2009-11-23,1164.300049,1163,1164.300049,1164.300049,1164.300049,3
2009-11-24,1165.5,1169.800049,1167.5,1165.5,1165.5,26
2009-11-25,1186.900024,1186.900024,1186.900024,1186.900024,1186.900024,205513
2009-11-27,1190.800049,1195,1130.099976,1174.199951,1174.199951,112015
2009-11-30,1179.900024,1183.699951,1163.699951,1181.099976,1181.099976,14549
2009-12-01,1181,1202.699951,1176,1199.099976,1199.099976,3787
2009-12-02,1196.400024,1217.300049,1196.300049,1212,1212,2145
2009-12-03,1218,1226.400024,1204.599976,1217.400024,1217.400024,1530
2009-12-04,1207.800049,1211.199951,1147,1168.800049,1168.800049,4288
2009-12-07,1157.599976,1165.5,1136.300049,1163.400024,1163.400024,3669
2009-12-08,1159.5,1169.300049,1125.300049,1142.800049,1142.800049,784
2009-12-09,1130.300049,1147,1116.5,1120.400024,1120.400024,2256
2009-12-10,1125.699951,1134.800049,1122.199951,1125.699951,1125.699951,344
2009-12-11,1132.699951,1141.400024,1110.800049,1119.400024,1119.400024,912
2009-12-14,1123.300049,1127.5,1114.5,1123.300049,1123.300049,230
2009-12-15,1127.900024,1128.599976,1111.900024,1122.400024,1122.400024,242
2009-12-16,1125.699951,1140,1122.400024,1135.5,1135.5,205
2009-12-17,1141.5,1141.5,1095.699951,1106.800049,1106.800049,422
2009-12-18,1110.800049,1115.199951,1097.800049,1110.800049,1110.800049,404
2009-12-21,1095.400024,1119.199951,1090.800049,1095.400024,1095.400024,248
2009-12-22,1095.300049,1097.400024,1075,1086,1086,480
2009-12-23,1093.300049,1094.599976,1080,1093.300049,1093.300049,168
2009-12-24,1092,1105.300049,1092,1104.099976,1104.099976,127
2009-12-28,1107.199951,1111.900024,1102.800049,1107.199951,1107.199951,350
2009-12-29,1097,1105.199951,1097,1097,1097,1038
2009-12-30,1091.5,1097.099976,1086,1091.5,1091.5,399
2009-12-31,1095.199951,1106.099976,1094,1095.199951,1095.199951,149
2010-01-04,1117.699951,1122.300049,1097.099976,1117.699951,1117.699951,184
2010-01-05,1118.099976,1126.5,1115,1118.099976,1118.099976,53
2010-01-06,1135.900024,1139.199951,1120.699951,1135.900024,1135.900024,363
2010-01-07,1133.099976,1133.099976,1129.199951,1133.099976,1133.099976,56
2010-01-08,1138.199951,1138.199951,1122.699951,1138.199951,1138.199951,54
2010-01-11,1150.699951,1161.199951,1143,1150.699951,1150.699951,177
2010-01-12,1128.900024,1157.199951,1127.199951,1128.900024,1128.900024,51
2010-01-13,1136.400024,1136.400024,1121,1136.400024,1136.400024,58
2010-01-14,1137,1145.900024,1132.800049,1142.599976,1142.599976,81
2010-01-15,1132.800049,1133.400024,1127.199951,1130.099976,1130.099976,50
2010-01-19,1139.699951,1139.699951,1130.5,1139.699951,1139.699951,22
2010-01-20,1123.300049,1133,1109.800049,1112.300049,1112.300049,28
2010-01-21,1102.699951,1107.5,1090.199951,1102.699951,1102.699951,99
2010-01-22,1089.199951,1095.400024,1083,1089.199951,1089.199951,58
2010-01-25,1095.199951,1095.199951,1095.199951,1095.199951,1095.199951,8
2010-01-26,1097.900024,1097.900024,1097.900024,1097.900024,1097.900024,4
2010-01-27,1084.400024,1084.400024,1084.400024,1084.400024,1084.400024,206694
2010-01-28,1087.800049,1095.699951,1073.199951,1083.599976,1083.599976,101168
2010-01-29,1085,1090.800049,1074.5,1083,1083,11456
2010-02-01,1081,1107.300049,1076.800049,1104.300049,1104.300049,2452
2010-02-02,1117.400024,1118.5,1100.199951,1117.400024,1117.400024,3326
2010-02-03,1115.800049,1124.900024,1108.599976,1111.400024,1111.400024,853
2010-02-04,1110,1110.699951,1059,1062.400024,1062.400024,1426
2010-02-05,1052.199951,1068.5,1045.199951,1052.199951,1052.199951,1956
2010-02-08,1065.699951,1073.400024,1061.599976,1065.699951,1065.699951,549
2010-02-09,1076.699951,1082,1063.099976,1076.699951,1076.699951,387
2010-02-10,1075.800049,1081.099976,1063.300049,1075.800049,1075.800049,640
2010-02-11,1076.800049,1097.099976,1075.599976,1094.199951,1094.199951,1491
2010-02-12,1089.5,1092,1079.800049,1089.5,1089.5,197
2010-02-16,1119.300049,1120.400024,1092.400024,1119.300049,1119.300049,928
2010-02-17,1119.5,1127,1108.5,1119.5,1119.5,1083
2010-02-18,1118,1123.699951,1100.800049,1118,1118,989
2010-02-19,1121.300049,1126.199951,1099.699951,1121.300049,1121.300049,137
2010-02-22,1112.599976,1127.400024,1110,1112.599976,1112.599976,124
2010-02-23,1116.400024,1118.300049,1102.599976,1102.699951,1102.699951,152
2010-02-24,1096.5,1096.5,1096.5,1096.5,1096.5,751
2010-02-25,1107.800049,1108.199951,1088.699951,1107.800049,1107.800049,386
2010-02-26,1106.800049,1118.300049,1106.800049,1118.300049,1118.300049,382
2010-03-01,1119.300049,1121.900024,1113.599976,1117.800049,1117.800049,184
2010-03-02,1136.900024,1137.400024,1115.699951,1136.900024,1136.900024,155
2010-03-03,1142.699951,1145,1133.699951,1142.699951,1142.699951,170
2010-03-04,1132.599976,1139,1128.599976,1132.599976,1132.599976,118
2010-03-05,1134.800049,1134.800049,1134.800049,1134.800049,1134.800049,129
2010-03-08,1123.599976,1123.599976,1123.599976,1123.599976,1123.599976,17
2010-03-09,1122,1124,1113.099976,1122,1122,27
2010-03-10,1107.800049,1127.099976,1106.900024,1107.800049,1107.800049,21
2010-03-11,1108,1108,1108,1108,1108,46
2010-03-12,1101.5,1117.400024,1099.900024,1101.5,1101.5,135
2010-03-15,1105.099976,1107.099976,1101.400024,1105.099976,1105.099976,21
2010-03-16,1122.199951,1127,1114.5,1122.199951,1122.199951,66
2010-03-17,1124,1131.400024,1118,1124,1124,29
2010-03-18,1127.400024,1127.800049,1121.099976,1127.400024,1127.400024,86
2010-03-19,1107.400024,1107.400024,1107.400024,1107.400024,1107.400024,54
2010-03-22,1099.300049,1099.300049,1099.300049,1099.300049,1099.300049,71
2010-03-23,1103.5,1103.5,1103.5,1103.5,1103.5,16
2010-03-24,1088.599976,1092.400024,1085.5,1088.599976,1088.599976,9
2010-03-25,1092.699951,1092.699951,1086.699951,1092.699951,1092.699951,8
2010-03-26,1104.199951,1104.199951,1104.199951,1104.199951,1104.199951,5
2010-03-29,1110.300049,1110.300049,1110.300049,1110.300049,1110.300049,158733
2010-03-30,1109.699951,1112.900024,1101.099976,1104.5,1104.5,56533
2010-03-31,1103.099976,1118.699951,1102,1113.300049,1113.300049,5950
2010-04-01,1125.099976,1127.699951,1111.300049,1125.099976,1125.099976,2696
2010-04-05,1122.300049,1133.300049,1119.900024,1132.900024,1132.900024,567
2010-04-06,1130.800049,1138.5,1122.699951,1135.099976,1135.099976,2490
2010-04-07,1152.300049,1153,1132.599976,1152.300049,1152.300049,1342
2010-04-08,1152.199951,1152.300049,1144,1152.199951,1152.199951,254
2010-04-09,1161.099976,1164.800049,1150.5,1161.099976,1161.099976,505
2010-04-12,1161.599976,1169,1154.599976,1161.599976,1161.599976,483
2010-04-13,1152.800049,1157,1145,1152.800049,1152.800049,278
2010-04-14,1159,1160.599976,1151.199951,1159,1159,162
2010-04-15,1157.5,1159.800049,1151,1159.699951,1159.699951,179
2010-04-16,1136.300049,1160,1130.400024,1136.300049,1136.300049,483
2010-04-19,1135.199951,1137.099976,1124,1135.199951,1135.199951,145
2010-04-20,1138.599976,1145.800049,1136,1138.599976,1138.599976,80
2010-04-21,1148.199951,1150,1138.400024,1148.199951,1148.199951,68
2010-04-22,1142.300049,1144,1133.599976,1142.300049,1142.300049,213
2010-04-23,1153.099976,1153.099976,1153.099976,1153.099976,1153.099976,40
2010-04-26,1160.099976,1160.099976,1151.400024,1153.5,1153.5,108
2010-04-27,1152.800049,1170.699951,1148.599976,1161.699951,1161.699951,213
2010-04-28,1171.300049,1171.300049,1171.300049,1171.300049,1171.300049,299
2010-04-29,1168.400024,1171.199951,1164,1168.400024,1168.400024,166
2010-04-30,1180.099976,1181.300049,1170,1180.099976,1180.099976,146
2010-05-03,1178.599976,1187.5,1177.300049,1182.699951,1182.699951,90
2010-05-04,1168.599976,1191.800049,1168.300049,1168.599976,1168.599976,94
2010-05-05,1174.599976,1177.199951,1159.199951,1174.599976,1174.599976,98
2010-05-06,1196.900024,1210.599976,1175.900024,1196.900024,1196.900024,79
2010-05-07,1210,1210.800049,1194.599976,1210,1210,112
2010-05-10,1200.400024,1203.800049,1189.199951,1200.400024,1200.400024,118
2010-05-11,1219.900024,1233.5,1201.5,1219.900024,1219.900024,201
2010-05-12,1242.699951,1246.5,1227.099976,1242.699951,1242.699951,213
2010-05-13,1235.300049,1240,1228.699951,1228.800049,1228.800049,37
2010-05-14,1227.400024,1227.400024,1227.400024,1227.400024,1227.400024,99
2010-05-17,1233.300049,1235.900024,1225.199951,1227.699951,1227.699951,49
2010-05-18,1214.300049,1216.099976,1208.199951,1214.300049,1214.300049,73
2010-05-19,1192.599976,1192.599976,1192.599976,1192.599976,1192.599976,75
2010-05-20,1187.800049,1191.800049,1179.400024,1187.800049,1187.800049,297
2010-05-21,1175.699951,1175.699951,1175.699951,1175.699951,1175.699951,177
2010-05-24,1193.800049,1193.800049,1193.800049,1193.800049,1193.800049,14
2010-05-25,1197.800049,1200,1195.599976,1197.800049,1197.800049,9
2010-05-26,1213.300049,1213.300049,1213.300049,1213.300049,1213.300049,237497
2010-05-27,1211.699951,1218.5,1205.400024,1211.900024,1211.900024,109434
2010-05-28,1210.400024,1214.800049,1201.099976,1212.199951,1212.199951,12895
2010-06-01,1224.800049,1228.199951,1209.300049,1224.800049,1224.800049,4547
2010-06-02,1220.599976,1225.800049,1213.199951,1220.599976,1220.599976,2799
2010-06-03,1208.300049,1224,1201,1208.300049,1208.300049,1552
2010-06-04,1207.599976,1220.400024,1196.900024,1216.199951,1216.199951,1070
2010-06-07,1239.300049,1244.699951,1211,1239.300049,1239.300049,859
2010-06-08,1241.5,1252.099976,1234.099976,1244,1244,763
2010-06-09,1237,1238.199951,1222,1228.5,1228.5,446
2010-06-10,1232.800049,1233.5,1215.099976,1220.800049,1220.800049,488
2010-06-11,1228.900024,1229.599976,1218,1228.900024,1228.900024,481
2010-06-14,1223.199951,1232.699951,1217.699951,1223.300049,1223.300049,989
2010-06-15,1222.599976,1236,1222.400024,1233.199951,1233.199951,251
2010-06-16,1229.300049,1229.300049,1229.300049,1229.300049,1229.300049,318
2010-06-17,1233.900024,1251.099976,1233.900024,1247.5,1247.5,266
2010-06-18,1247.699951,1261.5,1242.900024,1257.199951,1257.199951,130
2010-06-21,1257.400024,1264.800049,1232,1239.699951,1239.699951,219
2010-06-22,1239.900024,1242.800049,1232.099976,1239.900024,1239.900024,172
2010-06-23,1233.900024,1245.099976,1226.900024,1234.099976,1234.099976,100
2010-06-24,1236.400024,1248.099976,1230.699951,1245.5,1245.5,253
2010-06-25,1246.699951,1256.900024,1243.699951,1255.800049,1255.800049,159
2010-06-28,1238.199951,1238.199951,1238.199951,1238.199951,1238.199951,351
2010-06-29,1242,1245,1228.5,1242,1242,417
2010-06-30,1245.5,1246.199951,1236.699951,1245.5,1245.5,73
2010-07-01,1206.300049,1242.400024,1204.5,1206.300049,1206.300049,50
2010-07-02,1201.400024,1211.599976,1200.800049,1207.400024,1207.400024,169
2010-07-06,1207.300049,1211.800049,1190.5,1194.800049,1194.800049,52
2010-07-07,1198.599976,1198.599976,1198.599976,1198.599976,1198.599976,18
2010-07-08,1195.800049,1203.300049,1189.300049,1195.800049,1195.800049,93
2010-07-09,1209.599976,1213,1195,1209.599976,1209.599976,22
2010-07-12,1198.5,1198.5,1198.5,1198.5,1198.5,45
2010-07-13,1213.300049,1217.400024,1205.199951,1213.300049,1213.300049,53
2010-07-14,1212,1213.800049,1202.400024,1206.800049,1206.800049,54
2010-07-15,1208.099976,1208.099976,1208.099976,1208.099976,1208.099976,32
2010-07-16,1188,1188,1188,1188,1188,46
2010-07-19,1181.699951,1182.199951,1180,1181.699951,1181.699951,4
2010-07-20,1191.5,1191.5,1191.5,1191.5,1191.5,8
2010-07-21,1191.599976,1194.5,1184.099976,1191.599976,1191.599976,24
2010-07-22,1195.5,1196,1194.400024,1195.5,1195.5,79
2010-07-23,1187.699951,1198.599976,1187.699951,1187.699951,1187.699951,32
2010-07-26,1183,1183,1183,1183,1183,37
2010-07-27,1158,1158,1158,1158,1158,29
2010-07-28,1160.400024,1160.400024,1160.400024,1160.400024,1160.400024,206828
2010-07-29,1163.800049,1169.199951,1158.699951,1168.400024,1168.400024,54384
2010-07-30,1168.199951,1183.099976,1166,1181.699951,1181.699951,5466
2010-08-02,1183.400024,1191.800049,1174.699951,1183.400024,1183.400024,2504
2010-08-03,1185.199951,1190.5,1180,1185.199951,1185.199951,598
2010-08-04,1186.300049,1203,1186.300049,1193.699951,1193.699951,1068
2010-08-05,1197.199951,1199.300049,1190,1197.199951,1197.199951,214
2010-08-06,1203.300049,1211,1195.300049,1203.400024,1203.400024,347
2010-08-09,1205.800049,1209.5,1199.800049,1200.699951,1200.699951,658
2010-08-10,1196.199951,1206.5,1191,1196.199951,1196.199951,713
2010-08-11,1197.5,1208,1193,1197.5,1197.5,351
2010-08-12,1214.800049,1215.5,1199,1214.800049,1214.800049,289
2010-08-13,1214.900024,1214.900024,1214.900024,1214.900024,1214.900024,138
2010-08-16,1224.5,1225.400024,1218,1224.5,1224.5,252
2010-08-17,1226.599976,1227.400024,1224,1226.599976,1226.599976,84
2010-08-18,1229.699951,1231.599976,1218,1229.699951,1229.699951,169
2010-08-19,1233.800049,1237.599976,1228.800049,1233.800049,1233.800049,46
2010-08-20,1227.199951,1232.800049,1223,1227.199951,1227.199951,236
2010-08-23,1226.900024,1228.900024,1222.900024,1226.900024,1226.900024,56
2010-08-24,1231.800049,1234,1211.5,1231.800049,1231.800049,300
2010-08-25,1239.5,1240.699951,1230.699951,1239.5,1239.5,298
2010-08-26,1235.400024,1243.300049,1235,1235.400024,1235.400024,104
2010-08-27,1236,1236,1236,1236,1236,573
2010-08-30,1237.099976,1237.900024,1234,1237.099976,1237.099976,128
2010-08-31,1248.300049,1249.400024,1233,1248.300049,1248.300049,124
2010-09-01,1246.300049,1254.300049,1243.599976,1246.300049,1246.300049,41
2010-09-02,1251.5,1252.5,1246.900024,1251.5,1251.5,100
2010-09-03,1249.199951,1249.199951,1240,1249.199951,1249.199951,3
2010-09-07,1257.300049,1258,1255.5,1257.300049,1257.300049,7
2010-09-08,1255.599976,1260.199951,1254.699951,1255.599976,1255.599976,27
2010-09-09,1248.900024,1256,1244.099976,1248.900024,1248.900024,9
2010-09-10,1244.5,1244.5,1244.5,1244.5,1244.5,20
2010-09-13,1245.099976,1245.099976,1245.099976,1245.099976,1245.099976,18
2010-09-14,1269.699951,1272.400024,1253.400024,1269.699951,1269.699951,87
2010-09-15,1266.599976,1269.800049,1263.5,1266.699951,1266.699951,34
2010-09-16,1271.900024,1275.199951,1268.699951,1271.900024,1271.900024,37
2010-09-17,1275.599976,1279.599976,1273.800049,1275.599976,1275.599976,54
2010-09-20,1279,1282,1279,1279,1279,27
2010-09-21,1272.400024,1289.800049,1271.800049,1272.400024,1272.400024,56
2010-09-22,1290.199951,1290.199951,1290.199951,1290.199951,1290.199951,17
2010-09-23,1294.300049,1294.300049,1289.400024,1294.300049,1294.300049,45
2010-09-24,1296,1297.400024,1294.199951,1296,1296,37
2010-09-27,1296.699951,1296.699951,1296.699951,1296.699951,1296.699951,67
2010-09-28,1287.5,1308.599976,1287.5,1306.599976,1306.599976,25190
2010-09-29,1309.400024,1312.5,1305,1308.5,1308.5,6745
2010-09-30,1307.199951,1315.199951,1295.699951,1307.800049,1307.800049,579
2010-10-01,1309,1320,1309,1316.099976,1316.099976,153
2010-10-04,1318.300049,1319.099976,1312,1315.400024,1315.400024,95
2010-10-05,1312.900024,1341.099976,1312.900024,1338.900024,1338.900024,197
2010-10-06,1339.099976,1349,1339,1346.400024,1346.400024,215
2010-10-07,1347.900024,1363,1325.699951,1333.900024,1333.900024,261
2010-10-08,1333.5,1348.400024,1325,1344.199951,1344.199951,80
2010-10-11,1346.699951,1353.699951,1344,1353.300049,1353.300049,79
2010-10-12,1346.900024,1352.199951,1343.599976,1345.699951,1345.699951,112
2010-10-13,1356.400024,1374,1355.099976,1369.5,1369.5,251
2010-10-14,1372.800049,1383.900024,1371.300049,1376.699951,1376.699951,106
2010-10-15,1379.199951,1382.400024,1364.699951,1371.099976,1371.099976,170
2010-10-18,1358,1372.599976,1358,1371.199951,1371.199951,46
2010-10-19,1366.800049,1370.5,1328.5,1335.099976,1335.099976,301
2010-10-20,1336,1345.800049,1334.199951,1343.300049,1343.300049,148
2010-10-21,1344.199951,1346.199951,1317.5,1324.699951,1324.699951,102
2010-10-22,1326.699951,1328.099976,1319,1324.400024,1324.400024,113
2010-10-25,1333.599976,1349.099976,1333.099976,1338.300049,1338.300049,194
2010-10-26,1341.199951,1341.199951,1328.300049,1338,1338,195
2010-10-27,1341,1341,1321.099976,1322.199951,1322.199951,106
2010-10-28,1327.900024,1343.599976,1325.900024,1342.099976,1342.099976,192
2010-10-29,1340.199951,1358.699951,1336.800049,1357.099976,1357.099976,74
2010-11-01,1360.300049,1360.300049,1350.699951,1350.199951,1350.199951,40
2010-11-02,1356.800049,1356.800049,1355.5,1356.400024,1356.400024,17
2010-11-03,1351.400024,1359.199951,1327.5,1337.099976,1337.099976,135
2010-11-04,1368.599976,1392.5,1368.599976,1382.699951,1382.699951,109
2010-11-05,1390.699951,1398,1378.199951,1397.300049,1397.300049,109
2010-11-08,1390.5,1409.199951,1387.099976,1402.800049,1402.800049,112
2010-11-09,1405.199951,1423.199951,1382.900024,1409.800049,1409.800049,84
2010-11-10,1395.199951,1408.099976,1384,1399.099976,1399.099976,29
2010-11-11,1400.699951,1413.5,1397.300049,1403.099976,1403.099976,26
2010-11-12,1407.900024,1407.900024,1360.099976,1365.400024,1365.400024,182
2010-11-15,1363.699951,1372.599976,1355.300049,1368.400024,1368.400024,46
2010-11-16,1356.5,1358.199951,1329.5,1338.300049,1338.300049,67
2010-11-17,1336.900024,1341.800049,1331.300049,1336.800049,1336.800049,50
2010-11-18,1349.5,1353.199951,1347.699951,1352.900024,1352.900024,17
2010-11-19,1350.699951,1352,1344.5,1352.199951,1352.199951,7
2010-11-22,1357.699951,1357.699951,1357.699951,1357.699951,1357.699951,7
2010-11-23,1369.400024,1377.5,1364.5,1377.5,1377.5,15
2010-11-24,1377.800049,1377.800049,1377.800049,1372.900024,1372.900024,3
2010-11-26,1372.099976,1372.099976,1372.099976,1362.300049,1362.300049,138416
2010-11-29,1364,1369.300049,1352.599976,1366,1366,94486
2010-11-30,1366.699951,1390.099976,1362.800049,1385,1385,11370
2010-12-01,1386.800049,1396.599976,1382.300049,1387.300049,1387.300049,4759
2010-12-02,1387.599976,1398.599976,1383.300049,1388.5,1388.5,1550
2010-12-03,1385.099976,1415.099976,1385.099976,1405.400024,1405.400024,2341
2010-12-06,1414,1428.400024,1410,1415.300049,1415.300049,833
2010-12-07,1424.5,1431.099976,1398,1408.300049,1408.300049,866
2010-12-08,1402.5,1403.800049,1372,1382.5,1382.5,1675
2010-12-09,1380.599976,1394.199951,1380.5,1392.099976,1392.099976,971
2010-12-10,1388.900024,1392,1373.099976,1384.300049,1384.300049,457
2010-12-13,1384.5,1399.199951,1384.5,1397.300049,1397.300049,193
2010-12-14,1401.900024,1407.300049,1391.800049,1403.599976,1403.599976,431
2010-12-15,1394,1394,1379.5,1385.5,1385.5,215
2010-12-16,1380.900024,1385,1362.5,1370.400024,1370.400024,228
2010-12-17,1376.400024,1378.599976,1365.900024,1378.599976,1378.599976,102
2010-12-20,1383.199951,1386.699951,1376.5,1385.5,1385.5,125
2010-12-21,1385.800049,1389.5,1381.5,1388.199951,1388.199951,113
2010-12-22,1388,1389.5,1385,1386.800049,1386.800049,58
2010-12-23,1388.400024,1388.400024,1373.699951,1380,1380,101
2010-12-27,1373.5,1384.199951,1373.5,1382.400024,1382.400024,322
2010-12-28,1389.800049,1406.699951,1389.800049,1405.199951,1405.199951,519
2010-12-29,1403.400024,1412.199951,1402.900024,1413.099976,1413.099976,413
2010-12-30,1413.800049,1413.800049,1403.099976,1405.599976,1405.599976,185
2010-12-31,1405.699951,1421.099976,1405.699951,1421.099976,1421.099976,54
2011-01-03,1415.599976,1423.900024,1413.699951,1422.599976,1422.599976,28
2011-01-04,1409.599976,1410.900024,1375.800049,1378.5,1378.5,122
2011-01-05,1383.400024,1384,1364.199951,1373.400024,1373.400024,175
2011-01-06,1374.800049,1376.5,1368.900024,1371.400024,1371.400024,158
2011-01-07,1372.699951,1377.199951,1355.5,1368.5,1368.5,225
2011-01-10,1369,1374,1365.699951,1373.699951,1373.699951,181
2011-01-11,1375.400024,1384.5,1373.900024,1384,1384,13
2011-01-12,1382.599976,1385.5,1378,1385.699951,1385.699951,204
2011-01-13,1386.099976,1392.5,1371.400024,1386.900024,1386.900024,66
2011-01-14,1375,1376,1356.699951,1360.400024,1360.400024,252
2011-01-18,1365.099976,1371,1359.199951,1368.099976,1368.099976,106
2011-01-19,1371.900024,1376.199951,1367,1370.199951,1370.199951,40
2011-01-20,1367.699951,1367.699951,1345,1346.5,1346.5,10
2011-01-21,1341.699951,1345.599976,1338.599976,1341,1341,20
2011-01-24,1352.300049,1352.300049,1341.800049,1344.5,1344.5,2
2011-01-25,1330.400024,1331.5,1323.599976,1332.300049,1332.300049,394
2011-01-26,1333,1341.699951,1333,1333,1333,4
2011-01-27,1342,1342,1318.400024,1318.400024,1318.400024,210699
2011-01-28,1314,1346.599976,1307.699951,1340.699951,1340.699951,73023
2011-01-31,1339,1345.900024,1323.300049,1333.800049,1333.800049,13657
2011-02-01,1333.099976,1342.900024,1325.300049,1339.599976,1339.599976,3180
2011-02-02,1344,1344,1327,1331.5,1331.5,1363
2011-02-03,1335.599976,1355.800049,1324.900024,1352.300049,1352.300049,1865
2011-02-04,1354.800049,1360,1345,1348.300049,1348.300049,591
2011-02-07,1345.800049,1353.800049,1343.800049,1347.599976,1347.599976,1004
2011-02-08,1351.199951,1367,1350,1363.400024,1363.400024,2536
2011-02-09,1362.800049,1366.5,1359.599976,1364.800049,1364.800049,146
2011-02-10,1364.300049,1364.5,1351.699951,1361.900024,1361.900024,312
2011-02-11,1364,1368.800049,1355.199951,1359.900024,1359.900024,488
2011-02-14,1357.800049,1365.599976,1356.599976,1364.599976,1364.599976,181
2011-02-15,1361.599976,1376,1361.599976,1373.599976,1373.599976,321
2011-02-16,1373.599976,1382,1370.5,1374.699951,1374.699951,156
2011-02-17,1377.699951,1384.699951,1377,1384.699951,1384.699951,113
2011-02-18,1384.099976,1391.800049,1381.800049,1388.199951,1388.199951,98
2011-02-22,1395.099976,1408.699951,1395.099976,1400.5,1400.5,430
2011-02-23,1397.800049,1413.800049,1397.800049,1413.400024,1413.400024,318
2011-02-24,1415.099976,1415.300049,1408.300049,1415.300049,1415.300049,809
2011-02-25,1401.699951,1411,1401,1408.699951,1408.699951,352
2011-02-28,1410.699951,1415.699951,1407.699951,1409.300049,1409.300049,205
2011-03-01,1415.300049,1434.400024,1415.300049,1430.699951,1430.699951,116
2011-03-02,1432.5,1440.5,1428.800049,1437.199951,1437.199951,1600
2011-03-03,1432.300049,1432.300049,1415.900024,1416,1416,244
2011-03-04,1418.900024,1429.800049,1416.800049,1428.199951,1428.199951,60
2011-03-07,1434.5,1445,1429.5,1434.099976,1434.099976,613
2011-03-08,1431.599976,1432.599976,1424.300049,1426.900024,1426.900024,198
2011-03-09,1430,1435.699951,1426.099976,1429.300049,1429.300049,98
2011-03-10,1429.5,1429.800049,1403.800049,1412.199951,1412.199951,23
2011-03-11,1413.699951,1422.599976,1404.900024,1421.5,1421.5,23
2011-03-14,1420,1427.699951,1420,1424.599976,1424.599976,58
2011-03-15,1413.300049,1413.300049,1385.5,1392.599976,1392.599976,20
2011-03-16,1398,1404.199951,1394.300049,1396,1396,38
2011-03-17,1387.699951,1393.599976,1387.699951,1404,1404,27
2011-03-18,1406.400024,1419.300049,1406.400024,1415.900024,1415.900024,6
2011-03-21,1433.5,1433.5,1430.800049,1426.199951,1426.199951,43
2011-03-22,1430.400024,1430.400024,1430.400024,1427.5,1427.5,85
2011-03-23,1432.199951,1439.699951,1432.199951,1437.900024,1437.900024,19
2011-03-24,1437.699951,1446.900024,1437.5,1434.800049,1434.800049,27
2011-03-25,1436,1436,1436,1426.099976,1426.099976,1
2011-03-28,1413.199951,1415.599976,1413.199951,1419.800049,1419.800049,6
2011-03-29,1416,1416,1416,1416,1416,135792
2011-03-30,1418.699951,1430.300049,1412,1423.800049,1423.800049,47011
2011-03-31,1423.300049,1440,1420.699951,1438.900024,1438.900024,8230
2011-04-01,1433.400024,1436.5,1413,1428.099976,1428.099976,5318
2011-04-04,1429.099976,1439.099976,1428.800049,1432.199951,1432.199951,683
2011-04-05,1437.900024,1457.599976,1430.300049,1451.800049,1451.800049,2609
2011-04-06,1456.900024,1462.300049,1452,1457.699951,1457.699951,901
2011-04-07,1459.699951,1462.5,1453.900024,1458.5,1458.5,229
2011-04-08,1457.599976,1475.5,1457.5,1473.400024,1473.400024,1407
2011-04-11,1476,1476,1459.699951,1467.400024,1467.400024,378
2011-04-12,1461.800049,1467.199951,1444.400024,1452.900024,1452.900024,345
2011-04-13,1455,1462,1454,1454.900024,1454.900024,197
2011-04-14,1456.800049,1476,1452.699951,1471.699951,1471.699951,535
2011-04-15,1477.599976,1487.5,1473.199951,1485.300049,1485.300049,293
2011-04-18,1486.300049,1497.300049,1477.5,1492.300049,1492.300049,650
2011-04-19,1493.300049,1499.5,1489,1494.5,1494.5,168
2011-04-20,1494,1505.300049,1494,1498.300049,1498.300049,386
2011-04-21,1503.699951,1508.300049,1501.699951,1503.199951,1503.199951,237
2011-04-25,1513.300049,1518,1502.800049,1508.599976,1508.599976,233
2011-04-26,1501.5,1506.300049,1495,1503,1503,223
2011-04-27,1507.099976,1512.800049,1505.199951,1516.699951,1516.699951,460
2011-04-28,1528.599976,1536,1526.599976,1530.800049,1530.800049,425
2011-04-29,1538.699951,1568.699951,1537.300049,1556,1556,124
2011-05-02,1572.900024,1576.599976,1543.099976,1556.699951,1556.699951,200
2011-05-03,1542.5,1547,1527.5,1540.099976,1540.099976,246
2011-05-04,1535,1539,1506.199951,1514.900024,1514.900024,272
2011-05-05,1514.699951,1520.699951,1471,1480.900024,1480.900024,133
2011-05-06,1473.199951,1494.800049,1472.300049,1491.199951,1491.199951,144
2011-05-09,1501.5,1512.800049,1501.300049,1502.900024,1502.900024,44
2011-05-10,1508.400024,1516.900024,1508.400024,1516.599976,1516.599976,13
2011-05-11,1524,1524.099976,1495.199951,1501.099976,1501.099976,30
2011-05-12,1492.099976,1498.5,1484.800049,1506.599976,1506.599976,11
2011-05-13,1503.5,1511.300049,1490.199951,1493.400024,1493.400024,16
2011-05-16,1489.300049,1494.900024,1489.300049,1490.400024,1490.400024,10
2011-05-17,1489.800049,1491.800049,1473,1479.800049,1479.800049,41
2011-05-18,1496.400024,1497,1496.300049,1495.599976,1495.599976,82
2011-05-19,1491.5,1491.5,1491.5,1492.199951,1492.199951,1
2011-05-20,1499,1512.699951,1488.699951,1508.800049,1508.800049,93
2011-05-23,1510.5,1512.300049,1507,1515.300049,1515.300049,42
2011-05-24,1527.099976,1527.099976,1521.900024,1523.199951,1523.199951,4
2011-05-25,1526.400024,1527.5,1526.099976,1526.599976,1526.599976,10
2011-05-26,1521.199951,1521.199951,1519.5,1522.800049,1522.800049,186986
2011-05-27,1519.400024,1538.5,1518.400024,1536.300049,1536.300049,76719
2011-05-31,1536.699951,1541.099976,1532.400024,1535.900024,1535.900024,6152
2011-06-01,1535.699951,1550.599976,1529.699951,1542.400024,1542.400024,2845
2011-06-02,1541.300049,1544.5,1520,1532,1532,1651
2011-06-03,1534.699951,1546.300049,1525,1541.699951,1541.699951,1745
2011-06-06,1542.900024,1553.900024,1542,1546.5,1546.5,691
2011-06-07,1545,1549.900024,1537.199951,1543.300049,1543.300049,2530
2011-06-08,1544.199951,1544.199951,1531.300049,1538.099976,1538.099976,489
2011-06-09,1536.099976,1548.800049,1534.400024,1542.099976,1542.099976,288
2011-06-10,1543.699951,1543.900024,1526.400024,1528.599976,1528.599976,632
2011-06-13,1528.099976,1533,1511.300049,1515,1515,851
2011-06-14,1517.199951,1526.199951,1513.099976,1523.800049,1523.800049,306
2011-06-15,1525,1533.400024,1515,1525.599976,1525.599976,648
2011-06-16,1526,1531.199951,1522,1529.300049,1529.300049,164
2011-06-17,1523,1541.599976,1523,1538.599976,1538.599976,72
2011-06-20,1536,1545.699951,1535.199951,1541.5,1541.5,99
2011-06-21,1540.099976,1547.5,1540,1546,1546,125
2011-06-22,1547.199951,1558.5,1544.400024,1552.900024,1552.900024,222
2011-06-23,1547.199951,1547.199951,1514.699951,1520.099976,1520.099976,300
2011-06-24,1524.699951,1525,1498.5,1500.5,1500.5,257
2011-06-27,1503.5,1503.5,1490.699951,1496,1496,140
2011-06-28,1499.900024,1505,1496.099976,1499.699951,1499.699951,508
2011-06-29,1504.099976,1512.199951,1504.099976,1509.900024,1509.900024,395
2011-06-30,1511.5,1514,1498.800049,1502.300049,1502.300049,69
2011-07-01,1502.199951,1502.199951,1480,1482.300049,1482.300049,66
2011-07-05,1490.400024,1515,1490.300049,1512.300049,1512.300049,199
2011-07-06,1513.699951,1531.5,1510.300049,1528.699951,1528.699951,71
2011-07-07,1529.099976,1533.099976,1522.699951,1530.199951,1530.199951,55
2011-07-08,1527,1542.599976,1526.599976,1541.199951,1541.199951,3
2011-07-11,1550,1555.199951,1543.099976,1548.800049,1548.800049,14
2011-07-12,1548.199951,1565,1542,1561.900024,1561.900024,8
2011-07-13,1574,1585.599976,1570.800049,1585.199951,1585.199951,29
2011-07-14,1586.300049,1592.800049,1583.599976,1589,1589,19
2011-07-15,1582.300049,1592.199951,1582.300049,1589.800049,1589.800049,8
2011-07-18,1592.800049,1605,1592.800049,1602.099976,1602.099976,13
2011-07-19,1608.099976,1608.800049,1583.300049,1600.900024,1600.900024,63
2011-07-20,1584.300049,1596.699951,1582.400024,1596.699951,1596.699951,9
2011-07-21,1598,1601.599976,1586.599976,1586.800049,1586.800049,24
2011-07-22,1588.5,1606.5,1588.5,1601.300049,1601.300049,12
2011-07-25,1610,1619.400024,1610,1612,1612,67
2011-07-26,1609.800049,1618.5,1609.800049,1616.599976,1616.599976,28
2011-07-27,1619.699951,1619.699951,1617,1615,1615,232220
2011-07-28,1614.199951,1620.599976,1602.800049,1613.400024,1613.400024,70263
2011-07-29,1617.099976,1634.900024,1610.599976,1628.300049,1628.300049,6761
2011-08-01,1623,1631.800049,1607,1619,1619,2889
2011-08-02,1619.300049,1660.599976,1616.800049,1641.900024,1641.900024,2440
2011-08-03,1659.900024,1672.300049,1651.599976,1663.400024,1663.400024,2024
2011-08-04,1660.5,1681.800049,1640,1656.199951,1656.199951,1952
2011-08-05,1647.5,1666.099976,1642.699951,1648.800049,1648.800049,825
2011-08-08,1679.099976,1720,1678.099976,1710.199951,1710.199951,1885
2011-08-09,1722.5,1779,1720.099976,1740,1740,1861
2011-08-10,1744,1795.599976,1741.300049,1781.300049,1781.300049,969
2011-08-11,1795.099976,1813.5,1733.300049,1748.800049,1748.800049,1503
2011-08-12,1760.599976,1764.199951,1723.800049,1740.199951,1740.199951,1166
2011-08-15,1734.900024,1765.199951,1730.5,1755.5,1755.5,976
2011-08-16,1769,1787.300049,1761.599976,1782.400024,1782.400024,278
2011-08-17,1784.800049,1794.300049,1782,1791.199951,1791.199951,231
2011-08-18,1786.5,1828.5,1785.5,1818.900024,1818.900024,868
2011-08-19,1823.699951,1874.400024,1823.699951,1848.900024,1848.900024,328
2011-08-22,1868.599976,1895,1858.400024,1888.699951,1888.699951,1106
2011-08-23,1909,1909.300049,1824.599976,1858.300049,1858.300049,458
2011-08-24,1833,1853.099976,1753.099976,1754.099976,1754.099976,992
2011-08-25,1748.400024,1772.5,1707.300049,1759.800049,1759.800049,864
2011-08-26,1768.5,1829.300049,1768.5,1794.099976,1794.099976,270
2011-08-29,1817.900024,1817.900024,1786.699951,1788.400024,1788.400024,828
2011-08-30,1787.199951,1839.599976,1783.099976,1826.699951,1826.699951,598
2011-08-31,1830.599976,1837.900024,1811.400024,1828.5,1828.5,336
2011-09-01,1825.800049,1829.5,1814.400024,1826,1826,263
2011-09-02,1828.599976,1884.199951,1828.599976,1873.699951,1873.699951,442
2011-09-06,1886.300049,1911.599976,1864,1869.900024,1869.900024,536
2011-09-07,1868.900024,1873.699951,1792.800049,1814.199951,1814.199951,470
2011-09-08,1839.300049,1870,1835,1854.400024,1854.400024,142
2011-09-09,1858.099976,1881.300049,1830,1856.400024,1856.400024,188
2011-09-12,1852.400024,1852.400024,1806,1809.900024,1809.900024,245
2011-09-13,1817.800049,1835.300049,1808.099976,1826.800049,1826.800049,52
2011-09-14,1843,1843,1809,1823.5,1823.5,156
2011-09-15,1816.300049,1816.300049,1775.800049,1778.5,1778.5,80
2011-09-16,1768.5,1819.099976,1768.5,1812.099976,1812.099976,111
2011-09-19,1814.699951,1818.900024,1788,1776.400024,1776.400024,13
2011-09-20,1778.800049,1807.800049,1776,1806.599976,1806.599976,86
2011-09-21,1808,1811.699951,1782.800049,1805.5,1805.5,22
2011-09-22,1773.199951,1773.199951,1730.900024,1739.199951,1739.199951,23
2011-09-23,1737.300049,1737.300049,1636.300049,1637.5,1637.5,81
2011-09-26,1646.400024,1661.800049,1562.400024,1592.5,1592.5,151
2011-09-27,1653.800049,1665.400024,1653.699951,1650.599976,1650.599976,47
2011-09-28,1650,1650,1650,1616.300049,1616.300049,21275
2011-09-29,1604,1633.800049,1585,1615.5,1615.5,7181
2011-09-30,1620.800049,1639.400024,1609.400024,1620.400024,1620.400024,284
2011-10-03,1627.800049,1660.800049,1627.599976,1656,1656,101
2011-10-04,1661,1678.099976,1596.599976,1614.699951,1614.699951,159
2011-10-05,1629.300049,1640.300049,1599.599976,1640.300049,1640.300049,114
2011-10-06,1642.599976,1654.699951,1637.599976,1651.900024,1651.900024,38
2011-10-07,1657,1665,1626.199951,1634.5,1634.5,66
2011-10-10,1645.599976,1676.800049,1645.599976,1669.599976,1669.599976,61
2011-10-11,1685,1685,1657.599976,1659.699951,1659.699951,151
2011-10-12,1667.099976,1691,1667.099976,1681.300049,1681.300049,37
2011-10-13,1676.099976,1678.800049,1656.199951,1667.300049,1667.300049,148
2011-10-14,1665.800049,1683.300049,1665.800049,1681.800049,1681.800049,51
2011-10-17,1683.599976,1693.5,1667.300049,1675.5,1675.5,41
2011-10-18,1666,1666,1627.5,1651.699951,1651.699951,85
2011-10-19,1659.300049,1659.300049,1641.300049,1646,1646,22
2011-10-20,1643.199951,1643.199951,1608.699951,1611.900024,1611.900024,92
2011-10-21,1626.099976,1647.400024,1626.099976,1635.099976,1635.099976,32
2011-10-24,1646.199951,1657.800049,1646.199951,1651.5,1651.5,313
2011-10-25,1645,1706.800049,1645,1699.599976,1699.599976,355
2011-10-26,1717,1723.599976,1708.900024,1722.699951,1722.699951,135
2011-10-27,1717.800049,1735.5,1717.800049,1746.699951,1746.699951,494
2011-10-28,1752,1752,1733,1746.199951,1746.199951,158
2011-10-31,1741.900024,1741.900024,1717,1724.199951,1724.199951,62
2011-11-01,1706.699951,1720.099976,1682.5,1711,1711,246
2011-11-02,1724.300049,1741.400024,1723.199951,1728.699951,1728.699951,294
2011-11-03,1740.5,1766,1726.599976,1764.199951,1764.199951,290
2011-11-04,1757,1761.199951,1754.900024,1755.300049,1755.300049,47
2011-11-07,1755.300049,1797,1755.300049,1790.300049,1790.300049,35
2011-11-08,1798.400024,1798.400024,1785.699951,1798.400024,1798.400024,14
2011-11-09,1793,1793,1774.199951,1790.900024,1790.900024,6
2011-11-10,1766.800049,1766.800049,1754.800049,1758.900024,1758.900024,16
2011-11-11,1777,1789.099976,1777,1787.5,1787.5,28
2011-11-14,1779,1779,1779,1777.800049,1777.800049,24
2011-11-15,1779.199951,1783.099976,1761.300049,1781.699951,1781.699951,18
2011-11-16,1777.5,1777.5,1757.699951,1773.800049,1773.800049,65
2011-11-17,1755.300049,1755.300049,1714,1719.800049,1719.800049,54
2011-11-18,1725,1736,1719,1724.699951,1724.699951,14
2011-11-21,1704.599976,1704.599976,1674.400024,1678.300049,1678.300049,9
2011-11-22,1675.400024,1702.199951,1675.400024,1702.199951,1702.199951,13
2011-11-23,1691.199951,1700,1681.599976,1695.699951,1695.699951,34
2011-11-25,1690.099976,1693.5,1675.300049,1685.5,1685.5,28
2011-11-28,1710.800049,1710.800049,1710.800049,1710.800049,1710.800049,175525
2011-11-29,1711.300049,1718.400024,1704,1713.400024,1713.400024,64786
2011-11-30,1714,1749.199951,1699.900024,1745.5,1745.5,15463
2011-12-01,1747,1753.300049,1734.5,1735.300049,1735.300049,1350
2011-12-02,1744.800049,1762.900024,1741.599976,1747,1747,1067
2011-12-05,1748.900024,1752.599976,1718.699951,1730.699951,1730.699951,756
2011-12-06,1722.099976,1731.800049,1703,1727.900024,1727.900024,648
2011-12-07,1730.599976,1741.900024,1720,1740.900024,1740.900024,300
2011-12-08,1742,1752.300049,1705.400024,1709.800049,1709.800049,942
2011-12-09,1713.300049,1720.699951,1705.699951,1712.800049,1712.800049,568
2011-12-12,1707.5,1708.199951,1658.5,1664.199951,1664.199951,894
2011-12-13,1654.699951,1671.800049,1628,1659.900024,1659.900024,274
2011-12-14,1636.5,1639.5,1565.800049,1584.300049,1584.300049,890
2011-12-15,1571.400024,1592.800049,1565.599976,1574.599976,1574.599976,589
2011-12-16,1587.400024,1595.900024,1586,1595.599976,1595.599976,57
2011-12-19,1596.400024,1603.400024,1589.699951,1594.400024,1594.400024,92
2011-12-20,1596.400024,1617,1596.400024,1615.599976,1615.599976,215
2011-12-21,1615.599976,1635,1608.300049,1611.900024,1611.900024,38
2011-12-22,1608.800049,1610,1601.900024,1608.900024,1608.900024,599
2011-12-23,1612,1612.800049,1604.699951,1604.699951,1604.699951,62
2011-12-27,1599,1599,1592.599976,1594.199951,1594.199951,52
2011-12-28,1584.900024,1588.599976,1561.300049,1562.900024,1562.900024,763
2011-12-29,1559.300049,1559.300049,1525,1539.900024,1539.900024,866
2011-12-30,1549.400024,1579.5,1547.900024,1565.800049,1565.800049,289
2012-01-03,1568.900024,1604.300049,1566,1599.699951,1599.699951,229
2012-01-04,1596.599976,1618.599976,1594.5,1611.900024,1611.900024,172
2012-01-05,1610.800049,1624.099976,1597.800049,1619.400024,1619.400024,362
2012-01-06,1622.5,1627.800049,1616.099976,1616.099976,1616.099976,20
2012-01-09,1614.300049,1620.099976,1607.5,1607.5,1607.5,8
2012-01-10,1619.900024,1638,1619.900024,1631,1631,47
2012-01-11,1634.800049,1645.400024,1633.800049,1639.199951,1639.199951,65
2012-01-12,1645.199951,1656.099976,1645.199951,1647.300049,1647.300049,84
2012-01-13,1638.900024,1643.400024,1630.400024,1630.400024,1630.400024,368
2012-01-17,1643.699951,1657.800049,1642.099976,1655.199951,1655.199951,16
2012-01-18,1654,1660.300049,1654,1659.5,1659.5,11
2012-01-19,1663,1664.400024,1653.5,1654.099976,1654.099976,58
2012-01-20,1652.800049,1664.300049,1652.800049,1663.699951,1663.699951,8
2012-01-23,1676.900024,1680,1669.900024,1678,1678,10
2012-01-24,1666.900024,1668.199951,1664.199951,1664.199951,1664.199951,5
2012-01-25,1673,1706.199951,1672,1699.800049,1699.800049,239
2012-01-26,1729,1729,1721,1726.300049,1726.300049,16
2012-01-27,1727,1734.099976,1727,1731.800049,1731.800049,175023
2012-01-30,1737.199951,1739.900024,1715.699951,1731,1731,53427
2012-01-31,1731.699951,1747.699951,1725,1737.800049,1737.800049,7540
2012-02-01,1738.199951,1751.099976,1734,1747.099976,1747.099976,2027
2012-02-02,1745.099976,1761.099976,1742.900024,1756.800049,1756.800049,2062
2012-02-03,1758.699951,1761.300049,1724.5,1737.900024,1737.900024,543
2012-02-06,1728,1738.300049,1713.300049,1722.800049,1722.800049,726
2012-02-07,1722,1748,1713.199951,1746.400024,1746.400024,272
2012-02-08,1744,1751.5,1728.199951,1729.300049,1729.300049,955
2012-02-09,1731.400024,1749.699951,1726.099976,1739,1739,119
2012-02-10,1732.699951,1734.400024,1706.400024,1723.300049,1723.300049,248
2012-02-13,1725,1733,1718.400024,1723,1723,104
2012-02-14,1720,1724.900024,1715,1715.900024,1715.900024,94
2012-02-15,1723.599976,1737,1723.599976,1726.300049,1726.300049,110
2012-02-16,1718.400024,1728.400024,1707,1726.800049,1726.800049,38
2012-02-17,1733.599976,1735.099976,1718.800049,1724.5,1724.5,80
2012-02-21,1736.099976,1760,1733.599976,1757.099976,1757.099976,115
2012-02-22,1758.699951,1781.900024,1750,1770,1770,161
2012-02-23,1774,1786,1773,1784.900024,1784.900024,298
2012-02-24,1778.5,1780.699951,1771.300049,1775.099976,1775.099976,129
2012-02-27,1773.599976,1775.599976,1768.099976,1773.599976,1773.599976,841
2012-02-28,1767.900024,1789.400024,1767.900024,1787,1787,306
2012-02-29,1789.900024,1790.400024,1669,1709.900024,1709.900024,359
2012-03-01,1698.599976,1724.599976,1698.599976,1721.099976,1721.099976,214
2012-03-02,1723,1723,1705.199951,1708.800049,1708.800049,135
2012-03-05,1705.5,1709.5,1695.400024,1703,1703,421
2012-03-06,1708.699951,1708.699951,1666,1671.400024,1671.400024,176
2012-03-07,1676,1684,1673.099976,1683.300049,1683.300049,39
2012-03-08,1686.400024,1702.400024,1686.400024,1698.099976,1698.099976,301
2012-03-09,1698.800049,1710.900024,1680.699951,1710.900024,1710.900024,73
2012-03-12,1708.099976,1708.099976,1694.900024,1699.199951,1699.199951,98
2012-03-13,1698.400024,1698.400024,1685.099976,1693.699951,1693.699951,47
2012-03-14,1676.900024,1681,1637.400024,1642.5,1642.5,201
2012-03-15,1646.300049,1660.199951,1640,1659.099976,1659.099976,405
2012-03-16,1660,1661.400024,1641.300049,1655.5,1655.5,317
2012-03-19,1661.199951,1668,1652.099976,1666.900024,1666.900024,462
2012-03-20,1648.099976,1652.300049,1642,1646.699951,1646.699951,250
2012-03-21,1657.800049,1660,1646.099976,1650,1650,546
2012-03-22,1648,1649.400024,1633.800049,1642.300049,1642.300049,321
2012-03-23,1652.5,1665.099976,1646.300049,1662.300049,1662.300049,76
2012-03-26,1665,1692.900024,1657.800049,1685.5,1685.5,84
2012-03-27,1687.800049,1690.800049,1684.400024,1684.800049,1684.800049,100
2012-03-28,1670.099976,1670.099976,1657.900024,1657.900024,1657.900024,193107
2012-03-29,1661.800049,1664.5,1644.300049,1652.199951,1652.199951,47342
2012-03-30,1660.599976,1670,1659,1669.300049,1669.300049,9825
2012-04-02,1670.400024,1682.800049,1662,1677.5,1677.5,2531
2012-04-03,1677.599976,1679.5,1638.699951,1670,1670,1165
2012-04-04,1646.5,1647,1612.300049,1612.300049,1612.300049,1122
2012-04-05,1620.800049,1633.199951,1620.400024,1628.5,1628.5,289
2012-04-09,1645.300049,1646.400024,1636.5,1642.5,1642.5,158
2012-04-10,1649,1661.699951,1636.199951,1659.5,1659.5,350
2012-04-11,1654.800049,1659.699951,1654.699951,1659,1659,426
2012-04-12,1660,1680.099976,1650,1679.5,1679.5,1309
2012-04-13,1673.300049,1674.800049,1650,1659.099976,1659.099976,220
2012-04-16,1650.800049,1656.800049,1641.199951,1648.699951,1648.699951,717
2012-04-17,1652,1652.900024,1637,1650.300049,1650.300049,69
2012-04-18,1653.199951,1653.300049,1638.099976,1638.800049,1638.800049,273
2012-04-19,1642.099976,1653.099976,1632,1640.599976,1640.599976,77
2012-04-20,1641.699951,1645.599976,1640.900024,1642.099976,1642.099976,54
2012-04-23,1642.400024,1642.400024,1625.099976,1631.900024,1631.900024,226
2012-04-24,1634.400024,1648.599976,1634.400024,1643,1643,123
2012-04-25,1641.300049,1643.800049,1626.900024,1641.400024,1641.400024,82
2012-04-26,1658.300049,1659.599976,1658.300049,1659.599976,1659.599976,280
2012-04-27,1654.5,1666.900024,1654,1664,1664,236
2012-04-30,1663,1665.699951,1653,1663.400024,1663.400024,36
2012-05-01,1665,1670.5,1661.699951,1661.699951,1661.699951,25
2012-05-02,1659.199951,1659.199951,1648.300049,1653.400024,1653.400024,50
2012-05-03,1651.199951,1652.199951,1631.300049,1634.199951,1634.199951,78
2012-05-04,1635.699951,1645.599976,1629.400024,1644.699951,1644.699951,68
2012-05-07,1637.900024,1640,1632.599976,1638.599976,1638.599976,21
2012-05-08,1636.699951,1636.699951,1596,1604,1604,154
2012-05-09,1595.300049,1595.300049,1586.300049,1593.699951,1593.699951,30
2012-05-10,1594.199951,1595.099976,1592.400024,1595.099976,1595.099976,6
2012-05-11,1586.099976,1589.599976,1583.599976,1583.599976,1583.599976,6
2012-05-14,1563,1563.099976,1555.5,1560.599976,1560.599976,5
2012-05-15,1555.400024,1558.300049,1542.400024,1556.800049,1556.800049,28
2012-05-16,1541.400024,1541.400024,1528.5,1536.199951,1536.199951,26
2012-05-17,1546.900024,1579,1546.900024,1574.5,1574.5,51
2012-05-18,1573.699951,1591.599976,1568.199951,1591.599976,1591.599976,26
2012-05-21,1591.900024,1594.099976,1588.400024,1588.400024,1588.400024,32
2012-05-22,1575.699951,1578.099976,1568.400024,1576.300049,1576.300049,27
2012-05-23,1538.199951,1548.099976,1534.400024,1548.099976,1548.099976,6
2012-05-24,1559,1569.400024,1551.5,1557.300049,1557.300049,23
2012-05-25,1558.199951,1568.800049,1557.300049,1568.800049,1568.800049,7
2012-05-29,1574.699951,1582.5,1548.599976,1548.599976,1548.599976,259050
2012-05-30,1553.900024,1569,1530.400024,1563.400024,1563.400024,79887
2012-05-31,1562.699951,1572.599976,1551.800049,1562.599976,1562.599976,5901
2012-06-01,1560,1630,1545.5,1620.5,1620.5,2820
2012-06-04,1623,1627.900024,1609,1612.199951,1612.199951,2134
2012-06-05,1619.300049,1622.699951,1612.900024,1615.199951,1615.199951,604
2012-06-06,1619.699951,1639.699951,1616.5,1632.800049,1632.800049,419
2012-06-07,1622.599976,1627.199951,1581.900024,1586.599976,1586.599976,1200
2012-06-08,1589.900024,1593.900024,1566.5,1590.099976,1590.099976,157
2012-06-11,1608,1608,1583,1595.5,1595.5,129
2012-06-12,1594.099976,1612.800049,1588.5,1612.699951,1612.699951,523
2012-06-13,1608.199951,1622.400024,1608.199951,1618.099976,1618.099976,655
2012-06-14,1621.199951,1626.400024,1610.099976,1618.400024,1618.400024,493
2012-06-15,1624.300049,1630,1621.5,1627,1627,1015
2012-06-18,1622.599976,1627.599976,1615,1625.699951,1625.699951,246
2012-06-19,1629.800049,1630.699951,1622,1622.199951,1622.199951,32
2012-06-20,1618.300049,1618.300049,1601.300049,1614.800049,1614.800049,140
2012-06-21,1603.199951,1603.300049,1564.5,1564.5,1564.5,29
2012-06-22,1565.5,1568.400024,1560,1566,1566,16
2012-06-25,1574.900024,1587.5,1571,1587.5,1587.5,32
2012-06-26,1583.5,1583.5,1567.699951,1574,1574,104
2012-06-27,1567,1577.5,1563,1577.5,1577.5,220
2012-06-28,1573.699951,1573.699951,1548.400024,1549.699951,1549.699951,133
2012-06-29,1562.599976,1603.5,1561.900024,1603.5,1603.5,61
2012-07-02,1597.099976,1598.300049,1589.699951,1597.199951,1597.199951,35
2012-07-03,1603.800049,1624,1603.800049,1621.300049,1621.300049,44
2012-07-05,1618.5,1619.199951,1598,1608.900024,1608.900024,27
2012-07-06,1592.300049,1593.800049,1578.400024,1578.400024,1578.400024,15
2012-07-09,1582.099976,1588.599976,1580.900024,1588.599976,1588.599976,5
2012-07-10,1599.199951,1599.800049,1567.599976,1579.300049,1579.300049,12
2012-07-11,1577.400024,1579.5,1575.199951,1575.199951,1575.199951,12
2012-07-12,1569.300049,1574.699951,1557.199951,1564.900024,1564.900024,44
2012-07-13,1567.800049,1594.099976,1567.800049,1591.599976,1591.599976,26
2012-07-16,1586.199951,1591.199951,1585.800049,1591.199951,1591.199951,7
2012-07-17,1596,1596,1576.300049,1589.099976,1589.099976,27
2012-07-18,1581.199951,1583.699951,1569.900024,1570.400024,1570.400024,30
2012-07-19,1580,1586.900024,1578.400024,1580.099976,1580.099976,60
2012-07-20,1583.900024,1584.400024,1576.099976,1582.5,1582.5,5
2012-07-23,1571.699951,1577.099976,1569.800049,1577.099976,1577.099976,4
2012-07-24,1574,1581.900024,1574,1576,1576,9
2012-07-25,1583.699951,1608,1583.300049,1608,1608,12
2012-07-26,1614.900024,1615,1614.099976,1615,1615,7
2012-07-27,1613.400024,1617.900024,1613.400024,1617.900024,1617.900024,197976
2012-07-30,1622.900024,1625.800049,1613.099976,1619.699951,1619.699951,52890
2012-07-31,1621.099976,1627.5,1610,1610.5,1610.5,6281
2012-08-01,1613.400024,1617.199951,1592,1603.699951,1603.699951,3530
2012-08-02,1600,1615,1583.099976,1587.400024,1587.400024,933
2012-08-03,1589.300049,1606,1585.099976,1606,1606,676
2012-08-06,1604.699951,1614.099976,1603.199951,1612.900024,1612.900024,662
2012-08-07,1610.800049,1615.699951,1609.300049,1609.699951,1609.699951,449
2012-08-08,1610.199951,1614.800049,1603,1612.900024,1612.900024,341
2012-08-09,1612.800049,1617.199951,1610.099976,1617.099976,1617.099976,433
2012-08-10,1615.800049,1624.099976,1605,1619.699951,1619.699951,1219
2012-08-13,1622,1623.699951,1607.300049,1609.599976,1609.599976,402
2012-08-14,1612.800049,1615.599976,1591.199951,1599.400024,1599.400024,910
2012-08-15,1593.800049,1604.599976,1592,1603.699951,1603.699951,280
2012-08-16,1600.199951,1616.099976,1600.199951,1616.099976,1616.099976,199
2012-08-17,1617.800049,1617.800049,1611.400024,1616.300049,1616.300049,249
2012-08-20,1614,1621.400024,1611.599976,1620.099976,1620.099976,68
2012-08-21,1620,1639.900024,1620,1639.900024,1639.900024,258
2012-08-22,1638.400024,1653.099976,1635,1637.400024,1637.400024,37
2012-08-23,1659.900024,1672.699951,1658,1669.599976,1669.599976,141
2012-08-24,1665.800049,1669.800049,1662.199951,1669.800049,1669.800049,24
2012-08-27,1674.900024,1674.900024,1663.900024,1672.400024,1672.400024,42
2012-08-28,1659.900024,1671,1659.199951,1666.5,1666.5,51
2012-08-29,1667.199951,1667.300049,1659.800049,1659.800049,1659.800049,403
2012-08-30,1655.400024,1662,1650.699951,1653.5,1653.5,418
2012-08-31,1658.599976,1690,1646.199951,1684.599976,1684.599976,58
2012-09-04,1689.099976,1698,1687.699951,1692.900024,1692.900024,43
2012-09-05,1690.400024,1693.300049,1690.400024,1690.800049,1690.800049,82
2012-09-06,1696.400024,1712.400024,1696.400024,1702.599976,1702.599976,39
2012-09-07,1696.699951,1738.199951,1696.699951,1737.5,1737.5,109
2012-09-10,1733.099976,1733.5,1727.199951,1728.699951,1728.699951,14
2012-09-11,1736,1736,1731.800049,1731.800049,1731.800049,2
2012-09-12,1742.199951,1742.300049,1730.5,1730.599976,1730.599976,15
2012-09-13,1728.699951,1769.099976,1728.699951,1769.099976,1769.099976,33
2012-09-14,1771,1774.5,1766,1769.800049,1769.800049,25
2012-09-17,1774.800049,1774.800049,1753.800049,1767.699951,1767.699951,54
2012-09-18,1766.300049,1768.400024,1766.300049,1768.400024,1768.400024,13
2012-09-19,1776,1778.5,1768,1769,1769,27
2012-09-20,1769.099976,1771.300049,1760.599976,1767.699951,1767.699951,17
2012-09-21,1785.300049,1785.300049,1772.300049,1775.5,1775.5,10
2012-09-24,1762.099976,1762.099976,1762.099976,1762.099976,1762.099976,4
2012-09-25,1772.599976,1772.699951,1763.800049,1763.800049,1763.800049,5
2012-09-26,1762.800049,1764.199951,1743,1750.599976,1750.599976,15237
2012-09-27,1752.599976,1780.199951,1750.699951,1777.599976,1777.599976,6989
2012-09-28,1776.800049,1782.199951,1767.5,1771.099976,1771.099976,2839
2012-10-01,1766,1791,1763.300049,1780.5,1780.5,816
2012-10-02,1777.900024,1779.300049,1772.699951,1772.699951,1772.699951,94
2012-10-03,1772.199951,1779.900024,1771.900024,1777.300049,1777.300049,134
2012-10-04,1783.5,1794.800049,1783.5,1794.099976,1794.099976,199
2012-10-05,1792.199951,1792.199951,1776.599976,1778.599976,1778.599976,257
2012-10-08,1778,1778,1766.800049,1773.5,1773.5,33
2012-10-09,1776.699951,1776.699951,1762.300049,1763,1763,24
2012-10-10,1762.400024,1764.199951,1758.099976,1763.199951,1763.199951,29
2012-10-11,1761.599976,1771,1761.599976,1768.800049,1768.800049,30
2012-10-12,1769.5,1769.5,1753.599976,1758,1758,84
2012-10-15,1750,1750,1729.900024,1736,1736,108
2012-10-16,1736.699951,1744.699951,1736.599976,1744.699951,1744.699951,15
2012-10-17,1749.400024,1751.5,1746,1751.5,1751.5,36
2012-10-18,1749.099976,1749.099976,1740.5,1743.300049,1743.300049,27
2012-10-19,1741.099976,1741.099976,1721,1722.800049,1722.800049,70
2012-10-22,1715,1728.300049,1715,1725.099976,1725.099976,12
2012-10-23,1726.599976,1726.599976,1708.300049,1708.300049,1708.300049,75
2012-10-24,1708.400024,1708.5,1698.599976,1700.5,1700.5,27
2012-10-25,1711.699951,1716.699951,1711.699951,1712,1712,33
2012-10-26,1706.099976,1716.199951,1706.099976,1710.900024,1710.900024,77
2012-10-31,1714.400024,1724.5,1714.400024,1717.5,1717.5,64
2012-11-01,1722.300049,1725.099976,1714.099976,1714.099976,1714.099976,24
2012-11-02,1711.300049,1711.300049,1674.099976,1674.099976,1674.099976,50
2012-11-05,1682.800049,1683.099976,1674.300049,1682.199951,1682.199951,7
2012-11-06,1690.099976,1718,1690.099976,1714.099976,1714.099976,47
2012-11-07,1707.699951,1726.5,1703.699951,1713.199951,1713.199951,42
2012-11-08,1715.900024,1725.400024,1714.199951,1725.400024,1725.400024,34
2012-11-09,1733.699951,1734.099976,1727.599976,1730.300049,1730.300049,6
2012-11-12,1733.199951,1733.400024,1730.300049,1730.300049,1730.300049,6
2012-11-13,1721.599976,1728.199951,1718.5,1724.199951,1724.199951,12
2012-11-14,1722,1729.5,1722,1729.5,1729.5,11
2012-11-15,1724.900024,1724.900024,1706.300049,1713.300049,1713.300049,10
2012-11-16,1710,1714.300049,1706.900024,1714.300049,1714.300049,16
2012-11-19,1721.800049,1734,1721.800049,1734,1734,4
2012-11-20,1730.599976,1731.099976,1722.5,1723.199951,1723.199951,21
2012-11-21,1725.800049,1727.900024,1725.800049,1727.900024,1727.900024,23
2012-11-23,1735,1751.300049,1735,1751.300049,1751.300049,8
2012-11-26,1750.300049,1750.5,1749.400024,1749.5,1749.5,24
2012-11-27,1746.400024,1746.400024,1742.199951,1742.199951,1742.199951,7
2012-11-28,1739.800049,1739.800049,1716.5,1716.5,1716.5,276136
2012-11-29,1719.599976,1729,1717.699951,1727.199951,1727.199951,65599
2012-11-30,1725.199951,1731.199951,1708.400024,1710.900024,1710.900024,3690
2012-12-03,1714.900024,1721.900024,1714.5,1719.599976,1719.599976,1238
2012-12-04,1716.300049,1716.800049,1691.599976,1694.400024,1694.400024,1428
2012-12-05,1697.099976,1706,1685,1692.400024,1692.400024,1262
2012-12-06,1694.300049,1702.099976,1686.400024,1700.300049,1700.300049,525
2012-12-07,1701.199951,1704.5,1684,1704,1704,169
2012-12-10,1704.199951,1717,1704.199951,1713,1713,88
2012-12-11,1710,1714.099976,1705.900024,1708.199951,1708.199951,88
2012-12-12,1710.099976,1722.300049,1708,1716.599976,1716.599976,195
2012-12-13,1707.199951,1707.199951,1689.900024,1695.599976,1695.599976,240
2012-12-14,1698.300049,1699.199951,1694.400024,1695.800049,1695.800049,72
2012-12-17,1690.5,1698.5,1689.5,1697,1697,65
2012-12-18,1701.400024,1702.800049,1661,1669.5,1669.5,501
2012-12-19,1675.300049,1676,1664.599976,1666.5,1666.5,76
2012-12-20,1667.900024,1671,1637.599976,1644.900024,1644.900024,158
2012-12-21,1648,1659.099976,1635.800049,1659.099976,1659.099976,78
2012-12-24,1657.699951,1663.800049,1654.900024,1658.599976,1658.599976,73
2012-12-26,1654.5,1666.699951,1654.5,1659.800049,1659.800049,73
2012-12-27,1656.199951,1662.599976,1656.199951,1662.599976,1662.599976,446
2012-12-28,1664,1664,1653.699951,1654.900024,1654.900024,197
2012-12-31,1655.400024,1677.099976,1655.400024,1674.800049,1674.800049,89
2013-01-02,1672.800049,1693.800049,1670,1687.900024,1687.900024,35
2013-01-03,1686.099976,1686.800049,1662,1673.699951,1673.699951,140
2013-01-04,1647,1658.300049,1625.699951,1648.099976,1648.099976,199
2013-01-07,1656.5,1659.900024,1643.800049,1645.5,1645.5,49
2013-01-08,1647.699951,1661.5,1647.699951,1661.5,1661.5,17
2013-01-09,1658.599976,1662.099976,1651.900024,1654.800049,1654.800049,9
2013-01-10,1672.5,1677.300049,1672.5,1677.300049,1677.300049,9
2013-01-11,1673.099976,1673.099976,1654.199951,1660,1660,147
2013-01-14,1665.400024,1673.800049,1664.099976,1668.900024,1668.900024,10
2013-01-15,1671.599976,1684.300049,1671.599976,1683.400024,1683.400024,20
2013-01-16,1674.400024,1682.699951,1674.400024,1682.699951,1682.699951,11
2013-01-17,1676.400024,1694.599976,1671,1690.400024,1690.400024,81
2013-01-18,1687.400024,1692,1686.599976,1686.599976,1686.599976,14
2013-01-22,1690.300049,1694.699951,1687.800049,1692.800049,1692.800049,15
2013-01-23,1691.300049,1693.699951,1685.199951,1686.300049,1686.300049,28
2013-01-24,1680.800049,1681.699951,1668,1669.5,1669.5,13
2013-01-25,1663,1663,1656.400024,1656.400024,1656.400024,44
2013-01-28,1651.599976,1655.5,1651.599976,1652.400024,1652.400024,82
2013-01-29,1661.199951,1661.5,1660.699951,1660.699951,1660.699951,145863
2013-01-30,1662.400024,1683,1661.800049,1679.900024,1679.900024,44893
2013-01-31,1675.400024,1680,1657.400024,1660.599976,1660.599976,6044
2013-02-01,1663.900024,1681.199951,1659.900024,1669.400024,1669.400024,3250
2013-02-04,1668,1676.5,1661.599976,1675.300049,1675.300049,450
2013-02-05,1674.199951,1683.400024,1666.5,1672.400024,1672.400024,353
2013-02-06,1672.199951,1678.5,1668,1677.699951,1677.699951,376
2013-02-07,1677,1682.099976,1663.099976,1670.400024,1670.400024,475
2013-02-08,1671.5,1672.5,1664.800049,1666,1666,289
2013-02-11,1666.5,1668,1643.699951,1648.199951,1648.199951,868
2013-02-12,1643.800049,1650.400024,1642.400024,1648.699951,1648.699951,85
2013-02-13,1652.199951,1652.300049,1640.199951,1644.199951,1644.199951,236
2013-02-14,1641.099976,1646.900024,1632.699951,1634.699951,1634.699951,219
2013-02-15,1633.199951,1633.900024,1599.5,1608.800049,1608.800049,460
2013-02-19,1610,1617,1599.699951,1603.599976,1603.599976,272
2013-02-20,1604.699951,1606.900024,1561.800049,1577.599976,1577.599976,278
2013-02-21,1568.5,1581.199951,1555.199951,1578.199951,1578.199951,2019
2013-02-22,1580,1585.400024,1572.400024,1572.400024,1572.400024,76
2013-02-25,1579.400024,1596,1577.699951,1586.199951,1586.199951,118
2013-02-26,1593.300049,1615.199951,1589,1615.199951,1615.199951,1158
2013-02-27,1612.800049,1612.800049,1591.800049,1595.199951,1595.199951,700
2013-02-28,1596,1601.599976,1575.099976,1577.699951,1577.699951,102
2013-03-01,1579.599976,1585.599976,1566,1571.900024,1571.900024,68
2013-03-04,1580.800049,1580.800049,1569.699951,1572.099976,1572.099976,64
2013-03-05,1577.599976,1585.5,1571.400024,1574.599976,1574.599976,65
2013-03-06,1577.599976,1582.599976,1566.800049,1574.599976,1574.599976,106
2013-03-07,1580,1583.5,1573.900024,1574.800049,1574.800049,52
2013-03-08,1578.599976,1581.199951,1561.800049,1576.599976,1576.599976,68
2013-03-11,1576,1579.699951,1576,1577.800049,1577.800049,1115
2013-03-12,1579.800049,1595.599976,1579.800049,1591.5,1591.5,159
2013-03-13,1592.300049,1596,1585,1588.300049,1588.300049,396
2013-03-14,1585.699951,1590.599976,1575.699951,1590.599976,1590.599976,137
2013-03-15,1590.5,1594.400024,1590.199951,1592.5,1592.5,11
2013-03-18,1605.900024,1607.699951,1601.599976,1604.599976,1604.599976,613
2013-03-19,1613.099976,1613.099976,1611.300049,1611.300049,1611.300049,202
2013-03-20,1610,1612.5,1606.199951,1607.5,1607.5,5
2013-03-21,1612.800049,1613.800049,1611.900024,1613.800049,1613.800049,7
2013-03-22,1611,1611,1604.099976,1606.199951,1606.199951,101
2013-03-25,1607.099976,1607.800049,1596.099976,1604.599976,1604.599976,27
2013-03-26,1595.800049,1595.800049,1595.800049,1595.800049,1595.800049,165484
2013-03-27,1598.5,1608.099976,1590.300049,1606.199951,1606.199951,50450
2013-03-28,1604.699951,1606.599976,1593.599976,1594.800049,1594.800049,4717
2013-04-01,1596.800049,1600.5,1594.800049,1600,1600,688
2013-04-02,1599.199951,1602.599976,1574.099976,1575.099976,1575.099976,2289
2013-04-03,1575.699951,1576.400024,1549.199951,1552.800049,1552.800049,2171
2013-04-04,1557.300049,1557.300049,1539.099976,1551.800049,1551.800049,829
2013-04-05,1553.199951,1580.599976,1550.099976,1575.400024,1575.400024,1184
2013-04-08,1575.800049,1577.800049,1567.800049,1572,1572,101
2013-04-09,1571.599976,1589.300049,1570,1586.199951,1586.199951,215
2013-04-10,1584.400024,1586,1557,1558.300049,1558.300049,359
2013-04-11,1557.099976,1566.699951,1554.800049,1564.300049,1564.300049,1070
2013-04-12,1560.800049,1560.800049,1480.199951,1501,1501,881
2013-04-15,1478.199951,1487.400024,1338,1360.599976,1360.599976,1309
2013-04-16,1358,1401,1323,1386.800049,1386.800049,619
2013-04-17,1373.199951,1394.199951,1370.199951,1382.199951,1382.199951,92
2013-04-18,1347.5,1396.400024,1347.5,1392,1392,57
2013-04-19,1419.300049,1420.300049,1395.099976,1395.300049,1395.300049,241
2013-04-22,1406.800049,1434.900024,1406.800049,1421,1421,70
2013-04-23,1429.5,1429.5,1405.800049,1408.599976,1408.599976,334
2013-04-24,1423.199951,1430.099976,1420.400024,1423.400024,1423.400024,138
2013-04-25,1433,1461.800049,1433,1461.800049,1461.800049,222
2013-04-26,1467.400024,1476.199951,1451.400024,1453.599976,1453.599976,976
2013-04-29,1462.699951,1475.5,1462.300049,1467.400024,1467.400024,269
2013-04-30,1471.099976,1476.599976,1461,1472.199951,1472.199951,534
2013-05-01,1475.800049,1477.099976,1440,1446.300049,1446.300049,131
2013-05-02,1459,1471.199951,1453.5,1467.699951,1467.699951,244
2013-05-03,1465.5,1487.099976,1461.400024,1464.300049,1464.300049,68
2013-05-06,1468.099976,1477.199951,1466.800049,1468.099976,1468.099976,33
2013-05-07,1462,1466.199951,1441.199951,1449,1449,91
2013-05-08,1455.5,1474.699951,1450.699951,1473.900024,1473.900024,81
2013-05-09,1471.199951,1473.400024,1453,1468.800049,1468.800049,27
2013-05-10,1455.599976,1459.300049,1423,1436.800049,1436.800049,569
2013-05-13,1440,1440.599976,1427.800049,1434.5,1434.5,344
2013-05-14,1430.099976,1444.400024,1422,1424.699951,1424.699951,72
2013-05-15,1425.699951,1425.699951,1390.099976,1396.5,1396.5,364
2013-05-16,1390.400024,1395.099976,1370.599976,1387.099976,1387.099976,38
2013-05-17,1386.699951,1391.099976,1359.099976,1364.900024,1364.900024,50
2013-05-20,1342.900024,1387.5,1342.900024,1384.300049,1384.300049,21
2013-05-21,1386.5,1392.300049,1358.5,1377.800049,1377.800049,51
2013-05-22,1387.199951,1395.699951,1364.5,1367.599976,1367.599976,14
2013-05-23,1380.599976,1394.800049,1377.800049,1392,1392,58
2013-05-24,1386.800049,1386.800049,1386.800049,1386.800049,1386.800049,2
2013-05-28,1380.800049,1390.400024,1379.099976,1379.099976,1379.099976,55
2013-05-29,1391.300049,1391.300049,1391.300049,1391.300049,1391.300049,168665
2013-05-30,1392.099976,1417.5,1388.300049,1411.5,1411.5,45133
2013-05-31,1412.400024,1421.099976,1384.199951,1392.599976,1392.599976,5997
2013-06-03,1389.099976,1416.300049,1388.300049,1411.699951,1411.699951,1420
2013-06-04,1410.900024,1413.699951,1389,1397.099976,1397.099976,930
2013-06-05,1397.5,1410,1395.599976,1398.400024,1398.400024,1687
2013-06-06,1401.699951,1422.699951,1391.599976,1415.699951,1415.699951,782
2013-06-07,1411.5,1416.099976,1377.900024,1383,1383,1163
2013-06-10,1378.800049,1386.900024,1375.599976,1386.199951,1386.199951,367
2013-06-11,1384.199951,1384.400024,1366,1377,1377,482
2013-06-12,1375,1393.5,1373.699951,1391.800049,1391.800049,514
2013-06-13,1386.800049,1390.900024,1373.400024,1377.599976,1377.599976,458
2013-06-14,1383.900024,1389.599976,1377.800049,1387.300049,1387.300049,90
2013-06-17,1390.300049,1390.5,1380,1382.800049,1382.800049,114
2013-06-18,1383.099976,1383.5,1363,1366.599976,1366.599976,346
2013-06-19,1368.099976,1373.599976,1348.099976,1373.599976,1373.599976,198
2013-06-20,1348.099976,1348.099976,1275.400024,1285.900024,1285.900024,712
2013-06-21,1280.400024,1300,1268.900024,1291.599976,1291.599976,456
2013-06-24,1297.300049,1297.300049,1275.699951,1276.800049,1276.800049,321
2013-06-25,1281.300049,1286,1273.199951,1274.800049,1274.800049,953
2013-06-26,1273.900024,1273.900024,1228.800049,1229.599976,1229.599976,981
2013-06-27,1224.699951,1241.400024,1198.300049,1211.400024,1211.400024,533
2013-06-28,1200.900024,1232.300049,1183.199951,1223.800049,1223.800049,232
2013-07-01,1234.699951,1261,1234.199951,1255.900024,1255.900024,150
2013-07-02,1254.099976,1266.300049,1241.199951,1243.599976,1243.599976,107
2013-07-03,1243.800049,1258.199951,1240.300049,1252.099976,1252.099976,19
2013-07-05,1252.699951,1254.099976,1208.900024,1212.900024,1212.900024,72
2013-07-08,1218.800049,1235.199951,1215.400024,1234.900024,1234.900024,58
2013-07-09,1234.699951,1254.5,1234.400024,1245.900024,1245.900024,33
2013-07-10,1244.599976,1263.900024,1244.599976,1247.400024,1247.400024,58
2013-07-11,1284.599976,1285,1278.900024,1280.099976,1280.099976,18
2013-07-12,1282.300049,1282.300049,1274.300049,1277.800049,1277.800049,6
2013-07-15,1292.099976,1292.400024,1281.599976,1283.800049,1283.800049,19
2013-07-16,1279.400024,1291.400024,1279.400024,1290.800049,1290.800049,13
2013-07-17,1286.199951,1294.400024,1272.900024,1277.900024,1277.900024,11
2013-07-18,1275.300049,1286.400024,1275.199951,1284.599976,1284.599976,26
2013-07-19,1291.699951,1293.300049,1290,1293.300049,1293.300049,9
2013-07-22,1317,1336.400024,1317,1336.400024,1336.400024,18
2013-07-23,1334.800049,1342.300049,1327.900024,1335.099976,1335.099976,10
2013-07-24,1342.199951,1343.5,1318.599976,1319.699951,1319.699951,42
2013-07-25,1318.5,1336.800049,1318.5,1329,1329,55
2013-07-26,1326.5,1326.5,1321.699951,1321.699951,1321.699951,66
2013-07-29,1328.400024,1328.400024,1328.400024,1328.400024,1328.400024,134359
2013-07-30,1327.199951,1329.599976,1316.199951,1324,1324,44769
2013-07-31,1325.5,1338.400024,1304.900024,1312.400024,1312.400024,6252
2013-08-01,1323,1328.5,1306.900024,1311,1311,1562
2013-08-02,1306.699951,1317,1283,1310.599976,1310.599976,1451
2013-08-05,1311.199951,1318.300049,1297.5,1302.599976,1302.599976,904
2013-08-06,1303,1305.900024,1279.300049,1283.199951,1283.199951,1314
2013-08-07,1282.5,1288.400024,1274,1286.099976,1286.099976,989
2013-08-08,1283.900024,1312.800049,1283.699951,1310.699951,1310.699951,482
2013-08-09,1315.099976,1315.800049,1306.699951,1312.900024,1312.900024,449
2013-08-12,1317.199951,1342.400024,1317.199951,1334.699951,1334.699951,312
2013-08-13,1331.900024,1339.099976,1320.199951,1321.199951,1321.199951,209
2013-08-14,1317.699951,1336.300049,1317.699951,1334,1334,333
2013-08-15,1340.099976,1369.599976,1319.900024,1361.599976,1361.599976,235
2013-08-16,1366.800049,1378.900024,1361,1371.699951,1371.699951,175
2013-08-19,1379,1384.400024,1363.900024,1366.199951,1366.199951,139
2013-08-20,1355,1377,1355,1373.099976,1373.099976,123
2013-08-21,1372.5,1377.300049,1360.900024,1370.599976,1370.599976,109
2013-08-22,1362,1380.400024,1362,1371.199951,1371.199951,79
2013-08-23,1376.800049,1398.199951,1373.900024,1395.699951,1395.699951,178
2013-08-26,1398.599976,1402.800049,1391.300049,1393,1393,203
2013-08-27,1403.800049,1421.099976,1398.699951,1420.599976,1420.599976,397
2013-08-28,1417.300049,1428,1417.300049,1419,1419,489
2013-08-29,1417.400024,1417.400024,1404.5,1412.900024,1412.900024,375
2013-08-30,1407.199951,1409.800049,1392.300049,1396.099976,1396.099976,0
2013-09-03,1393,1414.400024,1382.300049,1412,1412,139
2013-09-04,1413,1413,1387.099976,1389.900024,1389.900024,104
2013-09-05,1393.5,1397.5,1367.099976,1373.099976,1373.099976,37
2013-09-06,1371,1390.099976,1368.900024,1386.699951,1386.699951,52
2013-09-09,1389.800049,1389.800049,1386.5,1386.800049,1386.800049,44
2013-09-10,1377.5,1377.5,1357.599976,1364.099976,1364.099976,21
2013-09-11,1365.800049,1365.800049,1356.699951,1363.900024,1363.900024,60
2013-09-12,1360,1360,1322.400024,1330.400024,1330.400024,120
2013-09-13,1322.900024,1323,1305.300049,1308.400024,1308.400024,38
2013-09-16,1328.400024,1329.599976,1310.800049,1317.900024,1317.900024,107
2013-09-17,1313,1313.099976,1309.5,1309.5,1309.5,24
2013-09-18,1292.099976,1347.699951,1292.099976,1307.800049,1307.800049,29
2013-09-19,1362.900024,1373,1362.900024,1369.400024,1369.400024,35
2013-09-20,1347.5,1347.5,1330.699951,1332.5,1332.5,2
2013-09-23,1327.099976,1327.800049,1317.599976,1326.900024,1326.900024,78
2013-09-24,1321.199951,1324.900024,1309.400024,1316,1316,61
2013-09-25,1322.699951,1335.900024,1322.699951,1335.900024,1335.900024,51
2013-09-26,1335.199951,1338.300049,1323.599976,1323.599976,1323.599976,13170
2013-09-27,1321.5,1343.800049,1319.699951,1338.400024,1338.400024,2990
2013-09-30,1345.800049,1350.900024,1322,1326.5,1326.5,597
2013-10-01,1328,1334,1284.5,1286,1286,815
2013-10-02,1288.5,1321,1280,1320.599976,1320.599976,152
2013-10-03,1312,1319.5,1302.5,1317.400024,1317.400024,217
2013-10-04,1316.199951,1318.099976,1305.699951,1309.699951,1309.699951,38
2013-10-07,1313.800049,1325.400024,1311.800049,1324.800049,1324.800049,84
2013-10-08,1326.5,1330,1321.199951,1324.199951,1324.199951,57
2013-10-09,1317.599976,1319,1295.300049,1306.900024,1306.900024,140
2013-10-10,1303.400024,1310.800049,1285,1296.599976,1296.599976,89
2013-10-11,1286.900024,1291.599976,1263.800049,1268,1268,210
2013-10-14,1275.800049,1285.800049,1273.900024,1276.400024,1276.400024,61
2013-10-15,1270.5,1283.599976,1254.099976,1273,1273,208
2013-10-16,1282.800049,1284,1269.199951,1282,1282,86
2013-10-17,1307,1322.699951,1307,1322.699951,1322.699951,72
2013-10-18,1318.800049,1326,1312.599976,1314.400024,1314.400024,65
2013-10-21,1316.800049,1317.699951,1315.699951,1315.699951,1315.699951,23
2013-10-22,1313.900024,1342.599976,1313.900024,1342.5,1342.5,55
2013-10-23,1331.900024,1333.900024,1331.900024,1333.900024,1333.900024,13
2013-10-24,1334.5,1350.199951,1334.5,1350.199951,1350.199951,18
2013-10-25,1346.199951,1353,1346.199951,1352.400024,1352.400024,23
2013-10-28,1351.400024,1359.199951,1349,1352,1352,23
2013-10-29,1359.599976,1359.699951,1345.199951,1345.199951,1345.199951,168
2013-10-30,1340.800049,1355.800049,1335.599976,1349,1349,44
2013-10-31,1334,1334,1321.699951,1323.599976,1323.599976,62
2013-11-01,1325.699951,1325.699951,1308,1313.099976,1313.099976,21
2013-11-04,1314.599976,1320.5,1312.099976,1314.599976,1314.599976,39
2013-11-05,1313.300049,1317.5,1306.900024,1308,1308,98
2013-11-06,1313.5,1318.599976,1312.5,1317.699951,1317.699951,11
2013-11-07,1323.599976,1323.599976,1298,1308.400024,1308.400024,129
2013-11-08,1308,1308.099976,1281.300049,1284.5,1284.5,22
2013-11-11,1281.599976,1281.800049,1281,1281,1281,5
2013-11-12,1282.300049,1282.300049,1271.099976,1271.099976,1271.099976,3
2013-11-13,1274,1280.5,1268.300049,1268.300049,1268.300049,17
2013-11-14,1280.199951,1293.300049,1278.099976,1286.199951,1286.199951,29
2013-11-15,1287.699951,1288.5,1281.5,1287.300049,1287.300049,16
2013-11-18,1284.699951,1284.800049,1272.199951,1272.199951,1272.199951,10
2013-11-19,1274.199951,1275.199951,1271,1273.400024,1273.400024,10
2013-11-20,1269,1269,1241.900024,1257.900024,1257.900024,120
2013-11-21,1245.699951,1247.099976,1236.5,1243.5,1243.5,90
2013-11-22,1243.199951,1247,1241.400024,1244,1244,77
2013-11-25,1231.099976,1241.099976,1229,1241.099976,1241.099976,19
2013-11-26,1243,1243,1241.400024,1241.400024,1241.400024,178417
2013-11-27,1241.599976,1254.800049,1235.5,1237.800049,1237.800049,82331
2013-11-29,1237.800049,1254.5,1233.699951,1250.599976,1250.599976,9203
2013-12-02,1251.400024,1251.5,1217.800049,1222.300049,1222.300049,4979
2013-12-03,1219.199951,1225.699951,1215.599976,1221.699951,1221.699951,1932
2013-12-04,1225.099976,1250.400024,1212.900024,1248.199951,1248.199951,1823
2013-12-05,1240,1241.5,1218.599976,1233.199951,1233.199951,446
2013-12-06,1228.699951,1242,1213,1230.300049,1230.300049,1032
2013-12-09,1230.199951,1243.199951,1229,1235.300049,1235.300049,352
2013-12-10,1239,1267,1239,1262.400024,1262.400024,882
2013-12-11,1261.900024,1261.900024,1252.099976,1258.5,1258.5,147
2013-12-12,1253.5,1255.400024,1225.900024,1226,1226,609
2013-12-13,1226.699951,1239,1222.199951,1235.699951,1235.699951,446
2013-12-16,1238.400024,1250.599976,1228.900024,1245.5,1245.5,242
2013-12-17,1237,1240.400024,1231.199951,1231.199951,1231.199951,22
2013-12-18,1231.5,1245.099976,1217,1236.099976,1236.099976,114
2013-12-19,1226.599976,1226.599976,1188.699951,1195,1195,124
2013-12-20,1190.900024,1207.800049,1190.900024,1205.099976,1205.099976,204
2013-12-23,1205.199951,1205.199951,1195.900024,1198.400024,1198.400024,123
2013-12-24,1199.800049,1205.599976,1197.699951,1205.099976,1205.099976,184
2013-12-26,1207.099976,1215.900024,1207.099976,1214.099976,1214.099976,140
2013-12-27,1213.400024,1218.5,1212.900024,1216.099976,1216.099976,278
2013-12-30,1215,1215,1194.400024,1203.099976,1203.099976,351
2013-12-31,1196.400024,1212.400024,1182,1201.900024,1201.900024,124
2014-01-02,1204.300049,1227.300049,1204.300049,1225,1225,209
2014-01-03,1221.699951,1239,1221.699951,1238.400024,1238.400024,142
2014-01-06,1232.800049,1247,1221.900024,1237.800049,1237.800049,127
2014-01-07,1239.300049,1242.400024,1226.300049,1229.400024,1229.400024,73
2014-01-08,1227.5,1227.5,1218.599976,1225.300049,1225.300049,189
2014-01-09,1225.800049,1229.300049,1225.800049,1229.300049,1229.300049,7
2014-01-10,1235,1246.800049,1234,1246.699951,1246.699951,58
2014-01-13,1250.599976,1252.699951,1245.5,1250.900024,1250.900024,46
2014-01-14,1251,1251.300049,1242,1245.199951,1245.199951,37
2014-01-15,1243.099976,1243.199951,1238.099976,1238.099976,1238.099976,68
2014-01-16,1239.300049,1242.800049,1239,1240,1240,48
2014-01-17,1239.699951,1254.300049,1239.699951,1251.699951,1251.699951,101
2014-01-21,1256.400024,1257.5,1240,1242.300049,1242.300049,224
2014-01-22,1241.699951,1242,1239,1239,1239,58
2014-01-23,1235.199951,1264.199951,1235.199951,1262.599976,1262.599976,40
2014-01-24,1258.300049,1269.400024,1258.300049,1264.5,1264.5,38
2014-01-27,1259.800049,1264.400024,1254.400024,1263.599976,1263.599976,92
2014-01-28,1257.900024,1258.400024,1251,1251,1251,20
2014-01-29,1262.199951,1262.199951,1262.199951,1262.199951,1262.199951,137028
2014-01-30,1267,1267.699951,1237.5,1242.199951,1242.199951,45276
2014-01-31,1243.599976,1254.5,1238.400024,1240.099976,1240.099976,5820
2014-02-03,1242.400024,1266.300049,1241.199951,1260.400024,1260.400024,2914
2014-02-04,1258.400024,1260.699951,1247.800049,1251.699951,1251.699951,1745
2014-02-05,1254,1273.699951,1253.099976,1257.300049,1257.300049,1616
2014-02-06,1258,1267,1253.5,1257.599976,1257.599976,274
2014-02-07,1258.300049,1271.400024,1257.900024,1263.300049,1263.300049,436
2014-02-10,1269.599976,1277.300049,1265.699951,1274.800049,1274.800049,742
2014-02-11,1274,1292,1273.800049,1290.099976,1290.099976,562
2014-02-12,1290.5,1296.199951,1285.5,1295.300049,1295.300049,140
2014-02-13,1293.300049,1303.5,1287.5,1300.400024,1300.400024,877
2014-02-14,1301.699951,1320.699951,1301.699951,1319,1319,308
2014-02-18,1322.900024,1330.599976,1313.900024,1324.699951,1324.699951,373
2014-02-19,1318.300049,1321.599976,1309.099976,1320.599976,1320.599976,193
2014-02-20,1310.699951,1323.5,1309.599976,1317.099976,1317.099976,116
2014-02-21,1320,1328.300049,1317.400024,1323.900024,1323.900024,171
2014-02-24,1324.300049,1339,1321.400024,1338.300049,1338.300049,93
2014-02-25,1336.400024,1343.900024,1333.099976,1343,1343,290
2014-02-26,1341.199951,1342,1325.599976,1328.199951,1328.199951,485
2014-02-27,1329.300049,1335,1324.599976,1331.599976,1331.599976,369
2014-02-28,1329.800049,1332.599976,1321.099976,1321.400024,1321.400024,239
2014-03-03,1335.900024,1354.099976,1332.900024,1350.099976,1350.099976,232
2014-03-04,1350.400024,1350.400024,1332.199951,1337.800049,1337.800049,80
2014-03-05,1334.800049,1341,1334.800049,1340.199951,1340.199951,32
2014-03-06,1338,1351.699951,1333.300049,1351.699951,1351.699951,59
2014-03-07,1349.5,1352.699951,1329.199951,1338.099976,1338.099976,97
2014-03-10,1336,1344.699951,1330.5,1341.400024,1341.400024,97
2014-03-11,1340,1352.400024,1338.099976,1346.5,1346.5,53
2014-03-12,1349.099976,1370.5,1348.699951,1370.300049,1370.300049,58
2014-03-13,1366.800049,1374.5,1366.5,1372.199951,1372.199951,23
2014-03-14,1376.099976,1386.599976,1371.099976,1379,1379,91
2014-03-17,1386.099976,1391.400024,1372.199951,1372.900024,1372.900024,29
2014-03-18,1359.300049,1361.800049,1353.400024,1359,1359,35
2014-03-19,1357.099976,1358,1332.699951,1341.400024,1341.400024,57
2014-03-20,1333.699951,1333.699951,1325.800049,1330.5,1330.5,72
2014-03-21,1339.099976,1339.099976,1335.800049,1336,1336,3
2014-03-24,1333,1333,1310.5,1311.199951,1311.199951,103
2014-03-25,1315.5,1315.5,1307.5,1311.400024,1311.400024,46
2014-03-26,1315.199951,1315.199951,1303.400024,1303.400024,1303.400024,4
2014-03-27,1294.699951,1294.699951,1294.699951,1294.699951,1294.699951,185016
2014-03-28,1292.199951,1299.400024,1285.900024,1293.800049,1293.800049,65486
2014-03-31,1294.300049,1298.800049,1282.400024,1283.400024,1283.400024,4121
2014-04-01,1285.099976,1287.900024,1277.300049,1279.599976,1279.599976,884
2014-04-02,1280.199951,1294.099976,1280.199951,1290.5,1290.5,1099
2014-04-03,1290.800049,1293.5,1282.699951,1284.400024,1284.400024,775
2014-04-04,1285.5,1306.099976,1284.400024,1303.199951,1303.199951,976
2014-04-07,1301.400024,1304,1296.300049,1298,1298,361
2014-04-08,1296.599976,1314.099976,1296.599976,1308.699951,1308.699951,264
2014-04-09,1309.5,1313.599976,1301.099976,1305.5,1305.5,191
2014-04-10,1311.800049,1323.800049,1311.199951,1320.099976,1320.099976,127
2014-04-11,1319,1322.800049,1316.300049,1318.699951,1318.699951,76
2014-04-14,1320.099976,1330,1320.099976,1327.199951,1327.199951,328
2014-04-15,1322.699951,1322.699951,1291.5,1300,1300,238
2014-04-16,1302.699951,1303.5,1295,1303.099976,1303.099976,177
2014-04-17,1300.099976,1303,1292.5,1293.400024,1293.400024,124
2014-04-21,1290,1299.199951,1283.800049,1288,1288,100
2014-04-22,1289.199951,1291.599976,1276,1280.599976,1280.599976,100
2014-04-23,1284.300049,1287.699951,1282.400024,1284.199951,1284.199951,176
2014-04-24,1284.599976,1297.900024,1272.400024,1290.5,1290.5,522
2014-04-25,1293.800049,1304.599976,1293.800049,1300.699951,1300.699951,274
2014-04-28,1305.400024,1305.400024,1293,1298.900024,1298.900024,388
2014-04-29,1295.5,1300.5,1289.099976,1296,1296,904
2014-04-30,1296,1296.5,1286.599976,1295.599976,1295.599976,181
2014-05-01,1288.699951,1288.699951,1278,1283.099976,1283.099976,25
2014-05-02,1276.699951,1302.699951,1276.699951,1302.599976,1302.599976,90
2014-05-05,1305.599976,1314.199951,1305.5,1309,1309,31
2014-05-06,1309.400024,1309.400024,1306.900024,1308.300049,1308.300049,14
2014-05-07,1310.300049,1312,1288,1288.599976,1288.599976,21
2014-05-08,1291.5,1291.5,1285.5,1287.400024,1287.400024,65
2014-05-09,1287.300049,1287.300049,1287.300049,1287.300049,1287.300049,3
2014-05-12,1282.099976,1295.900024,1281.199951,1295.599976,1295.599976,19
2014-05-13,1295.5,1295.5,1292,1294.599976,1294.599976,20
2014-05-14,1292.800049,1306.900024,1292.800049,1305.699951,1305.699951,25
2014-05-15,1302.5,1302.5,1292.800049,1293.5,1293.5,27
2014-05-16,1293.300049,1293.300049,1293.300049,1293.300049,1293.300049,8
2014-05-19,1293.699951,1293.699951,1293.699951,1293.699951,1293.699951,44
2014-05-20,1290.699951,1294.5,1290.099976,1294.5,1294.5,8
2014-05-21,1287.400024,1288,1287.400024,1288,1288,2
2014-05-22,1294.199951,1295,1294.199951,1294.900024,1294.900024,4
2014-05-23,1293.199951,1293.400024,1291.599976,1291.599976,1291.599976,3
2014-05-27,1291.900024,1291.900024,1265.400024,1265.400024,1265.400024,25
2014-05-28,1259.300049,1259.300049,1259.300049,1259.300049,1259.300049,168825
2014-05-29,1258.300049,1260.599976,1250.900024,1256.300049,1256.300049,38045
2014-05-30,1255.099976,1259.599976,1241.800049,1245.599976,1245.599976,3839
2014-06-02,1250,1250.699951,1240.900024,1243.699951,1243.699951,774
2014-06-03,1244.099976,1247.5,1240.5,1244.300049,1244.300049,654
2014-06-04,1245.099976,1248.800049,1242.699951,1244,1244,604
2014-06-05,1244,1256.599976,1241.199951,1253,1253,1317
2014-06-06,1253.400024,1256.599976,1246.300049,1252.099976,1252.099976,381
2014-06-09,1252.699951,1256.099976,1252.599976,1253.5,1253.5,97
2014-06-10,1252.400024,1262.300049,1251,1259.800049,1259.800049,1007
2014-06-11,1259.900024,1264.400024,1259.099976,1260.800049,1260.800049,128
2014-06-12,1260,1274.5,1260,1273.599976,1273.599976,129
2014-06-13,1272.5,1274.699951,1271.300049,1273.699951,1273.699951,145
2014-06-16,1279.800049,1282.099976,1270.800049,1274.900024,1274.900024,334
2014-06-17,1272.800049,1272.800049,1260.900024,1271.699951,1271.699951,819
2014-06-18,1269.900024,1272.699951,1267.400024,1272.400024,1272.400024,143
2014-06-19,1277.199951,1321,1277.199951,1313.699951,1313.699951,601
2014-06-20,1321.400024,1321.400024,1306.800049,1316.199951,1316.199951,254
2014-06-23,1312.300049,1318,1312.300049,1318,1318,142
2014-06-24,1315.599976,1325.599976,1315.599976,1320.900024,1320.900024,223
2014-06-25,1315.300049,1323.400024,1312,1322.199951,1322.199951,294
2014-06-26,1319.599976,1319.599976,1312.400024,1316.099976,1316.099976,1204
2014-06-27,1317.400024,1320.900024,1313.300049,1319,1319,625
2014-06-30,1315.300049,1328.699951,1311.800049,1321.800049,1321.800049,744
2014-07-01,1326.699951,1331.400024,1326.199951,1326.400024,1326.400024,51
2014-07-02,1326.800049,1330.699951,1326.800049,1330.699951,1330.699951,226
2014-07-03,1327.300049,1327.699951,1313,1320.400024,1320.400024,40
2014-07-07,1318.699951,1320.300049,1313.199951,1316.5,1316.5,93
2014-07-08,1318.400024,1323.5,1316,1316,1316,6
2014-07-09,1324,1330.400024,1323.800049,1323.800049,1323.800049,16
2014-07-10,1330.5,1343.699951,1328,1338.699951,1338.699951,28
2014-07-11,1337.900024,1339,1336.199951,1337,1337,112
2014-07-14,1332.800049,1332.800049,1304.699951,1306.300049,1306.300049,103
2014-07-15,1307.400024,1311.900024,1294.099976,1296.900024,1296.900024,368
2014-07-16,1298.400024,1303.099976,1296.900024,1299.599976,1299.599976,34
2014-07-17,1303.099976,1323.800049,1303.099976,1316.699951,1316.699951,16
2014-07-18,1322.699951,1322.699951,1306.199951,1309.199951,1309.199951,27
2014-07-21,1311,1315.5,1311,1313.699951,1313.699951,18
2014-07-22,1306.099976,1306.099976,1306.099976,1306.099976,1306.099976,2
2014-07-23,1304.5,1304.5,1304.5,1304.5,1304.5,0
2014-07-24,1297.5,1297.5,1290.599976,1290.599976,1290.599976,1
2014-07-25,1294.800049,1303.099976,1294.800049,1303.099976,1303.099976,8
2014-07-28,1307.400024,1308,1303.300049,1303.300049,1303.300049,52
2014-07-29,1310.900024,1310.900024,1298.300049,1298.300049,1298.300049,181554
2014-07-30,1298.599976,1303,1291,1294.900024,1294.900024,36189
2014-07-31,1295.099976,1297.300049,1280.599976,1281.300049,1281.300049,5663
2014-08-01,1284.099976,1296.599976,1279.699951,1293.599976,1293.599976,1985
2014-08-04,1294.400024,1295,1285.900024,1287.699951,1287.699951,917
2014-08-05,1288,1292.699951,1282.599976,1284,1284,825
2014-08-06,1288.099976,1309,1287.800049,1306.699951,1306.699951,706
2014-08-07,1305.300049,1313.099976,1302.5,1310.800049,1310.800049,225
2014-08-08,1310.800049,1321.400024,1308,1308.900024,1308.900024,586
2014-08-11,1308.400024,1309.699951,1305.300049,1308.5,1308.5,194
2014-08-12,1306.199951,1315.800049,1305.800049,1308.800049,1308.800049,438
2014-08-13,1308.800049,1312.800049,1305,1312.800049,1312.800049,238
2014-08-14,1311.800049,1316.400024,1309.699951,1313.900024,1313.900024,320
2014-08-15,1311.699951,1312.800049,1292,1304.5,1304.5,199
2014-08-18,1301.400024,1302.099976,1295.699951,1297.699951,1297.699951,100
2014-08-19,1298.800049,1301.599976,1294,1295.099976,1295.099976,144
2014-08-20,1295.400024,1295.800049,1288.400024,1293.400024,1293.400024,332
2014-08-21,1290,1290,1272,1273.699951,1273.699951,264
2014-08-22,1276,1280,1275,1278.599976,1278.599976,119
2014-08-25,1277.300049,1277.599976,1273.699951,1277.300049,1277.300049,251
2014-08-26,1289.400024,1289.5,1281.099976,1283.800049,1283.800049,74
2014-08-27,1281.5,1282.300049,1281.5,1281.900024,1281.900024,783
2014-08-28,1284.5,1293.699951,1284.300049,1288.699951,1288.699951,817
2014-08-29,1289.5,1289.699951,1284.800049,1285.800049,1285.800049,116
2014-09-02,1284.5,1286.400024,1262.5,1263.699951,1263.699951,280
2014-09-03,1266.300049,1271.099976,1263.099976,1268.900024,1268.900024,279
2014-09-04,1268.699951,1272.699951,1260.400024,1265.099976,1265.099976,290
2014-09-05,1263.199951,1268.099976,1263.199951,1265.800049,1265.800049,123
2014-09-08,1268.400024,1268.400024,1252.699951,1252.699951,1252.699951,2
2014-09-09,1246.800049,1246.800049,1246.800049,1246.800049,1246.800049,0
2014-09-10,1256.699951,1256.699951,1243.5,1243.5,1243.5,95
2014-09-11,1237.400024,1237.400024,1237.400024,1237.400024,1237.400024,0
2014-09-12,1227,1229.900024,1227,1229.900024,1229.900024,47
2014-09-15,1226.699951,1235,1226.699951,1233.599976,1233.599976,21
2014-09-16,1238.300049,1238.300049,1235.199951,1235.199951,1235.199951,3
2014-09-17,1236.199951,1236.199951,1221.900024,1234.400024,1234.400024,10
2014-09-18,1216.199951,1225.699951,1216.199951,1225.699951,1225.699951,5
2014-09-19,1218.300049,1218.300049,1215.300049,1215.300049,1215.300049,4
2014-09-22,1214.900024,1216.800049,1212.400024,1216.800049,1216.800049,7
2014-09-23,1221,1221,1221,1221,1221,5
2014-09-24,1218.599976,1218.599976,1216.800049,1218.599976,1218.599976,2
2014-09-25,1209.5,1221.199951,1209.5,1221.199951,1221.199951,11
2014-09-26,1214.099976,1214.099976,1214.099976,1214.099976,1214.099976,19497
2014-09-29,1216.300049,1222.199951,1214.800049,1217.5,1217.5,6344
2014-09-30,1214.800049,1218.199951,1204,1210.5,1210.5,680
2014-10-01,1207.699951,1217.800049,1205.5,1214.599976,1214.599976,178
2014-10-02,1215.300049,1219.5,1210.300049,1214.199951,1214.199951,176
2014-10-03,1212.400024,1212.400024,1191,1192.199951,1192.199951,499
2014-10-06,1187.699951,1208,1182.800049,1206.699951,1206.699951,415
2014-10-07,1209.099976,1211.699951,1205.300049,1211.699951,1211.699951,272
2014-10-08,1210.199951,1217.900024,1205.300049,1205.300049,1205.300049,9
2014-10-09,1223.900024,1229,1223.900024,1224.599976,1224.599976,19
2014-10-10,1223.5,1223.5,1217,1221,1221,186
2014-10-13,1229.800049,1234,1227,1229.300049,1229.300049,103
2014-10-14,1235.900024,1235.900024,1233.599976,1233.599976,1233.599976,73
2014-10-15,1243.699951,1247,1243.699951,1244.099976,1244.099976,250
2014-10-16,1242.099976,1243,1236.699951,1240.5,1240.5,6
2014-10-17,1237.400024,1238.300049,1232.599976,1238.300049,1238.300049,356
2014-10-20,1237.300049,1244,1235.400024,1244,1244,105
2014-10-21,1251,1251,1251,1251,1251,48
2014-10-22,1244.800049,1244.800049,1244.800049,1244.800049,1244.800049,2
2014-10-23,1228,1228.5,1227.900024,1228.5,1228.5,2
2014-10-24,1229.400024,1232.699951,1229.400024,1231.199951,1231.199951,71
2014-10-27,1230.199951,1230.199951,1227.300049,1229.099976,1229.099976,282
2014-10-28,1224.900024,1231,1224.699951,1229.199951,1229.199951,46
2014-10-29,1224.300049,1224.300049,1224.300049,1224.300049,1224.300049,631
2014-10-30,1213.699951,1214.699951,1195.800049,1198.099976,1198.099976,521
2014-10-31,1199.599976,1199.699951,1161.400024,1171.099976,1171.099976,260
2014-11-03,1166.400024,1172.300049,1163.099976,1169.400024,1169.400024,60
2014-11-04,1166.900024,1171,1165,1167.400024,1167.400024,40
2014-11-05,1168.099976,1168.699951,1137.800049,1145.400024,1145.400024,157
2014-11-06,1141.099976,1147.5,1137.900024,1142.300049,1142.300049,137
2014-11-07,1139.900024,1169.699951,1133,1169.599976,1169.599976,97
2014-11-10,1171,1171,1150.699951,1159.599976,1159.599976,40
2014-11-11,1155,1170.5,1151.599976,1162.800049,1162.800049,22
2014-11-12,1162.5,1168.099976,1157.5,1158.900024,1158.900024,17
2014-11-13,1163.699951,1164.5,1155,1161.099976,1161.099976,1047
2014-11-14,1155.199951,1191,1148,1185,1185,486
2014-11-17,1183.099976,1186.900024,1180.599976,1183,1183,17
2014-11-18,1197.099976,1197.099976,1193.900024,1196.699951,1196.699951,2
2014-11-19,1196.5,1198.300049,1190.599976,1193.599976,1193.599976,23
2014-11-20,1191.800049,1191.900024,1190.699951,1190.699951,1190.699951,3
2014-11-21,1191,1202.400024,1189,1197.5,1197.5,20
2014-11-24,1197.699951,1197.900024,1195.5,1195.5,1195.5,17
2014-11-25,1197.099976,1197.099976,1197.099976,1197.099976,1197.099976,210753
2014-11-26,1200.5,1201,1193.699951,1196.599976,1196.599976,75297
2014-11-28,1197,1198.199951,1163.800049,1175.199951,1175.199951,11175
2014-12-01,1160,1220.400024,1141.699951,1218,1218,5524
2014-12-02,1212.300049,1212.300049,1191.300049,1199.199951,1199.199951,1236
2014-12-03,1198.099976,1213.699951,1196.099976,1208.5,1208.5,440
2014-12-04,1208.199951,1213,1201.599976,1207.5,1207.5,358
2014-12-05,1203.099976,1206,1186.699951,1190.099976,1190.099976,560
2014-12-08,1190.599976,1207,1187.199951,1194.699951,1194.699951,183
2014-12-09,1202,1238,1202,1231.5,1231.5,314
2014-12-10,1231.199951,1234.599976,1226.599976,1228.900024,1228.900024,306
2014-12-11,1226.599976,1231.199951,1216.199951,1225.099976,1225.099976,264
2014-12-12,1227.800049,1227.800049,1216.199951,1222,1222,203
2014-12-15,1223.099976,1223.099976,1198.400024,1207.199951,1207.199951,77
2014-12-16,1197.199951,1222,1192.699951,1193.900024,1193.900024,223
2014-12-17,1198.199951,1199.599976,1184,1194.300049,1194.300049,94
2014-12-18,1189.699951,1207.300049,1189.699951,1194.699951,1194.699951,197
2014-12-19,1198,1200.800049,1195.900024,1195.900024,1195.900024,96
2014-12-22,1198,1198,1172.699951,1179.699951,1179.699951,223
2014-12-23,1179.300049,1180.300049,1175,1177.900024,1177.900024,232
2014-12-24,1177,1179.300049,1173.5,1173.5,1173.5,23
2014-12-26,1177.199951,1195.300049,1177.199951,1195.300049,1195.300049,124
2014-12-29,1186.5,1186.5,1181.300049,1181.699951,1181.699951,180
2014-12-30,1181.400024,1210.300049,1181.400024,1200.199951,1200.199951,191
2014-12-31,1199.199951,1199.199951,1182.699951,1183.900024,1183.900024,92
2015-01-02,1184,1194.5,1169.5,1186,1186,138
2015-01-05,1180.300049,1206.900024,1180.099976,1203.900024,1203.900024,470
2015-01-06,1203.5,1220,1203.5,1219.300049,1219.300049,97
2015-01-07,1219.199951,1219.199951,1210.599976,1210.599976,1210.599976,29
2015-01-08,1207,1215.699951,1206.300049,1208.400024,1208.400024,92
2015-01-09,1211.099976,1220.199951,1210.300049,1216,1216,43
2015-01-12,1224.199951,1234.400024,1219.099976,1232.699951,1232.699951,100
2015-01-13,1239.199951,1239.300049,1230.300049,1234.300049,1234.300049,20
2015-01-14,1229.599976,1243.800049,1225.599976,1234.400024,1234.400024,21
2015-01-15,1231.5,1265,1227.300049,1264.699951,1264.699951,130
2015-01-16,1256.099976,1279.699951,1256.099976,1276.900024,1276.900024,44
2015-01-20,1278.900024,1297.300049,1273.800049,1294.199951,1294.199951,157
2015-01-21,1295.199951,1303.5,1286.699951,1293.699951,1293.699951,78
2015-01-22,1293.199951,1302.099976,1283.5,1300.699951,1300.699951,131
2015-01-23,1299.800049,1299.800049,1292.599976,1292.599976,1292.599976,23
2015-01-26,1289.5,1290.599976,1279.400024,1279.400024,1279.400024,26
2015-01-27,1277.199951,1291.699951,1277.199951,1291.699951,1291.699951,20
2015-01-28,1285.900024,1286.800049,1285.900024,1285.900024,1285.900024,180387
2015-01-29,1283.300049,1285.400024,1251,1254.599976,1254.599976,67983
2015-01-30,1258,1284.300049,1257,1278.5,1278.5,8626
2015-02-02,1284.099976,1284.099976,1266,1276.199951,1276.199951,1654
2015-02-03,1273.5,1284.699951,1255.300049,1259.699951,1259.699951,2380
2015-02-04,1262,1271.599976,1256.800049,1263.800049,1263.800049,668
2015-02-05,1271.800049,1272.599976,1257.800049,1262,1262,133
2015-02-06,1265,1267.599976,1228,1233.900024,1233.900024,432
2015-02-09,1237.5,1242.300049,1235.400024,1240.800049,1240.800049,319
2015-02-10,1237.5,1245,1231.199951,1231.599976,1231.599976,231
2015-02-11,1233.300049,1237.400024,1219,1219,1219,102
2015-02-12,1217.900024,1229.800049,1217.900024,1220.099976,1220.099976,99
2015-02-13,1222.199951,1232.800049,1222.199951,1226.5,1226.5,65
2015-02-17,1227.699951,1234,1203,1208.099976,1208.099976,204
2015-02-18,1207.099976,1210.199951,1197.800049,1199.699951,1199.699951,147
2015-02-19,1216.5,1220,1205,1207.099976,1207.099976,65
2015-02-20,1206.5,1213.099976,1199.099976,1204.400024,1204.400024,51
2015-02-23,1201.300049,1203.300049,1191.599976,1200.300049,1200.300049,268
2015-02-24,1203.400024,1203.5,1193.800049,1196.900024,1196.900024,151
2015-02-25,1204.300049,1204.599976,1201,1201,1201,570
2015-02-26,1204.800049,1219,1204.800049,1209.599976,1209.599976,560
2015-02-27,1207.699951,1217.800049,1204.5,1212.599976,1212.599976,195
2015-03-02,1214.300049,1222.699951,1204.900024,1207.699951,1207.699951,124
2015-03-03,1201.5,1212,1195,1204,1204,51
2015-03-04,1204.800049,1206.900024,1198,1200.599976,1200.599976,27
2015-03-05,1201.699951,1205.400024,1195.900024,1195.900024,1195.900024,29
2015-03-06,1195,1195.699951,1163.699951,1164.099976,1164.099976,168
2015-03-09,1169.400024,1174.199951,1166.300049,1166.400024,1166.400024,45
2015-03-10,1166.400024,1168.400024,1156.5,1160.099976,1160.099976,94
2015-03-11,1162,1162,1147.699951,1150.699951,1150.699951,74
2015-03-12,1155.400024,1160.5,1149.699951,1152.099976,1152.099976,63
2015-03-13,1158.199951,1159.199951,1152.599976,1152.599976,1152.599976,44
2015-03-16,1159.699951,1162.300049,1150.099976,1153.300049,1153.300049,56
2015-03-17,1153.599976,1158.199951,1144.300049,1148.300049,1148.300049,71
2015-03-18,1148.699951,1174.300049,1147,1151.400024,1151.400024,112
2015-03-19,1171.599976,1171.599976,1159.300049,1169.099976,1169.099976,39
2015-03-20,1171,1185.400024,1171,1184.800049,1184.800049,54
2015-03-23,1181.599976,1188,1181.199951,1188,1188,5
2015-03-24,1188,1193,1186,1191.699951,1191.699951,411
2015-03-25,1192.5,1199.199951,1192.5,1197.300049,1197.300049,11
2015-03-26,1198.199951,1213.699951,1198.199951,1205.099976,1205.099976,68
2015-03-27,1197,1199.800049,1196.300049,1199.800049,1199.800049,172260
2015-03-30,1198,1198.5,1181.599976,1184.800049,1184.800049,37990
2015-03-31,1185.800049,1190.099976,1178.199951,1183.099976,1183.099976,3409
2015-04-01,1182.900024,1208.199951,1181,1208.099976,1208.099976,1632
2015-04-02,1204,1205.699951,1194.800049,1200.900024,1200.900024,1684
2015-04-06,1209.900024,1224.199951,1209.900024,1218.599976,1218.599976,343
2015-04-07,1214.800049,1214.800049,1208.199951,1210.599976,1210.599976,406
2015-04-08,1208.900024,1211.400024,1197.599976,1203.099976,1203.099976,236
2015-04-09,1201.699951,1202.5,1193,1193.599976,1193.599976,521
2015-04-10,1195.800049,1209.599976,1195.800049,1204.599976,1204.599976,202
2015-04-13,1208.099976,1208.099976,1198.300049,1199.300049,1199.300049,424
2015-04-14,1198.800049,1200.599976,1184.099976,1192.800049,1192.800049,546
2015-04-15,1194.599976,1203.099976,1188.599976,1201.5,1201.5,196
2015-04-16,1204.300049,1208.5,1194.599976,1198,1198,199
2015-04-17,1200.199951,1206,1200.199951,1202.900024,1202.900024,21
2015-04-20,1205.699951,1206.900024,1191,1193.5,1193.5,67
2015-04-21,1193.199951,1202.900024,1192.800049,1202.900024,1202.900024,33
2015-04-22,1199.099976,1202.599976,1185.199951,1186.900024,1186.900024,93
2015-04-23,1187.199951,1197,1186.099976,1194.400024,1194.400024,331
2015-04-24,1192.300049,1194.699951,1174.599976,1175.199951,1175.199951,52
2015-04-27,1182.300049,1206.699951,1181.400024,1203.300049,1203.300049,194
2015-04-28,1199.699951,1214,1199.699951,1214,1214,401
2015-04-29,1211.199951,1212.599976,1201.900024,1209.800049,1209.800049,114
2015-04-30,1203.099976,1205.900024,1176.699951,1182.400024,1182.400024,143
2015-05-01,1178.099976,1178.099976,1170,1174.5,1174.5,23
2015-05-04,1177.5,1189.400024,1177.5,1186.800049,1186.800049,38
2015-05-05,1187.5,1198.699951,1186.900024,1193.199951,1193.199951,48
2015-05-06,1194.5,1194.599976,1189.900024,1190.300049,1190.300049,14
2015-05-07,1181.5,1186,1179.699951,1182.400024,1182.400024,44
2015-05-08,1183.300049,1189.099976,1182.900024,1189.099976,1189.099976,51
2015-05-11,1189.699951,1190.5,1179.300049,1183.199951,1183.199951,26
2015-05-12,1194.599976,1194.800049,1189.699951,1192.599976,1192.599976,10
2015-05-13,1192.699951,1218.400024,1191,1218.400024,1218.400024,34
2015-05-14,1214.5,1225.599976,1214.5,1225.400024,1225.400024,35
2015-05-15,1218.5,1225.5,1214.800049,1225.5,1225.5,12
2015-05-18,1224.5,1228.099976,1222.599976,1227.800049,1227.800049,8
2015-05-19,1223.900024,1223.900024,1206,1206.900024,1206.900024,9
2015-05-20,1205.099976,1210.800049,1205.099976,1208.900024,1208.900024,11
2015-05-21,1204.5,1204.5,1203.699951,1204.400024,1204.400024,43
2015-05-22,1211.599976,1211.900024,1204.300049,1204.300049,1204.300049,8
2015-05-26,1193.599976,1193.599976,1186,1187.199951,1187.199951,40
2015-05-27,1185.900024,1185.900024,1185.900024,1185.900024,1185.900024,200216
2015-05-28,1187.099976,1192,1179.599976,1188.099976,1188.099976,52705
2015-05-29,1187.800049,1193.300049,1185.699951,1189.400024,1189.400024,4748
2015-06-01,1190.599976,1204,1184.300049,1188.300049,1188.300049,1236
2015-06-02,1189,1194.300049,1186,1194.099976,1194.099976,1003
2015-06-03,1193.900024,1193.900024,1179.099976,1184.699951,1184.699951,630
2015-06-04,1184.900024,1185.300049,1173,1174.900024,1174.900024,447
2015-06-05,1176.400024,1177.300049,1164,1167.800049,1167.800049,390
2015-06-08,1169.5,1176.099976,1169.099976,1173.199951,1173.199951,173
2015-06-09,1172.900024,1180.300049,1172.699951,1177.300049,1177.300049,144
2015-06-10,1176.099976,1190.099976,1175.599976,1186.099976,1186.099976,295
2015-06-11,1183.199951,1183.199951,1174.400024,1179.900024,1179.900024,69
2015-06-12,1180.400024,1181.199951,1176.199951,1178.800049,1178.800049,141
2015-06-15,1179.900024,1188.5,1172.699951,1185.300049,1185.300049,102
2015-06-16,1186.5,1186.5,1175.900024,1180.5,1180.5,29
2015-06-17,1177.599976,1186.300049,1174.900024,1176.400024,1176.400024,168
2015-06-18,1183.400024,1202,1183.400024,1201.5,1201.5,130
2015-06-19,1199.699951,1203.099976,1199.699951,1201.5,1201.5,142
2015-06-22,1197.800049,1197.800049,1182.699951,1183.699951,1183.699951,30
2015-06-23,1183.800049,1186,1176.199951,1176.199951,1176.199951,60
2015-06-24,1176.599976,1176.599976,1170.699951,1172.599976,1172.599976,263
2015-06-25,1175.800049,1175.900024,1171.5,1171.5,1171.5,95
2015-06-26,1170.5,1172.900024,1170.5,1172.900024,1172.900024,308
2015-06-29,1185.099976,1186,1173.800049,1178.5,1178.5,174
2015-06-30,1176.300049,1176.400024,1166.599976,1171.5,1171.5,223
2015-07-01,1173.099976,1173.099976,1166.599976,1169,1169,455
2015-07-02,1166.400024,1168.099976,1155.5,1163,1163,316
2015-07-06,1171.099976,1173,1162.199951,1172.900024,1172.900024,634
2015-07-07,1166.800049,1166.800049,1149.5,1152.400024,1152.400024,469
2015-07-08,1152.599976,1163.300049,1146.400024,1163.300049,1163.300049,65
2015-07-09,1154.800049,1163.599976,1154.800049,1159,1159,65
2015-07-10,1160.099976,1161.400024,1157.5,1157.699951,1157.699951,27
2015-07-13,1159,1159,1151.199951,1155.199951,1155.199951,14
2015-07-14,1157.199951,1157.199951,1153,1153.300049,1153.300049,39
2015-07-15,1154,1154,1144.800049,1147.199951,1147.199951,15
2015-07-16,1146.199951,1146.199951,1142.900024,1143.800049,1143.800049,14
2015-07-17,1144,1144,1130.199951,1131.800049,1131.800049,120
2015-07-20,1130.400024,1130.699951,1095.099976,1106.699951,1106.699951,189
2015-07-21,1097.099976,1106.400024,1097.099976,1103.400024,1103.400024,118
2015-07-22,1093,1095,1086,1091.400024,1091.400024,46
2015-07-23,1097.400024,1097.599976,1087.800049,1094,1094,64
2015-07-24,1078.599976,1100.699951,1078.599976,1085.599976,1085.599976,52
2015-07-27,1100,1102.5,1093.900024,1096.5,1096.5,19
2015-07-28,1097.199951,1097.699951,1096.300049,1096.300049,1096.300049,31
2015-07-29,1096.400024,1096.900024,1092.699951,1092.699951,1092.699951,159142
2015-07-30,1096.099976,1097.5,1081,1088.400024,1088.400024,49298
2015-07-31,1087.699951,1102.800049,1079.099976,1094.900024,1094.900024,5700
2015-08-03,1095.5,1097.099976,1085,1089.400024,1089.400024,2418
2015-08-04,1085.099976,1093.900024,1080.5,1090.699951,1090.699951,1139
2015-08-05,1086.5,1090.599976,1082.5,1085.699951,1085.699951,1207
2015-08-06,1084.400024,1092.199951,1083.599976,1090.199951,1090.199951,269
2015-08-07,1088.900024,1098.300049,1081.699951,1094.099976,1094.099976,614
2015-08-10,1093.199951,1107.599976,1089.5,1104.199951,1104.199951,900
2015-08-11,1103.800049,1116.699951,1094,1107.599976,1107.599976,997
2015-08-12,1106,1124.5,1101.5,1123.199951,1123.199951,797
2015-08-13,1124.300049,1124.300049,1113,1115.699951,1115.699951,441
2015-08-14,1113.900024,1118.800049,1112.5,1112.900024,1112.900024,908
2015-08-17,1113.800049,1122,1113.800049,1118.599976,1118.599976,399
2015-08-18,1118.199951,1118.400024,1110,1117.099976,1117.099976,475
2015-08-19,1117,1134.300049,1116.800049,1128.099976,1128.099976,348
2015-08-20,1132.800049,1153.300049,1132.800049,1153,1153,409
2015-08-21,1154.099976,1166.5,1150.5,1159.599976,1159.599976,261
2015-08-24,1164,1169,1147.5,1153.400024,1153.400024,299
2015-08-25,1151.5,1155.5,1134,1138.199951,1138.199951,217
2015-08-26,1139.199951,1143,1119.599976,1124.599976,1124.599976,116
2015-08-27,1127.199951,1127.400024,1118.400024,1122.400024,1122.400024,564
2015-08-28,1125.300049,1139,1123.599976,1133.099976,1133.099976,279
2015-08-31,1131.099976,1134,1124.800049,1131.599976,1131.599976,194
2015-09-01,1133.5,1144.699951,1133.5,1138.699951,1138.699951,375
2015-09-02,1137.300049,1140.400024,1130.800049,1132.5,1132.5,201
2015-09-03,1130.300049,1132.900024,1120.300049,1123.699951,1123.699951,122
2015-09-04,1123.400024,1125.199951,1116.199951,1120.599976,1120.599976,51
2015-09-08,1119.800049,1124.300049,1116.400024,1120.400024,1120.400024,138
2015-09-09,1123.5,1123.5,1102.099976,1102.199951,1102.199951,150
2015-09-10,1107.300049,1113.5,1105.5,1109.5,1109.5,56
2015-09-11,1110.800049,1111.699951,1098.199951,1103.5,1103.5,81
2015-09-14,1107.800049,1108.599976,1104.099976,1107.699951,1107.699951,19
2015-09-15,1104.5,1104.5,1102.800049,1102.800049,1102.800049,8
2015-09-16,1109.800049,1119.900024,1109.800049,1119.199951,1119.199951,31
2015-09-17,1118.599976,1130.5,1117.099976,1117.300049,1117.300049,14
2015-09-18,1128.300049,1141.199951,1127.800049,1138.099976,1138.099976,59
2015-09-21,1137.599976,1138.5,1130.800049,1133.099976,1133.099976,17
2015-09-22,1132.599976,1135,1122.5,1125,1125,43
2015-09-23,1128.599976,1132.199951,1128.300049,1131.599976,1131.599976,33
2015-09-24,1133,1155.900024,1133,1153.800049,1153.800049,37
2015-09-25,1149.800049,1149.800049,1143.400024,1146,1146,56
2015-09-28,1133.199951,1133.199951,1132,1132,1132,4346
2015-09-29,1132.199951,1134.400024,1124.300049,1127.099976,1127.099976,2417
2015-09-30,1124.300049,1126,1112.099976,1115.5,1115.5,865
2015-10-01,1115.199951,1119,1113.300049,1114.199951,1114.199951,1181
2015-10-02,1112.199951,1141.199951,1105.800049,1137.099976,1137.099976,323
2015-10-05,1137.099976,1141.699951,1132.5,1138.099976,1138.099976,226
2015-10-06,1136.300049,1150,1136.300049,1146.800049,1146.800049,145
2015-10-07,1147.599976,1152.900024,1143,1149,1149,104
2015-10-08,1142.699951,1146.699951,1138.699951,1144.699951,1144.699951,138
2015-10-09,1151.599976,1157.199951,1151.599976,1156.300049,1156.300049,22
2015-10-12,1155.900024,1166.800049,1155.900024,1164.900024,1164.900024,40
2015-10-13,1163.5,1166.199951,1154.900024,1165.800049,1165.800049,132
2015-10-14,1172.400024,1189,1167.300049,1180.099976,1180.099976,143
2015-10-15,1184.199951,1188.300049,1177.800049,1187.900024,1187.900024,143
2015-10-16,1182.5,1184.099976,1176.199951,1183.599976,1183.599976,243
2015-10-19,1176.5,1177.800049,1169.300049,1173.300049,1173.300049,62
2015-10-20,1168.699951,1179.099976,1168.699951,1178,1178,19
2015-10-21,1175.900024,1176.400024,1164.900024,1167.599976,1167.599976,41
2015-10-22,1166.199951,1168.599976,1163.5,1166.599976,1166.599976,48
2015-10-23,1166.199951,1178.699951,1163.300049,1163.300049,1163.300049,38
2015-10-26,1165.099976,1170,1163.800049,1167,1167,176
2015-10-27,1164.5,1166.800049,1162,1166.800049,1166.800049,302
2015-10-28,1175.099976,1182.699951,1175.099976,1177.099976,1177.099976,217
2015-10-29,1158,1162,1144.900024,1147.199951,1147.199951,329
2015-10-30,1147.5,1147.599976,1139.199951,1141.5,1141.5,249
2015-11-02,1137.900024,1138.699951,1132.599976,1135.800049,1135.800049,180
2015-11-03,1133.300049,1134.699951,1114.199951,1114.199951,1114.199951,185
2015-11-04,1119,1121.900024,1106.5,1106.5,1106.5,141
2015-11-05,1107.900024,1110.699951,1104.400024,1104.400024,1104.400024,84
2015-11-06,1105.199951,1109.5,1084.800049,1087.599976,1087.599976,78
2015-11-09,1088.599976,1088.599976,1087.900024,1087.900024,1087.900024,5
2015-11-10,1090.099976,1091.300049,1085,1088.199951,1088.199951,18
2015-11-11,1091.400024,1091.400024,1084.199951,1084.699951,1084.699951,15
2015-11-12,1086,1086.599976,1080.800049,1080.800049,1080.800049,4
2015-11-13,1083.099976,1085.900024,1080.800049,1080.800049,1080.800049,23
2015-11-16,1092,1092.400024,1083.699951,1083.699951,1083.699951,11
2015-11-17,1075.5,1075.800049,1065.099976,1068.699951,1068.699951,6
2015-11-18,1064,1071.900024,1064,1068.800049,1068.800049,5
2015-11-19,1077.400024,1082.400024,1077.400024,1078,1078,10
2015-11-20,1082.900024,1082.900024,1076.400024,1076.400024,1076.400024,5
2015-11-23,1070,1071.5,1066.800049,1066.800049,1066.800049,57
2015-11-24,1073.199951,1079.400024,1073.199951,1074.300049,1074.300049,222
2015-11-25,1070.199951,1072,1068.5,1070.5,1070.5,148662
2015-11-27,1070.699951,1074.199951,1051.099976,1056.199951,1056.199951,52133
2015-11-30,1056.5,1068.400024,1052.099976,1065.800049,1065.800049,4601
2015-12-01,1064.599976,1074.599976,1063.400024,1063.800049,1063.800049,3441
2015-12-02,1068.699951,1069.5,1049.599976,1054.199951,1054.199951,503
2015-12-03,1054.400024,1064.599976,1046.199951,1061.699951,1061.699951,1161
2015-12-04,1063,1088.800049,1058.699951,1084.5,1084.5,889
2015-12-07,1084.900024,1086.5,1067.400024,1076.400024,1076.400024,656
2015-12-08,1071,1078.400024,1069.599976,1076.300049,1076.300049,306
2015-12-09,1075.099976,1086,1070.599976,1077.599976,1077.599976,386
2015-12-10,1073,1076.300049,1071.699951,1073.099976,1073.099976,226
2015-12-11,1067.800049,1079.400024,1064.400024,1076.900024,1076.900024,410
2015-12-14,1074,1076.699951,1060,1064.699951,1064.699951,509
2015-12-15,1064.599976,1066.199951,1061.800049,1062.900024,1062.900024,220
2015-12-16,1064.800049,1078.699951,1064.300049,1078,1078,81
2015-12-17,1072.599976,1072.599976,1050.5,1050.800049,1050.800049,56
2015-12-18,1053.699951,1070.300049,1052.699951,1066.199951,1066.199951,253
2015-12-21,1070.199951,1081.900024,1070.199951,1081.900024,1081.900024,26
2015-12-22,1078.599976,1078.599976,1073.800049,1074.800049,1074.800049,106
2015-12-23,1074.5,1074.800049,1069.400024,1069.400024,1069.400024,202
2015-12-24,1074.300049,1077.800049,1073.5,1077.199951,1077.199951,24
2015-12-28,1077.900024,1098.800049,1070.5,1070.5,1070.5,361
2015-12-29,1079.099976,1079.699951,1077.5,1077.5,1077.5,252
2015-12-30,1068.599976,1070.199951,1059.699951,1060.099976,1060.099976,71
2015-12-31,1061.900024,1062,1058.5,1060.300049,1060.300049,10
2016-01-04,1063.400024,1082.5,1063.199951,1075.099976,1075.099976,143
2016-01-05,1075.599976,1081.5,1075.300049,1078.400024,1078.400024,82
2016-01-06,1081.599976,1093.699951,1081.599976,1091.900024,1091.900024,52
2016-01-07,1091.599976,1109.400024,1091.599976,1107.699951,1107.699951,122
2016-01-08,1111.099976,1111.099976,1093,1097.800049,1097.800049,98
2016-01-11,1105.699951,1107.900024,1096.5,1096.5,1096.5,43
2016-01-12,1093.800049,1098.5,1084,1085.599976,1085.599976,87
2016-01-13,1081.5,1093.900024,1081.5,1087.5,1087.5,50
2016-01-14,1091.5,1091.5,1073.699951,1073.900024,1073.900024,59
2016-01-15,1085,1095.800049,1081.800049,1091.5,1091.5,44
2016-01-19,1089.800049,1094.400024,1084.900024,1089.900024,1089.900024,17
2016-01-20,1099.800049,1109.800049,1099.800049,1107.099976,1107.099976,30
2016-01-21,1103.599976,1103.599976,1094.099976,1099.099976,1099.099976,16
2016-01-22,1098,1103.199951,1097.199951,1097.199951,1097.199951,4
2016-01-25,1099.300049,1109.300049,1099.300049,1106.199951,1106.199951,8
2016-01-26,1115.099976,1121.699951,1114.300049,1121.699951,1121.699951,181
2016-01-27,1117.800049,1117.800049,1115.800049,1116.099976,1116.099976,168706
2016-01-28,1125.400024,1125.699951,1109.800049,1115.599976,1115.599976,52861
2016-01-29,1114.400024,1118.599976,1108.800049,1116.400024,1116.400024,6955
2016-02-01,1116.699951,1130,1115.300049,1127.900024,1127.900024,1682
2016-02-02,1128.300049,1131.400024,1123,1127.300049,1127.300049,1230
2016-02-03,1128.5,1146,1125,1141.300049,1141.300049,1630
2016-02-04,1142.5,1157.599976,1141,1157.599976,1157.599976,771
2016-02-05,1155.599976,1174.800049,1146,1157.800049,1157.800049,877
2016-02-08,1173.5,1200.400024,1165,1197.900024,1197.900024,931
2016-02-09,1188.699951,1199.199951,1186.699951,1198.699951,1198.699951,700
2016-02-10,1189.800049,1197.699951,1182.099976,1194.699951,1194.699951,671
2016-02-11,1205.599976,1260.800049,1204.599976,1247.900024,1247.900024,995
2016-02-12,1247.800049,1247.800049,1233.5,1239.099976,1239.099976,250
2016-02-16,1233.099976,1233.599976,1193.599976,1207.900024,1207.900024,422
2016-02-17,1196.5,1212.900024,1196.5,1211.099976,1211.099976,53
2016-02-18,1209.599976,1239.199951,1201.599976,1226.099976,1226.099976,315
2016-02-19,1230.800049,1232.800049,1221.800049,1230.400024,1230.400024,76
2016-02-22,1226.099976,1226.099976,1203,1209.5,1209.5,280
2016-02-23,1207.400024,1226.099976,1207.400024,1222.300049,1222.300049,351
2016-02-24,1230,1250.099976,1230,1238.699951,1238.699951,111
2016-02-25,1239.400024,1241.5,1235,1238.199951,1238.199951,1349
2016-02-26,1232.400024,1239.099976,1212.199951,1219.800049,1219.800049,656
2016-02-29,1218.599976,1241,1218.599976,1233.900024,1233.900024,580
2016-03-01,1240.5,1248.400024,1229,1230.300049,1230.300049,477
2016-03-02,1232.800049,1242.599976,1226,1241.099976,1241.099976,267
2016-03-03,1238.400024,1267.900024,1238,1257.400024,1257.400024,123
2016-03-04,1263,1279.900024,1250.900024,1269.900024,1269.900024,268
2016-03-07,1259.800049,1272.300049,1259.699951,1263.199951,1263.199951,67
2016-03-08,1268.699951,1276.300049,1261,1262.099976,1262.099976,43
2016-03-09,1254.5,1260,1244.800049,1256.599976,1256.599976,79
2016-03-10,1250,1273,1237.5,1272,1272,119
2016-03-11,1270,1280.699951,1249.400024,1258.699951,1258.699951,87
2016-03-14,1256,1258,1234.5,1244.400024,1244.400024,58
2016-03-15,1228.300049,1236,1228,1230.400024,1230.400024,37
2016-03-16,1229.5,1263.800049,1228.900024,1229.300049,1229.300049,45
2016-03-17,1261.5,1270.099976,1255.900024,1264.5,1264.5,27
2016-03-18,1257.099976,1264.400024,1251.5,1253.800049,1253.800049,542
2016-03-21,1256.199951,1256.199951,1243.400024,1243.800049,1243.800049,1061
2016-03-22,1244,1252.400024,1243.800049,1248.199951,1248.199951,20
2016-03-23,1247.699951,1247.699951,1218.599976,1223.699951,1223.699951,28
2016-03-24,1214.199951,1221.400024,1214.199951,1221.400024,1221.400024,13
2016-03-28,1211.5,1222.199951,1210,1219.900024,1219.900024,33
2016-03-29,1217.800049,1235.599976,1217.699951,1235.599976,1235.599976,189732
2016-03-30,1241.400024,1245,1223.400024,1226.900024,1226.900024,48248
2016-03-31,1225.599976,1239.599976,1224.5,1234.199951,1234.199951,3377
2016-04-01,1232.300049,1235.199951,1209.199951,1222.199951,1222.199951,1602
2016-04-04,1221.699951,1222.300049,1215,1218,1218,2038
2016-04-05,1215.400024,1236.699951,1215.400024,1228.400024,1228.400024,477
2016-04-06,1230.400024,1230.400024,1217.599976,1222.5,1222.5,248
2016-04-07,1224.800049,1242.900024,1224.599976,1236.199951,1236.199951,375
2016-04-08,1241,1242.800049,1232,1242.5,1242.5,409
2016-04-11,1241.5,1258.699951,1241.5,1256.699951,1256.699951,437
2016-04-12,1260,1261.699951,1253.699951,1259.400024,1259.400024,185
2016-04-13,1256.5,1256.900024,1241.300049,1246.800049,1246.800049,203
2016-04-14,1231.400024,1243.699951,1224.5,1225,1225,264
2016-04-15,1225.699951,1235,1225.699951,1233.099976,1233.099976,97
2016-04-18,1238.699951,1241.099976,1232.199951,1233.599976,1233.599976,304
2016-04-19,1231.599976,1256.199951,1228.800049,1253,1253,386
2016-04-20,1256.099976,1256.099976,1243,1253.199951,1253.199951,180
2016-04-21,1247.699951,1270.599976,1247.599976,1249,1249,124
2016-04-22,1248.5,1248.5,1228,1228.699951,1228.699951,188
2016-04-25,1231.599976,1240.900024,1231.599976,1238.900024,1238.900024,442
2016-04-26,1239.800049,1244.199951,1233,1242.199951,1242.199951,97
2016-04-27,1248.599976,1249.5,1248.599976,1249.199951,1249.199951,547
2016-04-28,1245.900024,1270.099976,1238.5,1265.5,1265.5,887
2016-04-29,1267.300049,1295.5,1267.199951,1289.199951,1289.199951,464
2016-05-02,1292.099976,1304.400024,1290.400024,1294.699951,1294.699951,192
2016-05-03,1292.699951,1301.5,1284.5,1290.699951,1290.699951,151
2016-05-04,1286.900024,1290,1273,1273.300049,1273.300049,109
2016-05-05,1282.900024,1286,1270.800049,1271.400024,1271.400024,330
2016-05-06,1278.599976,1295.599976,1276.900024,1292.900024,1292.900024,305
2016-05-09,1286.5,1286.5,1262.300049,1265.599976,1265.599976,341
2016-05-10,1265.099976,1267.400024,1258.699951,1263.900024,1263.900024,23
2016-05-11,1266.900024,1279.199951,1266.900024,1274.599976,1274.599976,50
2016-05-12,1267,1281.199951,1264,1270.300049,1270.300049,101
2016-05-13,1271.400024,1275.699951,1264.599976,1271.900024,1271.900024,66
2016-05-16,1272.800049,1287.800049,1272.800049,1273.400024,1273.400024,44
2016-05-17,1272.5,1281.599976,1270.800049,1276.199951,1276.199951,16
2016-05-18,1276.400024,1276.400024,1256.800049,1273.699951,1273.699951,17
2016-05-19,1248,1255.5,1247.5,1254.199951,1254.199951,69
2016-05-20,1256.599976,1256.599976,1252.400024,1252.400024,1252.400024,44
2016-05-23,1251.599976,1251.599976,1247.5,1251.099976,1251.099976,56
2016-05-24,1240,1240,1228.199951,1228.900024,1228.900024,20
2016-05-25,1219.300049,1223.5,1218.599976,1223.5,1223.5,5
2016-05-26,1232.599976,1232.599976,1220.099976,1220.099976,1220.099976,199778
2016-05-27,1220.300049,1223.199951,1206.400024,1213.800049,1213.800049,63739
2016-05-31,1212.5,1217.599976,1199,1214.800049,1214.800049,6432
2016-06-01,1215.699951,1219.800049,1205.400024,1211.900024,1211.900024,2717
2016-06-02,1212.400024,1217,1209.599976,1209.800049,1209.800049,1627
2016-06-03,1209.099976,1244.5,1206.400024,1240.099976,1240.099976,1622
2016-06-06,1244.400024,1247.300049,1240,1244.599976,1244.599976,1135
2016-06-07,1244,1244.900024,1236.5,1244.400024,1244.400024,281
2016-06-08,1247.599976,1264,1247.300049,1259.800049,1259.800049,406
2016-06-09,1262.5,1271.400024,1258.099976,1270.199951,1270.199951,381
2016-06-10,1267.599976,1278,1265.300049,1273.400024,1273.400024,397
2016-06-13,1276.199951,1287.300049,1273,1284.400024,1284.400024,328
2016-06-14,1281.800049,1289.699951,1277.800049,1285.599976,1285.599976,554
2016-06-15,1284.599976,1296.199951,1278.800049,1285.800049,1285.800049,162
2016-06-16,1296.300049,1316.400024,1281.099976,1296.099976,1296.099976,251
2016-06-17,1280.300049,1300.099976,1280.300049,1292.5,1292.5,129
2016-06-20,1288.900024,1291.199951,1280.300049,1290,1290,153
2016-06-21,1293.900024,1293.900024,1266.300049,1270.5,1270.5,134
2016-06-22,1267,1269.199951,1264.900024,1268,1268,53
2016-06-23,1263.400024,1270.5,1255.199951,1261.199951,1261.199951,218
2016-06-24,1253.699951,1355.599976,1253.699951,1320,1320,694
2016-06-27,1330,1331.699951,1320,1322.5,1322.5,92
2016-06-28,1314.800049,1315.599976,1314.099976,1315.300049,1315.300049,1072
2016-06-29,1311.599976,1327.400024,1311.599976,1323.900024,1323.900024,414
2016-06-30,1315.800049,1323.5,1314.5,1318.400024,1318.400024,560
2016-07-01,1324.5,1344.199951,1321.900024,1336.699951,1336.699951,137
2016-07-05,1342.199951,1356.800049,1339.699951,1356.400024,1356.400024,90
2016-07-06,1359,1374.900024,1359,1364.900024,1364.900024,130
2016-07-07,1366.800049,1368.599976,1350.5,1360.099976,1360.099976,207
2016-07-08,1361.300049,1365.800049,1335,1356.599976,1356.599976,249
2016-07-11,1371.699951,1371.800049,1353,1355,1355,26
2016-07-12,1353.599976,1356,1330.300049,1334.099976,1334.099976,252
2016-07-13,1341.5,1342.400024,1336.699951,1342.400024,1342.400024,7
2016-07-14,1341.400024,1341.400024,1322.699951,1331.300049,1331.300049,20
2016-07-15,1333.699951,1333.699951,1322.900024,1326.5,1326.5,52
2016-07-18,1327.5,1335,1326.199951,1328.400024,1328.400024,54
2016-07-19,1328.5,1333.199951,1326.400024,1331.5,1331.5,322
2016-07-20,1331,1337.5,1315.5,1318.800049,1318.800049,751
2016-07-21,1312.800049,1330.5,1312.800049,1330.5,1330.5,318
2016-07-22,1330.699951,1330.699951,1320.400024,1323.099976,1323.099976,55
2016-07-25,1315.699951,1319.300049,1313.800049,1319.300049,1319.300049,548
2016-07-26,1315.199951,1320.699951,1315.199951,1320.699951,1320.699951,63
2016-07-27,1326,1326.599976,1326,1326.599976,1326.599976,215388
2016-07-28,1339.5,1344.300049,1330.099976,1332.300049,1332.300049,56908
2016-07-29,1333.199951,1353.300049,1325.800049,1349,1349,6076
2016-08-01,1348.800049,1353.5,1345.599976,1351.400024,1351.400024,1257
2016-08-02,1352.099976,1366,1346.599976,1364.400024,1364.400024,2941
2016-08-03,1362.400024,1364.699951,1353.300049,1356.099976,1356.099976,715
2016-08-04,1354.400024,1361.599976,1347,1358.800049,1358.800049,381
2016-08-05,1357.599976,1360.800049,1333.699951,1336.400024,1336.400024,1107
2016-08-08,1330,1335.400024,1327.800049,1333.400024,1333.400024,587
2016-08-09,1331.800049,1339.400024,1328.5,1339,1339,620
2016-08-10,1344.800049,1354.199951,1344.300049,1344.300049,1344.300049,110
2016-08-11,1341.599976,1350.400024,1334.800049,1342.5,1342.5,666
2016-08-12,1336.800049,1351.800049,1333.199951,1335.800049,1335.800049,113
2016-08-15,1336.5,1340.599976,1333.599976,1340.300049,1340.300049,62
2016-08-16,1342.199951,1355,1341,1350.5,1350.5,338
2016-08-17,1345.5,1347.300049,1338.599976,1342.699951,1342.699951,135
2016-08-18,1351.300049,1354.400024,1348.199951,1351.199951,1351.199951,140
2016-08-19,1350.099976,1350.099976,1338.599976,1340.400024,1340.400024,197
2016-08-22,1334.400024,1337.699951,1333.300049,1337.699951,1337.699951,117
2016-08-23,1337,1341.199951,1334.300049,1340.599976,1340.599976,551
2016-08-24,1337.199951,1337.199951,1322.900024,1324.400024,1324.400024,262
2016-08-25,1321.400024,1324,1317,1320.099976,1320.099976,58
2016-08-26,1323.800049,1340.5,1320.099976,1321.5,1321.5,141
2016-08-29,1315,1323,1315,1322.900024,1322.900024,437
2016-08-30,1322,1322.099976,1308,1311.699951,1311.699951,705
2016-08-31,1310.300049,1313.699951,1306.300049,1306.900024,1306.900024,214
2016-09-01,1305.300049,1313.099976,1301.5,1312.199951,1312.199951,225
2016-09-02,1309.599976,1326.699951,1309.199951,1322.099976,1322.099976,55
2016-09-06,1323.300049,1349.400024,1323.199951,1349.400024,1349.400024,46
2016-09-07,1348.400024,1350.5,1343.900024,1344.300049,1344.300049,14
2016-09-08,1344.800049,1345.400024,1335.699951,1336.800049,1336.800049,30
2016-09-09,1338.5,1338.5,1328,1330.099976,1330.099976,35
2016-09-12,1327,1329.300049,1319.900024,1321,1321,177
2016-09-13,1324.599976,1324.599976,1315,1319,1319,79
2016-09-14,1319.199951,1322.300049,1319.199951,1321.5,1321.5,73
2016-09-15,1320.699951,1320.699951,1310.800049,1313.5,1313.5,37
2016-09-16,1312.199951,1312.599976,1305.800049,1305.800049,1305.800049,4
2016-09-19,1313.5,1313.5,1313.5,1313.5,1313.5,20
2016-09-20,1313.699951,1313.699951,1313.699951,1313.699951,1313.699951,97
2016-09-21,1326.300049,1326.900024,1324,1326.900024,1326.900024,76
2016-09-22,1338.599976,1340.400024,1338.199951,1340.400024,1340.400024,23
2016-09-23,1337.199951,1337.199951,1337.199951,1337.199951,1337.199951,40
2016-09-26,1335.199951,1341.800049,1335.199951,1339.699951,1339.699951,24
2016-09-27,1328,1328.699951,1325.900024,1325.900024,1325.900024,48
2016-09-28,1319.400024,1319.400024,1319.400024,1319.400024,1319.400024,10551
2016-09-29,1321.199951,1325,1314.699951,1321.699951,1321.699951,6108
2016-09-30,1320.599976,1327.699951,1312.900024,1313.300049,1313.300049,868
2016-10-03,1313.5,1316.800049,1308.199951,1309,1309,299
2016-10-04,1307.599976,1310.199951,1266.300049,1266.300049,1266.300049,1893
2016-10-05,1272.099976,1274,1261.300049,1265.199951,1265.199951,246
2016-10-06,1265.300049,1265.300049,1249.800049,1249.800049,1249.800049,114
2016-10-07,1253.900024,1263.599976,1248.900024,1248.900024,1248.900024,169
2016-10-11,1258.900024,1258.900024,1253,1253,1253,26
2016-10-12,1251.699951,1254,1251.099976,1251.099976,1251.099976,127
2016-10-13,1258.699951,1259,1255,1255,1255,315
2016-10-14,1253.900024,1253.900024,1250.599976,1253.099976,1253.099976,311
2016-10-17,1249.900024,1255,1249.900024,1254.400024,1254.400024,41
2016-10-18,1260.900024,1261.699951,1260.800049,1260.800049,1260.800049,11
2016-10-19,1262.900024,1271.5,1262.900024,1267.900024,1267.900024,219
2016-10-20,1270,1270.5,1265.5,1265.599976,1265.599976,415
2016-10-21,1265.900024,1265.900024,1265.900024,1265.900024,1265.900024,224
2016-10-24,1269.199951,1269.199951,1261.800049,1262,1262,42
2016-10-25,1264.099976,1274.099976,1264.099976,1271.900024,1271.900024,61
2016-10-26,1274,1274,1264.800049,1264.800049,1264.800049,279
2016-10-27,1269.400024,1269.400024,1267.900024,1267.900024,1267.900024,338
2016-10-28,1270.300049,1281.5,1262,1275.5,1275.5,560
2016-10-31,1276.599976,1276.599976,1271.5,1271.5,1271.5,58
2016-11-01,1279.300049,1290.699951,1279,1286.400024,1286.400024,49
2016-11-02,1288.300049,1307,1288.300049,1306.800049,1306.800049,30
2016-11-03,1296.400024,1303.099976,1287.300049,1302.099976,1302.099976,73
2016-11-04,1300,1303.300049,1296.699951,1303.300049,1303.300049,11
2016-11-07,1292,1294.5,1278.300049,1278.300049,1278.300049,34
2016-11-08,1284.099976,1289.400024,1273.199951,1273.400024,1273.400024,50
2016-11-09,1272.199951,1318.599976,1270,1272.599976,1272.599976,108
2016-11-10,1274.400024,1287.5,1253.300049,1265.5,1265.5,63
2016-11-14,1227.800049,1229.5,1210.400024,1221.199951,1221.199951,216
2016-11-15,1224.300049,1226,1222.5,1224,1224,20
2016-11-16,1229.300049,1229.300049,1223,1223.400024,1223.400024,66
2016-11-17,1224.599976,1225,1211,1216.5,1216.5,1139
2016-11-18,1211.900024,1211.900024,1207.199951,1208.5,1208.5,607
2016-11-21,1209.599976,1209.599976,1209.599976,1209.599976,1209.599976,19
2016-11-22,1210.400024,1211.099976,1207.599976,1211,1211,19
2016-11-23,1212.800049,1213.800049,1186.800049,1189.099976,1189.099976,309
2016-11-25,1177,1189.300049,1177,1178.199951,1178.199951,14
2016-11-28,1188,1190.599976,1188,1190.599976,1190.599976,189914
2016-11-29,1193.199951,1194.800049,1179.400024,1187.900024,1187.900024,42124
2016-11-30,1187.099976,1193.300049,1167.900024,1170.800049,1170.800049,7158
2016-12-01,1172.699951,1174.599976,1160,1166.900024,1166.900024,1588
2016-12-02,1172.300049,1177.300049,1166.400024,1175.099976,1175.099976,1521
2016-12-05,1181.800049,1186.699951,1157,1174,1174,358
2016-12-06,1170.900024,1174.5,1167.099976,1167.599976,1167.599976,652
2016-12-07,1167.699951,1178.5,1166.400024,1175,1175,182
2016-12-08,1173.800049,1177.800049,1169.099976,1169.800049,1169.800049,322
2016-12-09,1166.599976,1168.800049,1156,1159.400024,1159.400024,365
2016-12-12,1158.300049,1163.900024,1153,1163.5,1163.5,331
2016-12-13,1163.5,1164,1155.400024,1156.699951,1156.699951,637
2016-12-14,1159.800049,1164,1142,1161.300049,1161.300049,487
2016-12-15,1139.800049,1143.300049,1123.900024,1127.800049,1127.800049,244
2016-12-16,1126.900024,1140.900024,1126.900024,1135.300049,1135.300049,146
2016-12-19,1139.400024,1140.699951,1137.900024,1140.5,1140.5,249
2016-12-20,1133.5,1133.5,1126.5,1131.5,1131.5,46
2016-12-21,1136.099976,1136.099976,1130,1131.099976,1131.099976,50
2016-12-22,1131.199951,1132.800049,1128.300049,1128.800049,1128.800049,104
2016-12-23,1130.900024,1132.800049,1130.300049,1131.900024,1131.900024,70
2016-12-27,1134.300049,1142.199951,1134.300049,1137.300049,1137.300049,84
2016-12-28,1141.199951,1141.199951,1138,1139.400024,1139.400024,1570
2016-12-29,1143.800049,1158.800049,1143.599976,1156.400024,1156.400024,950
2016-12-30,1162,1162,1150,1150,1150,16
2017-01-03,1155.199951,1160.800049,1146.5,1160.400024,1160.400024,52
2017-01-04,1156.300049,1165,1156.300049,1163.800049,1163.800049,36
2017-01-05,1172,1183.300049,1171.5,1179.699951,1179.699951,500
2017-01-06,1176.5,1176.5,1171.900024,1171.900024,1171.900024,16
2017-01-09,1173.900024,1183.599976,1173,1183.5,1183.5,62
2017-01-10,1184.300049,1188.900024,1182.300049,1184.199951,1184.199951,8
2017-01-11,1187.5,1197,1176.5,1195.599976,1195.599976,20
2017-01-12,1192.699951,1204.300049,1192.300049,1198.900024,1198.900024,110
2017-01-13,1195.699951,1196,1187.699951,1195.300049,1195.300049,65
2017-01-17,1205.5,1214.599976,1200.800049,1212,1212,79
2017-01-18,1213.599976,1214.699951,1203.099976,1211.300049,1211.300049,114
2017-01-19,1200.5,1204,1195.800049,1200.900024,1200.900024,26
2017-01-20,1202.800049,1212.099976,1202.800049,1204.300049,1204.300049,38
2017-01-23,1212,1215,1210,1215,1215,16
2017-01-24,1219,1219,1207.699951,1210.300049,1210.300049,24
2017-01-25,1202,1202.800049,1194.900024,1197.300049,1197.300049,403
2017-01-26,1199.699951,1199.699951,1185.599976,1189.5,1189.5,19
2017-01-27,1187.900024,1188.300049,1187.900024,1188.099976,1188.099976,234352
2017-01-30,1191.699951,1198.5,1187.099976,1193.199951,1193.199951,50503
2017-01-31,1194.900024,1214.699951,1193.5,1208.599976,1208.599976,3212
2017-02-01,1211.900024,1211.900024,1197.900024,1205.599976,1205.599976,1145
2017-02-02,1209.699951,1224.199951,1208.900024,1216.699951,1216.699951,1512
2017-02-03,1214.900024,1220.599976,1206.199951,1218.5,1218.5,865
2017-02-06,1221.900024,1235.400024,1218.5,1230,1230,908
2017-02-07,1234.199951,1236.199951,1228.5,1234.199951,1234.199951,1177
2017-02-08,1232.099976,1243.900024,1231,1237.599976,1237.599976,288
2017-02-09,1239.400024,1243.5,1226.900024,1235.099976,1235.099976,885
2017-02-10,1227.599976,1234.400024,1221.5,1234.400024,1234.400024,391
2017-02-13,1230.5,1231.099976,1219,1224.400024,1224.400024,398
2017-02-14,1225.900024,1233.5,1222.099976,1223.900024,1223.900024,159
2017-02-15,1225.5,1231.699951,1217.300049,1231.699951,1231.699951,175
2017-02-16,1234.5,1240.699951,1233.199951,1240,1240,87
2017-02-17,1240.699951,1241.199951,1234.800049,1237.599976,1237.599976,301
2017-02-21,1237.300049,1237.5,1228.099976,1237.5,1237.5,119
2017-02-22,1236.099976,1238.599976,1231.800049,1232,1232,36
2017-02-23,1236.099976,1250.300049,1236.099976,1250.199951,1250.199951,112
2017-02-24,1250,1258.800049,1250,1256.900024,1256.900024,1264
2017-02-27,1254.699951,1263.099976,1250.400024,1257.400024,1257.400024,544
2017-02-28,1253.599976,1257.300049,1247.199951,1252.599976,1252.599976,721
2017-03-01,1247.800049,1248.900024,1236.900024,1248.900024,1248.900024,138
2017-03-02,1247.199951,1247.599976,1230.699951,1231.900024,1231.900024,79
2017-03-03,1231.699951,1235.199951,1222.900024,1225.5,1225.5,121
2017-03-06,1235.199951,1235.199951,1224.5,1224.5,1224.5,29
2017-03-07,1224.300049,1225.400024,1213.699951,1215.099976,1215.099976,53
2017-03-08,1212.199951,1212.199951,1206.699951,1208.5,1208.5,24
2017-03-09,1204.5,1205.599976,1202.300049,1202.400024,1202.400024,37
2017-03-10,1196.199951,1203.300049,1196.199951,1200.699951,1200.699951,3
2017-03-13,1206.199951,1210,1202.300049,1202.400024,1202.400024,35
2017-03-14,1203.099976,1205.900024,1196.800049,1201.900024,1201.900024,22
2017-03-15,1198.199951,1221.199951,1197.699951,1200.099976,1200.099976,36
2017-03-16,1222.199951,1231.400024,1222.199951,1226.5,1226.5,47
2017-03-17,1227.099976,1230.900024,1227.099976,1229.800049,1229.800049,26
2017-03-20,1229.300049,1234.400024,1229.300049,1233.599976,1233.599976,23
2017-03-21,1226.400024,1246.099976,1226.400024,1246.099976,1246.099976,11
2017-03-22,1247.900024,1249.5,1247.699951,1249.300049,1249.300049,3
2017-03-23,1246.400024,1247.5,1244.800049,1246.900024,1246.900024,16
2017-03-24,1248,1248.300049,1247.599976,1248.199951,1248.199951,3
2017-03-27,1255.800049,1257.699951,1253.800049,1255.400024,1255.400024,72
2017-03-28,1255.900024,1255.900024,1255.300049,1255.300049,1255.300049,19
2017-03-29,1252.199951,1253.400024,1252.099976,1253.400024,1253.400024,190678
2017-03-30,1253.099976,1253.599976,1241.099976,1245,1245,51328
2017-03-31,1242.099976,1248.800049,1238.699951,1247.300049,1247.300049,8223
2017-04-03,1247.5,1252.400024,1243.599976,1250.800049,1250.800049,1160
2017-04-04,1253.099976,1260.300049,1253,1255,1255,724
2017-04-05,1255.400024,1255.400024,1243,1245.400024,1245.400024,907
2017-04-06,1256.099976,1257.5,1249,1250.300049,1250.300049,169
2017-04-07,1249.5,1269.099976,1249.5,1254.300049,1254.300049,445
2017-04-10,1252.699951,1255.199951,1246.800049,1251.099976,1251.099976,182
2017-04-11,1254.5,1273.5,1254.5,1271.199951,1271.199951,401
2017-04-12,1275,1285.099976,1272,1275.300049,1275.300049,492
2017-04-13,1285.300049,1287.599976,1282,1285.900024,1285.900024,915
2017-04-17,1291.800049,1294.800049,1284.300049,1289.400024,1289.400024,73
2017-04-18,1283.900024,1291.699951,1278.599976,1291.699951,1291.699951,394
2017-04-19,1288,1288,1274,1281.400024,1281.400024,194
2017-04-20,1279.699951,1281.900024,1276.199951,1281.900024,1281.900024,127
2017-04-21,1279.800049,1287.400024,1279.199951,1287.400024,1287.400024,474
2017-04-24,1275,1276.400024,1265,1275.800049,1275.800049,605
2017-04-25,1275.599976,1276.900024,1262.099976,1265.599976,1265.599976,356
2017-04-26,1266,1266,1262.099976,1262.099976,1262.099976,1156
2017-04-27,1266.699951,1267.199951,1262.199951,1263.699951,1263.699951,206
2017-04-28,1265.900024,1267.199951,1264.699951,1266.099976,1266.099976,85
2017-05-01,1268.699951,1269.300049,1253.300049,1253.300049,1253.300049,34
2017-05-02,1256.199951,1256.199951,1251.199951,1255.099976,1255.099976,90
2017-05-03,1255.099976,1255.800049,1238.699951,1246.400024,1246.400024,195
2017-05-04,1239.800049,1239.800049,1224.199951,1226.5,1226.5,72
2017-05-05,1227,1233.699951,1224.800049,1224.800049,1224.800049,16
2017-05-08,1224,1234,1224,1225.300049,1225.300049,43
2017-05-09,1226.099976,1226.199951,1214,1214.300049,1214.300049,55
2017-05-10,1219.800049,1220.199951,1217.300049,1217.300049,1217.300049,23
2017-05-11,1218.5,1222.699951,1218.300049,1222.699951,1222.699951,13
2017-05-12,1228,1229.5,1226.099976,1226.199951,1226.199951,29
2017-05-15,1227.5,1232.699951,1227.5,1228.599976,1228.599976,13
2017-05-16,1230.400024,1237.300049,1230.400024,1235,1235,20
2017-05-17,1241,1259.199951,1240.699951,1257.5,1257.5,26
2017-05-18,1254.800049,1260,1245.800049,1251.699951,1251.699951,43
2017-05-19,1252.699951,1252.699951,1252.699951,1252.699951,1252.699951,14
2017-05-22,1251.699951,1260.699951,1251.699951,1260.699951,1260.699951,14
2017-05-23,1261.5,1261.599976,1250.599976,1254.800049,1254.800049,20
2017-05-24,1251.900024,1257.800049,1249.699951,1252.400024,1252.400024,14
2017-05-25,1257.099976,1258.300049,1255.800049,1255.800049,1255.800049,11
2017-05-26,1267.599976,1267.599976,1267.599976,1267.599976,1267.599976,271457
2017-05-30,1267.400024,1270,1258.400024,1262.099976,1262.099976,129819
2017-05-31,1262.400024,1273.199951,1258.5,1272,1272,2712
2017-06-01,1268,1269.199951,1260.800049,1267,1267,825
2017-06-02,1265.199951,1279,1259,1276.800049,1276.800049,1732
2017-06-05,1279.199951,1282,1277,1279.300049,1279.300049,433
2017-06-06,1279.400024,1295.199951,1279.400024,1294.400024,1294.400024,942
2017-06-07,1291.599976,1293.099976,1284.300049,1290.099976,1290.099976,641
2017-06-08,1285.400024,1287.599976,1268.099976,1276.300049,1276.300049,319
2017-06-09,1277.900024,1277.900024,1264.599976,1268.5,1268.5,467
2017-06-12,1266.400024,1269.300049,1263.199951,1266.099976,1266.099976,255
2017-06-13,1264.099976,1266.900024,1259.699951,1265.800049,1265.800049,150
2017-06-14,1269.400024,1278,1256.800049,1272.800049,1272.800049,336
2017-06-15,1263.199951,1264.199951,1250.300049,1252.199951,1252.199951,743
2017-06-16,1252.800049,1255.300049,1251.300049,1254,1254,34
2017-06-19,1252.099976,1252.199951,1241.900024,1244.199951,1244.199951,108
2017-06-20,1242.199951,1245.5,1240.5,1241,1241,75
2017-06-21,1244.099976,1245,1240,1243.400024,1243.400024,205
2017-06-22,1251,1252.699951,1246.300049,1247.599976,1247.599976,156
2017-06-23,1250,1273.599976,1249.800049,1256.199951,1256.199951,269
2017-06-26,1260.199951,1260.199951,1241.599976,1246.300049,1246.300049,194
2017-06-27,1251.599976,1251.800049,1245.900024,1246.400024,1246.400024,111
2017-06-28,1248.5,1248.5,1248,1248,1248,370
2017-06-29,1248.199951,1250.699951,1238.099976,1244.199951,1244.199951,540
2017-06-30,1243.699951,1243.699951,1239.099976,1240.699951,1240.699951,43
2017-07-03,1236,1236,1217.900024,1217.900024,1217.900024,33
2017-07-05,1222.5,1225,1217.099976,1220.400024,1220.400024,40
2017-07-06,1225.099976,1225.099976,1222.199951,1222.199951,1222.199951,5
2017-07-07,1219.099976,1220.400024,1208.599976,1208.599976,1208.599976,116
2017-07-10,1211.400024,1212.099976,1209.599976,1212.099976,1212.099976,28
2017-07-11,1208.699951,1214.900024,1208.699951,1213.599976,1213.599976,12
2017-07-12,1218.300049,1219.400024,1217.900024,1218.099976,1218.099976,7
2017-07-13,1221.400024,1221.400024,1216.300049,1216.300049,1216.300049,7
2017-07-14,1214.900024,1227.5,1214.800049,1226.599976,1226.599976,23
2017-07-17,1229.900024,1233.400024,1229.900024,1232.800049,1232.800049,7
2017-07-18,1236.199951,1241.199951,1236.199951,1241.099976,1241.099976,29
2017-07-19,1240.400024,1241.199951,1240.099976,1241.199951,1241.199951,3
2017-07-20,1236.599976,1244.800049,1236.599976,1244.800049,1244.800049,5
2017-07-21,1250.699951,1254.300049,1250.5,1254.300049,1254.300049,16
2017-07-24,1256,1256,1253.900024,1253.900024,1253.900024,8
2017-07-25,1252.699951,1253.599976,1249.199951,1251.699951,1251.699951,18
2017-07-26,1244.800049,1249,1244.800049,1249,1249,7
2017-07-27,1259.599976,1259.599976,1259.599976,1259.599976,1259.599976,220309
2017-07-28,1258.400024,1270,1256.900024,1268.400024,1268.400024,64180
2017-07-31,1268.900024,1270.800049,1265.800049,1266.599976,1266.599976,7780
2017-08-01,1268.400024,1273.300049,1262,1272.599976,1272.599976,1061
2017-08-02,1268.5,1272.099976,1262.900024,1271.800049,1271.800049,393
2017-08-03,1265.900024,1269.800049,1256.599976,1267.800049,1267.800049,878
2017-08-04,1269,1269.599976,1253.900024,1258.300049,1258.300049,521
2017-08-07,1258.699951,1259.099976,1255.300049,1258.199951,1258.199951,260
2017-08-08,1256.900024,1264.099976,1251.400024,1256.400024,1256.400024,555
2017-08-09,1260.199951,1277.800049,1260.199951,1273,1273,574
2017-08-10,1276.599976,1287.400024,1274.900024,1283.699951,1283.699951,608
2017-08-11,1286.300049,1291.099976,1282,1287.699951,1287.699951,139
2017-08-14,1288.400024,1288.400024,1278.800049,1284.199951,1284.199951,338
2017-08-15,1280.5,1280.5,1267.400024,1273.699951,1273.699951,188
2017-08-16,1271.300049,1282.599976,1269.400024,1276.900024,1276.900024,110
2017-08-17,1283.800049,1288.5,1283.199951,1286.400024,1286.400024,43
2017-08-18,1288.599976,1300.699951,1284.300049,1285.699951,1285.699951,358
2017-08-21,1285.199951,1290.800049,1284.699951,1290.800049,1290.800049,18
2017-08-22,1287.199951,1288.400024,1283.199951,1285.099976,1285.099976,100
2017-08-23,1289.400024,1289.400024,1286.900024,1288.900024,1288.900024,250
2017-08-24,1288.699951,1288.699951,1284,1286.5,1286.5,550
2017-08-25,1285.400024,1292.699951,1280.300049,1292.5,1292.5,280
2017-08-28,1293.5,1311.300049,1293.5,1309.699951,1309.699951,145
2017-08-29,1318.800049,1323.800049,1313.099976,1313.099976,1313.099976,1178
2017-08-30,1308.199951,1312.5,1304.900024,1308.099976,1308.099976,1178
2017-08-31,1306.599976,1322.300049,1301.699951,1316.199951,1316.199951,373
2017-09-01,1320.199951,1327.699951,1316.900024,1324.5,1324.5,313
2017-09-05,1335.199951,1339.199951,1328.599976,1339.199951,1339.199951,39
2017-09-06,1340,1340.300049,1332.599976,1333.900024,1333.900024,20
2017-09-07,1336.400024,1349,1336.400024,1345.099976,1345.099976,26
2017-09-08,1351,1355.800049,1345.599976,1346,1346,37
2017-09-11,1331,1331,1327.300049,1331,1331,9
2017-09-12,1327,1328,1325.199951,1328,1328,15
2017-09-13,1323.400024,1323.400024,1323.400024,1323.400024,1323.400024,16
2017-09-14,1319.599976,1329.300049,1319.599976,1324.699951,1324.699951,316
2017-09-15,1320.599976,1321.199951,1319.800049,1320.400024,1320.400024,15
2017-09-18,1309.800049,1310.400024,1306,1306.300049,1306.300049,129
2017-09-19,1307.900024,1310.300049,1305.099976,1306.199951,1306.199951,20
2017-09-20,1312,1312,1298.699951,1312,1312,12
2017-09-21,1299.099976,1304.099976,1290.300049,1290.599976,1290.599976,336
2017-09-22,1295,1295.699951,1293.300049,1293.300049,1293.300049,209
2017-09-25,1293.099976,1309.199951,1291,1306.800049,1306.800049,51
2017-09-26,1304.5,1305.599976,1297,1297,1297,39
2017-09-27,1283.400024,1283.400024,1283.400024,1283.400024,1283.400024,19488
2017-09-28,1283.099976,1288,1277,1285.5,1285.5,5226
2017-09-29,1284.199951,1289.400024,1281.5,1281.5,1281.5,492
2017-10-02,1275,1276.099976,1270.400024,1272.699951,1272.699951,136
2017-10-03,1269.699951,1273.300049,1268.599976,1271.5,1271.5,192
2017-10-04,1273.800049,1280.800049,1270,1273.699951,1273.699951,218
2017-10-05,1277.800049,1277.800049,1267.599976,1269.900024,1269.900024,36
2017-10-06,1267.599976,1272,1260.5,1271.599976,1271.599976,46
2017-10-09,1280.599976,1284,1279,1281.800049,1281.800049,19
2017-10-10,1282.599976,1293,1281.699951,1290.599976,1290.599976,18
2017-10-11,1287.300049,1292,1284.900024,1285.800049,1285.800049,21
2017-10-12,1291.5,1294.5,1289.300049,1293.300049,1293.300049,14
2017-10-13,1293.300049,1301.699951,1291.699951,1301.5,1301.5,74
2017-10-16,1302,1303.800049,1291.900024,1299.900024,1299.900024,173
2017-10-17,1295.099976,1295.099976,1283,1283,1283,571
2017-10-18,1279.900024,1279.900024,1279.900024,1279.900024,1279.900024,163
2017-10-19,1286.400024,1286.900024,1285.099976,1286.900024,1286.900024,134
2017-10-20,1279.599976,1279.599976,1277.400024,1277.400024,1277.400024,304
2017-10-23,1274.699951,1280.800049,1271.5,1277.699951,1277.699951,115
2017-10-24,1275.5,1275.5,1273.699951,1275,1275,111
2017-10-25,1269.900024,1275.400024,1269.900024,1275.400024,1275.400024,105
2017-10-26,1273.5,1273.5,1264.699951,1266.300049,1266.300049,39
2017-10-27,1268.400024,1268.5,1267.099976,1268.5,1268.5,567
2017-10-30,1270,1274.099976,1267.900024,1274.099976,1274.099976,222
2017-10-31,1273.099976,1274.599976,1266.099976,1267,1267,235
2017-11-01,1272.199951,1274.800049,1270.300049,1274.099976,1274.099976,78
2017-11-02,1274.900024,1274.900024,1274.900024,1274.900024,1274.900024,70
2017-11-03,1265.300049,1267.900024,1265.300049,1266.5,1266.5,75
2017-11-06,1269,1280.5,1269,1279.400024,1279.400024,128
2017-11-07,1276.800049,1276.800049,1270.400024,1273.699951,1273.699951,11
2017-11-08,1275.900024,1284.900024,1274.699951,1281.599976,1281.599976,15
2017-11-09,1279.699951,1286.900024,1279.699951,1285.599976,1285.599976,18
2017-11-10,1283.5,1283.5,1272.400024,1272.400024,1272.400024,10
2017-11-13,1277.300049,1277.300049,1277,1277.300049,1277.300049,3
2017-11-14,1276.900024,1281.5,1276.900024,1281.5,1281.5,4
2017-11-15,1281.400024,1284.699951,1275.900024,1276.5,1276.5,13
2017-11-16,1277.5,1277.5,1277.400024,1277.400024,1277.400024,43
2017-11-17,1288.300049,1295.800049,1288.300049,1295.800049,1295.800049,1
2017-11-20,1274.599976,1275.900024,1274.599976,1274.599976,1274.599976,1
2017-11-21,1281.099976,1281.099976,1281.099976,1281.099976,1281.099976,4
2017-11-22,1284.699951,1291.599976,1282.900024,1291.599976,1291.599976,4
2017-11-24,1286.699951,1286.699951,1286.699951,1286.699951,1286.699951,0
2017-11-27,1293.800049,1293.800049,1293.800049,1293.800049,1293.800049,1
2017-11-28,1294.699951,1294.699951,1294.699951,1294.699951,1294.699951,275442
2017-11-29,1293.400024,1296.199951,1281.099976,1282.099976,1282.099976,47244
2017-11-30,1283.099976,1284.5,1269.699951,1273.199951,1273.199951,3049
2017-12-01,1274.099976,1288.599976,1271,1278.800049,1278.800049,823
2017-12-04,1272.5,1276.099976,1270.300049,1274.300049,1274.300049,850
2017-12-05,1275.400024,1275.800049,1260,1261.599976,1261.599976,1499
2017-12-06,1264.900024,1267.800049,1261.599976,1262.800049,1262.800049,373
2017-12-07,1262.300049,1262.400024,1243.900024,1249.800049,1249.800049,358
2017-12-08,1246.300049,1249.300049,1241.5,1245.199951,1245.199951,157
2017-12-11,1248.400024,1249.199951,1239.900024,1243.699951,1243.699951,146
2017-12-12,1241.300049,1244.400024,1236.5,1238.5,1238.5,692
2017-12-13,1241.900024,1254.5,1239.800049,1245.400024,1245.400024,349
2017-12-14,1252.900024,1257.699951,1250.300049,1253.800049,1253.800049,139
2017-12-15,1253.099976,1260.300049,1253.099976,1254.300049,1254.300049,578
2017-12-18,1256.199951,1262.400024,1255.699951,1262.199951,1262.199951,45
2017-12-19,1261.099976,1264.300049,1259.5,1260.699951,1260.699951,329
2017-12-20,1261.300049,1266.599976,1261.300049,1266.099976,1266.099976,63
2017-12-21,1266.400024,1267.400024,1264.300049,1267.300049,1267.300049,226
2017-12-22,1266.300049,1276.300049,1266.300049,1275.400024,1275.400024,119
2017-12-26,1282.400024,1284.099976,1281.800049,1284.099976,1284.099976,84
2017-12-27,1284,1287,1284,1287,1287,456
2017-12-28,1288.199951,1294.099976,1288.199951,1294.099976,1294.099976,245
2017-12-29,1294.199951,1306.300049,1294,1306.300049,1306.300049,65
2018-01-02,1302.300049,1317.599976,1302.300049,1313.699951,1313.699951,68
2018-01-03,1320,1320.099976,1312.099976,1316.199951,1316.199951,42
2018-01-04,1319.400024,1322,1319.400024,1319.400024,1319.400024,2
2018-01-05,1320.300049,1320.300049,1320.300049,1320.300049,1320.300049,1
2018-01-08,1319.900024,1319.900024,1314.599976,1318.599976,1318.599976,41
2018-01-09,1309.599976,1311.699951,1309.599976,1311.699951,1311.699951,16
2018-01-10,1320.300049,1320.699951,1315.300049,1317.400024,1317.400024,70
2018-01-11,1317.099976,1320.599976,1316.300049,1320.599976,1320.599976,9
2018-01-12,1327.800049,1338.199951,1327.800049,1333.400024,1333.400024,14
2018-01-16,1331.099976,1335.400024,1331,1335.400024,1335.400024,13
2018-01-17,1334.400024,1338,1326.800049,1338,1338,27
2018-01-18,1328.900024,1328.900024,1326,1326,1326,211
2018-01-19,1330.099976,1333,1330.099976,1331.900024,1331.900024,50
2018-01-22,1328.400024,1330.900024,1328.400024,1330.900024,1330.900024,162
2018-01-23,1335.800049,1335.900024,1335.699951,1335.699951,1335.699951,47
2018-01-24,1355.900024,1357.199951,1355.900024,1355.900024,1355.900024,18
2018-01-25,1356.300049,1362.400024,1346.699951,1362.400024,1362.400024,4
2018-01-26,1351.599976,1352,1350.900024,1351.599976,1351.599976,280546
2018-01-30,1338.699951,1347.800049,1332.800049,1335.400024,1335.400024,52100
2018-01-31,1337.5,1346.900024,1331.800049,1339,1339,4881
2018-02-01,1343.800049,1350.599976,1336.800049,1344.300049,1344.300049,1680
2018-02-02,1348.5,1352.099976,1327.699951,1333.699951,1333.699951,2841
2018-02-05,1331.099976,1340.199951,1329,1333,1333,641
2018-02-06,1338.199951,1343.699951,1319.5,1326.099976,1326.099976,529
2018-02-07,1325.400024,1331.099976,1310.5,1311.599976,1311.599976,491
2018-02-08,1317.099976,1321.099976,1307,1316.900024,1316.900024,459
2018-02-09,1320.900024,1322,1311.900024,1313.099976,1313.099976,451
2018-02-12,1323.800049,1325.5,1318,1324.199951,1324.199951,140
2018-02-13,1324.5,1329.599976,1323.400024,1328.099976,1328.099976,71
2018-02-14,1332.800049,1355.5,1324,1355.5,1355.5,400
2018-02-15,1352,1355.900024,1349.699951,1352.099976,1352.099976,111
2018-02-16,1354,1361.400024,1344.900024,1353.199951,1353.199951,110
2018-02-20,1348.400024,1350.199951,1328.5,1328.800049,1328.800049,283
2018-02-21,1326.800049,1331.5,1324.400024,1330,1330,119
2018-02-22,1322,1331.400024,1322,1330.599976,1330.599976,70
2018-02-23,1328,1332.099976,1327.699951,1328.199951,1328.199951,427
2018-02-26,1335,1340.5,1330.699951,1330.699951,1330.699951,652
2018-02-27,1331.699951,1332.599976,1312.699951,1315.5,1315.5,710
2018-02-28,1315.400024,1321,1315.400024,1315.5,1315.5,58
2018-03-01,1310.400024,1318.099976,1301.800049,1302.900024,1302.900024,43
2018-03-02,1314.300049,1323.199951,1314.300049,1321.099976,1321.099976,155
2018-03-05,1323.5,1325.900024,1318.099976,1318.099976,1318.099976,18
2018-03-06,1321.599976,1333.599976,1321.400024,1333.599976,1333.599976,18
2018-03-07,1338.099976,1338.099976,1326,1326,1326,27
2018-03-08,1324.800049,1326.800049,1319.300049,1319.900024,1319.900024,62
2018-03-09,1316.800049,1322.400024,1313,1322.400024,1322.400024,88
2018-03-12,1319.400024,1319.400024,1319.400024,1319.400024,1319.400024,0
2018-03-13,1325.900024,1325.900024,1325.300049,1325.900024,1325.900024,13
2018-03-14,1322.199951,1324.400024,1322.199951,1324.400024,1324.400024,19
2018-03-15,1316.800049,1316.800049,1316.800049,1316.800049,1316.800049,0
2018-03-16,1310.099976,1311.300049,1310.099976,1311.300049,1311.300049,34
2018-03-19,1309.400024,1316.900024,1307.300049,1316.800049,1316.800049,6
2018-03-20,1311.099976,1311.099976,1311.099976,1311.099976,1311.099976,4
2018-03-21,1312.400024,1328.800049,1312.400024,1320.699951,1320.699951,34
2018-03-22,1326.599976,1326.599976,1326.599976,1326.599976,1326.599976,0
2018-03-23,1343.199951,1349.300049,1343.199951,1349.300049,1349.300049,8
2018-03-26,1348.5,1354.400024,1345.099976,1354.400024,1354.400024,10
2018-03-27,1341,1341.300049,1341,1341.300049,1341.300049,290889
2018-03-28,1345,1346.400024,1322.400024,1324.199951,1324.199951,59284
2018-03-29,1324,1327.099976,1321.699951,1322.800049,1322.800049,5585
2018-04-02,1327,1344.199951,1324.699951,1342.099976,1342.099976,649
2018-04-03,1340.400024,1341.5,1328.5,1332.800049,1332.800049,702
2018-04-04,1331.800049,1347.300049,1331.599976,1335.800049,1335.800049,718
2018-04-05,1333.5,1333.699951,1322.599976,1324.300049,1324.300049,258
2018-04-06,1326.5,1333,1319,1331.900024,1331.900024,348
2018-04-09,1333,1337.5,1327,1336.300049,1336.300049,290
2018-04-10,1335.199951,1342,1333,1342,1342,105
2018-04-11,1340.099976,1365.400024,1340.099976,1356.5,1356.5,118
2018-04-12,1351.199951,1351.5,1334.599976,1338.400024,1338.400024,34
2018-04-13,1335.900024,1346,1335.900024,1344.800049,1344.800049,67
2018-04-16,1341,1348.800049,1341,1347.5,1347.5,60
2018-04-17,1348,1348.099976,1339,1347.199951,1347.199951,409
2018-04-18,1343.5,1354.199951,1343.5,1351.199951,1351.199951,45
2018-04-19,1348.599976,1355.199951,1341.599976,1346.800049,1346.800049,387
2018-04-20,1342.5,1343.400024,1335.300049,1336.699951,1336.699951,310
2018-04-23,1334,1334.400024,1322.5,1322.5,1322.5,68
2018-04-24,1326.400024,1331.699951,1326.199951,1331.400024,1331.400024,28
2018-04-25,1324,1325,1320,1321.199951,1321.199951,278
2018-04-26,1315.699951,1316.300049,1315.699951,1316.300049,1316.300049,569
2018-04-27,1315.300049,1321.699951,1312.800049,1320.300049,1320.300049,622
2018-04-30,1309.599976,1316.199951,1309.599976,1316.199951,1316.199951,49
2018-05-01,1313.199951,1313.800049,1303.400024,1303.800049,1303.800049,28
2018-05-02,1309,1309.300049,1302.599976,1302.599976,1302.599976,23
2018-05-03,1310.699951,1310.699951,1310.699951,1310.699951,1310.699951,4
2018-05-04,1312.699951,1312.699951,1312.699951,1312.699951,1312.699951,0
2018-05-07,1310.599976,1312.5,1310.199951,1312.199951,1312.199951,4
2018-05-08,1310.099976,1312,1308.5,1312,1312,337
2018-05-09,1311.300049,1311.300049,1311.300049,1311.300049,1311.300049,70
2018-05-10,1312.199951,1320.800049,1312.199951,1320.800049,1320.800049,8
2018-05-11,1319,1319,1319,1319,1319,3
2018-05-14,1319.900024,1319.900024,1316.5,1316.5,1316.5,4
2018-05-15,1304.599976,1304.699951,1288.900024,1288.900024,1288.900024,8
2018-05-16,1290.900024,1294,1285.400024,1290.199951,1290.199951,26
2018-05-17,1291.300049,1291.300049,1288.199951,1288.199951,1288.199951,2
2018-05-18,1285.199951,1290.199951,1285.199951,1290.199951,1290.199951,2
2018-05-21,1287.400024,1292.099976,1287.400024,1290.199951,1290.199951,52
2018-05-22,1291.699951,1291.699951,1291.699951,1291.699951,1291.699951,50
2018-05-23,1289.300049,1289.300049,1289.300049,1289.300049,1289.300049,10
2018-05-24,1303.699951,1303.699951,1303.699951,1303.699951,1303.699951,0
2018-05-25,1303.300049,1303.300049,1303.300049,1303.300049,1303.300049,1
2018-05-29,1298.699951,1298.699951,1298.699951,1298.699951,1298.699951,386334
2018-05-30,1298,1303.699951,1295.199951,1301.5,1301.5,50845
2018-05-31,1301,1306.800049,1296.599976,1300.099976,1300.099976,4082
2018-06-01,1298.599976,1299.5,1288.900024,1294.800049,1294.800049,663
2018-06-04,1293.900024,1297.099976,1290,1293.099976,1293.099976,144
2018-06-05,1292.099976,1299.800049,1289.900024,1297.5,1297.5,357
2018-06-06,1296.099976,1300.400024,1294.099976,1297.099976,1297.099976,373
2018-06-07,1298.400024,1302.800049,1296.199951,1298.699951,1298.699951,79
2018-06-08,1295.300049,1299.400024,1294.800049,1298.099976,1298.099976,650
2018-06-11,1299.300049,1302,1295.199951,1298.900024,1298.900024,71
2018-06-12,1297.800049,1298.099976,1292.699951,1295.099976,1295.099976,153
2018-06-13,1294,1299.400024,1290.900024,1296.900024,1296.900024,135
2018-06-14,1297.199951,1307.699951,1297.199951,1304,1304,42
2018-06-15,1297.199951,1307.699951,1274,1274.599976,1274.599976,589
2018-06-18,1280.699951,1280.699951,1276.199951,1276.199951,1276.199951,35
2018-06-19,1278.699951,1281.800049,1269.900024,1275.599976,1275.599976,34
2018-06-20,1274.400024,1274.400024,1271.199951,1271.199951,1271.199951,7
2018-06-21,1262.699951,1268.900024,1260,1267.199951,1267.199951,46
2018-06-22,1268.099976,1270.199951,1267,1267.400024,1267.400024,74
2018-06-25,1270.599976,1271.199951,1265.599976,1265.599976,1265.599976,37
2018-06-26,1267.199951,1267.199951,1256.599976,1256.599976,1256.599976,89
2018-06-27,1255.5,1255.5,1252.300049,1252.800049,1252.800049,1162
2018-06-28,1251.699951,1251.699951,1244.800049,1247.800049,1247.800049,378
2018-06-29,1250.300049,1253.300049,1249.099976,1251.300049,1251.300049,48
2018-07-02,1249.900024,1249.900024,1239.800049,1239.800049,1239.800049,29
2018-07-03,1238.099976,1254.099976,1237,1251.599976,1251.599976,36
2018-07-05,1255.5,1257.300049,1253.599976,1257.300049,1257.300049,9
2018-07-06,1255.5,1255.5,1254.300049,1254.300049,1254.300049,7
2018-07-09,1258.199951,1262.300049,1257.699951,1258.099976,1258.099976,37
2018-07-10,1256.199951,1256.900024,1249.300049,1253.800049,1253.800049,65
2018-07-11,1253.199951,1253.199951,1242.800049,1242.800049,1242.800049,30
2018-07-12,1240.900024,1246.699951,1240.900024,1245,1245,7
2018-07-13,1244.699951,1247,1239.599976,1239.599976,1239.599976,2
2018-07-16,1242.699951,1243.800049,1238.099976,1238.099976,1238.099976,2
2018-07-17,1225.699951,1225.699951,1225.699951,1225.699951,1225.699951,0
2018-07-18,1226.699951,1226.699951,1222.199951,1226.300049,1226.300049,67
2018-07-19,1227.199951,1228,1211.699951,1222.400024,1222.400024,33
2018-07-20,1229.5,1229.5,1229.5,1229.5,1229.5,0
2018-07-23,1222,1224,1222,1224,1224,1
2018-07-24,1223.900024,1223.900024,1223.900024,1223.900024,1223.900024,0
2018-07-25,1231.400024,1231.400024,1231.400024,1231.400024,1231.400024,0
2018-07-26,1227.800049,1227.800049,1225.300049,1225.300049,1225.300049,1
2018-07-27,1222.599976,1222.599976,1222.599976,1222.599976,1222.599976,254428
2018-07-30,1222.5,1223.900024,1218.099976,1221.300049,1221.300049,62239
2018-07-31,1220.400024,1228.099976,1213,1223.699951,1223.699951,2722
2018-08-01,1222.900024,1223.699951,1214.400024,1217.900024,1217.900024,1026
2018-08-02,1214.699951,1219.300049,1205.800049,1210.599976,1210.599976,411
2018-08-03,1206.5,1218.599976,1205.099976,1214.199951,1214.199951,784
2018-08-06,1214.400024,1214.400024,1206.599976,1208.599976,1208.599976,297
2018-08-07,1207.800049,1214.800049,1207.800049,1209.599976,1209.599976,715
2018-08-08,1212,1215.199951,1205.900024,1212.599976,1212.599976,209
2018-08-09,1214.5,1215.300049,1211.599976,1211.900024,1211.900024,44
2018-08-10,1212.5,1216.400024,1205.599976,1211.099976,1211.099976,75
2018-08-13,1207,1207.400024,1191.300049,1191.300049,1191.300049,78
2018-08-14,1193.099976,1197.5,1192.800049,1193,1193,92
2018-08-15,1187.800049,1188.099976,1174.599976,1177.5,1177.5,71
2018-08-16,1173.199951,1180.199951,1161.400024,1176.199951,1176.199951,123
2018-08-17,1174.699951,1181.199951,1174.699951,1176.5,1176.5,66
2018-08-20,1184.800049,1190,1184.400024,1186.800049,1186.800049,68
2018-08-21,1189.800049,1192.599976,1189.800049,1192.599976,1192.599976,22
2018-08-22,1194.699951,1196.300049,1194.699951,1196.300049,1196.300049,17
2018-08-23,1189.300049,1190.300049,1184.900024,1187,1187,95
2018-08-24,1185.300049,1208,1185.300049,1206.300049,1206.300049,12
2018-08-27,1210.300049,1211.400024,1205.199951,1209,1209,154
2018-08-28,1209.699951,1217,1202.300049,1207.400024,1207.400024,136
2018-08-29,1205.199951,1205.199951,1202.400024,1204.5,1204.5,817
2018-08-30,1205.400024,1205.599976,1196,1197.699951,1197.699951,493
2018-08-31,1207.099976,1208.199951,1199.099976,1200.300049,1200.300049,191
2018-09-04,1193.800049,1193.800049,1189.900024,1192.699951,1192.699951,26
2018-09-05,1192.5,1196,1192.5,1194.900024,1194.900024,21
2018-09-06,1202,1202,1197.900024,1197.900024,1197.900024,7
2018-09-07,1198.300049,1198.300049,1193.099976,1193.599976,1193.599976,29
2018-09-10,1193,1193,1193,1193,1193,11
2018-09-11,1190.400024,1196.300049,1190.400024,1195.400024,1195.400024,21
2018-09-12,1205,1205,1204.699951,1204.699951,1204.699951,37
2018-09-13,1203.400024,1203.400024,1200,1202,1202,22
2018-09-14,1195,1195,1195,1195,1195,1
2018-09-17,1199.699951,1199.699951,1199.699951,1199.699951,1199.699951,0
2018-09-18,1198.699951,1198.699951,1196.800049,1196.800049,1196.800049,2
2018-09-19,1202.199951,1202.199951,1202.199951,1202.199951,1202.199951,0
2018-09-20,1206.199951,1206.199951,1206.199951,1206.199951,1206.199951,0
2018-09-21,1196.199951,1196.199951,1196.199951,1196.199951,1196.199951,0
2018-09-24,1199.300049,1199.300049,1199.300049,1199.300049,1199.300049,0
2018-09-25,1202.099976,1202.800049,1200,1200,1200,21
2018-09-26,1194,1194,1194,1194,1194,17857
2018-09-27,1194.599976,1197.300049,1180.5,1182.300049,1182.300049,4947
2018-09-28,1181.699951,1191.900024,1180,1191.5,1191.5,404
2018-10-01,1191.599976,1191.599976,1185.800049,1187.099976,1187.099976,180
2018-10-02,1193,1206,1190.300049,1202.400024,1202.400024,451
2018-10-03,1202.599976,1202.599976,1196.599976,1198.300049,1198.300049,76
2018-10-04,1199.300049,1204.599976,1197.199951,1197.199951,1197.199951,496
2018-10-05,1197.099976,1205.300049,1196.900024,1201.199951,1201.199951,34
2018-10-08,1201,1201,1183.699951,1184.400024,1184.400024,250
2018-10-09,1185.599976,1189.099976,1185.599976,1187.199951,1187.199951,9
2018-10-10,1189.300049,1192,1189.300049,1189.300049,1189.300049,1078
2018-10-11,1198.099976,1224.599976,1196.300049,1223.5,1223.5,126
2018-10-12,1221.599976,1221.599976,1216,1218.099976,1218.099976,122
2018-10-15,1222.400024,1232.300049,1222.400024,1226.400024,1226.400024,136
2018-10-16,1227.099976,1230.5,1227.099976,1227.300049,1227.300049,426
2018-10-17,1225.900024,1225.900024,1223.699951,1223.699951,1223.699951,1
2018-10-18,1226.5,1226.5,1226.5,1226.5,1226.5,165
2018-10-19,1225.300049,1225.300049,1225.300049,1225.300049,1225.300049,55
2018-10-22,1224.5,1224.5,1219.599976,1221.199951,1221.199951,18
2018-10-23,1224.800049,1237.800049,1224.800049,1233.400024,1233.400024,33
2018-10-24,1231.599976,1231.599976,1227.800049,1227.800049,1227.800049,36
2018-10-25,1238.599976,1238.599976,1229.099976,1229.099976,1229.099976,7
2018-10-26,1234.300049,1234.800049,1232.5,1232.5,1232.5,20
2018-10-29,1224.5,1224.5,1224.5,1224.5,1224.5,214
2018-10-30,1227.699951,1227.699951,1219.800049,1222.599976,1222.599976,72
2018-10-31,1216,1216.599976,1212,1212.300049,1212.300049,121
2018-11-01,1215.400024,1236,1215.400024,1236,1236,14
2018-11-02,1233.300049,1233.300049,1230.900024,1230.900024,1230.900024,18
2018-11-05,1230.599976,1231.5,1226.699951,1229.800049,1229.800049,15
2018-11-06,1230.699951,1233.800049,1223.800049,1223.800049,1223.800049,4
2018-11-07,1228.599976,1228.599976,1226.199951,1226.199951,1226.199951,1
2018-11-08,1222.900024,1222.900024,1222.900024,1222.900024,1222.900024,2
2018-11-09,1207.900024,1207.900024,1206.400024,1206.400024,1206.400024,14
2018-11-12,1201.599976,1201.599976,1201.300049,1201.300049,1201.300049,1
2018-11-13,1196.300049,1201.300049,1196.300049,1199.199951,1199.199951,5
2018-11-14,1207.900024,1207.900024,1207.900024,1207.900024,1207.900024,0
2018-11-15,1212.800049,1212.800049,1212.800049,1212.800049,1212.800049,0
2018-11-16,1216.699951,1223.800049,1216.699951,1220.800049,1220.800049,5
2018-11-19,1223.099976,1223.099976,1223.099976,1223.099976,1223.099976,0
2018-11-20,1225.300049,1228.800049,1219,1219,1219,12
2018-11-21,1225.800049,1225.800049,1225.800049,1225.800049,1225.800049,0
2018-11-23,1224.800049,1224.800049,1221,1221,1221,1
2018-11-26,1220.199951,1222,1220.199951,1220.199951,1220.199951,2
2018-11-27,1221.900024,1222,1211.199951,1211.199951,1211.199951,5
2018-11-28,1211.5,1221.400024,1211.5,1221.400024,1221.400024,247168
2018-11-29,1221,1228.699951,1220.5,1224.099976,1224.099976,55478
2018-11-30,1224.099976,1225,1216.099976,1220.199951,1220.199951,2060
2018-12-03,1222.5,1234.099976,1221.300049,1233.900024,1233.900024,751
2018-12-04,1231,1241.400024,1230.400024,1241.099976,1241.099976,474
2018-12-06,1237.5,1244.400024,1234.800049,1238.099976,1238.099976,434
2018-12-07,1238.300049,1249.800049,1237.599976,1246.800049,1246.800049,211
2018-12-10,1249.599976,1249.599976,1241.699951,1243.699951,1243.699951,131
2018-12-11,1245.800049,1248.699951,1241.5,1241.900024,1241.900024,117
2018-12-12,1245.300049,1245.599976,1244.099976,1244.400024,1244.400024,84
2018-12-13,1243.5,1243.5,1241,1242.699951,1242.699951,194
2018-12-14,1241.699951,1241.699951,1234.099976,1237,1237,33
2018-12-17,1239.300049,1247.400024,1239.300049,1247.400024,1247.400024,10
2018-12-18,1248.199951,1249.199951,1245.599976,1249.199951,1249.199951,31
2018-12-19,1255.800049,1255.800049,1252.099976,1252.099976,1252.099976,268
2018-12-20,1243.199951,1263.599976,1243.199951,1263.599976,1263.599976,49
2018-12-21,1260.300049,1261.300049,1253.800049,1253.800049,1253.800049,96
2018-12-24,1260.300049,1268.5,1260.300049,1267.5,1267.5,27
2018-12-26,1269.300049,1277.400024,1269.199951,1269.199951,1269.199951,63
2018-12-27,1276.699951,1277.300049,1276.699951,1277.300049,1277.300049,480
2018-12-28,1273.5,1280.099976,1273.5,1279.900024,1279.900024,805
2018-12-31,1278,1281.300049,1277.599976,1278.300049,1278.300049,19
2019-01-02,1286,1286,1277.599976,1281,1281,149
2019-01-03,1286.800049,1292,1286.699951,1291.800049,1291.800049,10
2019-01-04,1294.199951,1294.199951,1275.300049,1282.699951,1282.699951,34
2019-01-07,1286.800049,1286.800049,1286.599976,1286.800049,1286.800049,2
2019-01-08,1280.5,1283.199951,1278.199951,1283.199951,1283.199951,54
2019-01-09,1279.400024,1289.300049,1279.199951,1289.300049,1289.300049,102
2019-01-10,1284.699951,1284.699951,1284.699951,1284.699951,1284.699951,0
2019-01-11,1291.199951,1291.199951,1286.300049,1287.099976,1287.099976,11
2019-01-14,1292.400024,1293.900024,1289.099976,1289.099976,1289.099976,7
2019-01-15,1290.099976,1292.699951,1286.199951,1286.199951,1286.199951,3
2019-01-16,1291.599976,1291.599976,1291.599976,1291.599976,1291.599976,2
2019-01-17,1291.599976,1292.699951,1288.5,1291,1291,10
2019-01-18,1281.300049,1281.300049,1281.300049,1281.300049,1281.300049,3
2019-01-22,1282.5,1283.300049,1282.5,1282.5,1282.5,7
2019-01-23,1281.699951,1283.900024,1278.699951,1283.099976,1283.099976,14
2019-01-24,1279.099976,1279.099976,1278.5,1279.099976,1279.099976,1
2019-01-25,1297.400024,1297.400024,1297.400024,1297.400024,1297.400024,0
2019-01-28,1300.800049,1307.099976,1298.400024,1302.400024,1302.400024,54
2019-01-29,1308.199951,1308.199951,1308.199951,1308.199951,1308.199951,213607
2019-01-30,1310.400024,1323.400024,1308.099976,1309.900024,1309.900024,54958
2019-01-31,1320,1325.400024,1316.699951,1319.699951,1319.699951,1970
2019-02-01,1320.300049,1320.699951,1315.400024,1316.900024,1316.900024,878
2019-02-04,1318.099976,1318.099976,1308.300049,1314.300049,1314.300049,675
2019-02-05,1311.099976,1315.099976,1311,1314.199951,1314.199951,362
2019-02-06,1312.5,1313.5,1305,1309.5,1309.5,358
2019-02-07,1302.900024,1310.400024,1302.199951,1309.400024,1309.400024,203
2019-02-08,1309.5,1314,1307.800049,1313.699951,1313.699951,122
2019-02-11,1313.400024,1313.400024,1304.699951,1307,1307,119
2019-02-12,1310,1312,1307.599976,1309.199951,1309.199951,109
2019-02-13,1311.599976,1316,1308.099976,1310.800049,1310.800049,143
2019-02-14,1305,1311.800049,1301.599976,1309.800049,1309.800049,858
2019-02-15,1313.599976,1318.800049,1313.599976,1318.099976,1318.099976,190
2019-02-19,1320.900024,1340.099976,1320.5,1340.099976,1340.099976,390
2019-02-20,1342.199951,1344,1338,1343.300049,1343.300049,581
2019-02-21,1331.300049,1334.900024,1320.900024,1323.5,1323.5,414
2019-02-22,1324.199951,1331.300049,1321,1329.199951,1329.199951,718
2019-02-25,1329.199951,1331.599976,1325.599976,1325.900024,1325.900024,185
2019-02-26,1323.300049,1325.5,1323.300049,1325.099976,1325.099976,939
2019-02-27,1327.699951,1327.900024,1316.5,1317.699951,1317.699951,604
2019-02-28,1321.099976,1323.699951,1311.5,1312.800049,1312.800049,141
2019-03-01,1312.199951,1312.199951,1288.900024,1296.400024,1296.400024,110
2019-03-04,1285.5,1287,1281.900024,1284.800049,1284.800049,28
2019-03-05,1287,1287,1282,1282,1282,114
2019-03-06,1287.099976,1287.099976,1282.599976,1284.900024,1284.900024,14
2019-03-07,1281,1284.599976,1281,1283.800049,1283.800049,11
2019-03-08,1292.099976,1297.400024,1291.599976,1297,1297,10
2019-03-11,1291,1291,1288.800049,1288.800049,1288.800049,9
2019-03-12,1294.699951,1296.300049,1294.699951,1296.300049,1296.300049,1
2019-03-13,1307.5,1307.5,1307.5,1307.5,1307.5,0
2019-03-14,1293.400024,1293.400024,1293.400024,1293.400024,1293.400024,1
2019-03-15,1300.900024,1304.699951,1300.5,1301.800049,1301.800049,26
2019-03-18,1297.300049,1302.199951,1297.300049,1300.300049,1300.300049,8
2019-03-19,1306.900024,1306.900024,1304.800049,1305,1305,20
2019-03-20,1300.699951,1300.699951,1300.5,1300.5,1300.5,2
2019-03-21,1306.099976,1306.099976,1306.099976,1306.099976,1306.099976,0
2019-03-22,1311.599976,1311.599976,1311.599976,1311.599976,1311.599976,0
2019-03-25,1320.699951,1322.900024,1320.699951,1321.900024,1321.900024,19
2019-03-26,1315.599976,1315.599976,1314.300049,1314.300049,1314.300049,1
2019-03-27,1309.900024,1309.900024,1309.900024,1309.900024,1309.900024,206263
2019-03-28,1308.400024,1311.099976,1287.699951,1289.800049,1289.800049,87798
2019-03-29,1289.599976,1298.5,1286.099976,1293,1293,1265
2019-04-01,1291.800049,1295.900024,1285.699951,1288.400024,1288.400024,675
2019-04-02,1286.300049,1290.900024,1284.5,1290,1290,525
2019-04-03,1291.400024,1293.099976,1287.5,1289.900024,1289.900024,172
2019-04-04,1290.599976,1292.599976,1279.5,1289,1289,269
2019-04-05,1292,1292,1283.599976,1290.400024,1290.400024,181
2019-04-08,1292.199951,1302.099976,1291.800049,1297.099976,1297.099976,63
2019-04-09,1298.5,1304.900024,1298.5,1303.5,1303.5,30
2019-04-10,1304,1309.099976,1301.5,1309.099976,1309.099976,66
2019-04-11,1307,1307.099976,1288.599976,1288.599976,1288.599976,420
2019-04-12,1293.400024,1293.400024,1289.199951,1290.599976,1290.599976,607
2019-04-15,1284.800049,1287.300049,1282.300049,1286.800049,1286.800049,523
2019-04-16,1285.199951,1285.199951,1272.199951,1272.599976,1272.599976,643
2019-04-17,1273.5,1273.5,1271.599976,1272.199951,1272.199951,308
2019-04-18,1270.800049,1273.599976,1270.099976,1271.900024,1271.900024,27
2019-04-22,1273.5,1273.5,1273.5,1273.5,1273.5,147
2019-04-23,1266.400024,1269.800049,1266,1269.300049,1269.300049,206
2019-04-24,1268.400024,1275.5,1267.800049,1275.5,1275.5,518
2019-04-25,1280.599976,1280.800049,1275.800049,1275.800049,1275.800049,95
2019-04-26,1284.900024,1284.900024,1284.900024,1284.900024,1284.900024,804
2019-04-29,1284.800049,1284.900024,1277.099976,1278.599976,1278.599976,568
2019-04-30,1281.699951,1283.300049,1280.800049,1282.800049,1282.800049,114
2019-05-01,1278.699951,1283.300049,1278.699951,1281.400024,1281.400024,70
2019-05-02,1269.199951,1270.800049,1266.599976,1269.699951,1269.699951,63
2019-05-03,1270.099976,1279.199951,1270.099976,1279.199951,1279.199951,15
2019-05-06,1282.199951,1282.199951,1280.300049,1281.699951,1281.699951,12
2019-05-07,1280.5,1283.5,1280.5,1283.5,1283.5,8
2019-05-08,1279.400024,1279.400024,1279.400024,1279.400024,1279.400024,5
2019-05-09,1278.900024,1285,1278.800049,1283.5,1283.5,38
2019-05-10,1285.400024,1286.5,1283.300049,1285.699951,1285.699951,6
2019-05-13,1286.699951,1300.099976,1281.800049,1300.099976,1300.099976,56
2019-05-14,1297.800049,1297.800049,1294.699951,1294.699951,1294.699951,6
2019-05-15,1296.900024,1296.900024,1296,1296.300049,1296.300049,55
2019-05-16,1285.199951,1285.400024,1285,1285,1285,3
2019-05-17,1280,1280,1274.5,1274.5,1274.5,1
2019-05-20,1276.099976,1276.099976,1276.099976,1276.099976,1276.099976,20
2019-05-21,1272,1272,1272,1272,1272,0
2019-05-22,1273.599976,1273.599976,1273.599976,1273.599976,1273.599976,0
2019-05-23,1284.800049,1284.800049,1284.800049,1284.800049,1284.800049,0
2019-05-24,1283,1283,1283,1283,1283,9
2019-05-28,1276.5,1276.5,1276.5,1276.5,1276.5,0
2019-05-29,1280.599976,1280.599976,1280.599976,1280.599976,1280.599976,189694
2019-05-30,1279.400024,1288.300049,1273.900024,1287.099976,1287.099976,55573
2019-05-31,1287.699951,1306.400024,1287.5,1305.800049,1305.800049,2814
2019-06-03,1307,1327.800049,1307,1322.699951,1322.699951,812
2019-06-04,1324.300049,1328.599976,1320.800049,1323.400024,1323.400024,302
2019-06-05,1328.900024,1343.300049,1326.300049,1328.300049,1328.300049,622
2019-06-06,1330.800049,1338.699951,1326.199951,1337.599976,1337.599976,161
2019-06-07,1333.099976,1347.699951,1329.800049,1341.199951,1341.199951,240
2019-06-10,1335.800049,1336.5,1324.099976,1324.699951,1324.699951,268
2019-06-11,1328.400024,1328.400024,1319.099976,1326.400024,1326.400024,201
2019-06-12,1326.900024,1334.5,1326.900024,1331.900024,1331.900024,139
2019-06-13,1331.599976,1341.099976,1331.599976,1339.199951,1339.199951,157
2019-06-14,1345.400024,1355.400024,1339.300049,1340.099976,1340.099976,914
2019-06-17,1339,1340.300049,1335,1338.699951,1338.699951,76
2019-06-18,1349.300049,1349.300049,1341.599976,1346.599976,1346.599976,29
2019-06-19,1344,1344.599976,1344,1344.599976,1344.599976,129
2019-06-20,1381.5,1392.900024,1379.5,1392.900024,1392.900024,76
2019-06-21,1406,1406,1390.300049,1396.199951,1396.199951,35
2019-06-24,1406,1420.599976,1402.099976,1414.300049,1414.300049,125
2019-06-25,1418.099976,1433.300049,1414.900024,1414.900024,1414.900024,105
2019-06-26,1407.199951,1413.300049,1405.800049,1411.599976,1411.599976,1333
2019-06-27,1407,1410.800049,1399.800049,1408.400024,1408.400024,437
2019-06-28,1408.300049,1422,1408.300049,1409.699951,1409.699951,356
2019-07-01,1386.599976,1395.800049,1382.800049,1385.599976,1385.599976,214
2019-07-02,1391.099976,1418.400024,1390.800049,1404.599976,1404.599976,38
2019-07-03,1431,1434,1413.099976,1417.699951,1417.699951,46
2019-07-05,1418.300049,1418.300049,1390.199951,1396.699951,1396.699951,20
2019-07-08,1395.900024,1397,1393.599976,1397,1397,14
2019-07-09,1394.5,1397.5,1386.199951,1397.5,1397.5,53
2019-07-10,1409.900024,1410.099976,1409.900024,1410.099976,1410.099976,50
2019-07-11,1424,1424,1404.300049,1404.300049,1404.300049,6
2019-07-12,1405.599976,1410.099976,1405.599976,1409.900024,1409.900024,8
2019-07-15,1414.400024,1415,1411.400024,1411.400024,1411.400024,25
2019-07-16,1413.599976,1413.699951,1405,1409.199951,1409.199951,13
2019-07-17,1404.599976,1421.300049,1404.599976,1421.300049,1421.300049,6
2019-07-18,1422.300049,1444.199951,1419.5,1426.099976,1426.099976,66
2019-07-19,1440.5,1442,1425.099976,1425.099976,1425.099976,22
2019-07-22,1425.300049,1425.300049,1424,1425.300049,1425.300049,1
2019-07-23,1418.599976,1421.300049,1416.300049,1420.099976,1420.099976,5
2019-07-24,1422.800049,1422.800049,1422.800049,1422.800049,1422.800049,20
2019-07-25,1413.900024,1413.900024,1413.900024,1413.900024,1413.900024,4
2019-07-26,1422.800049,1423,1418.5,1418.5,1418.5,5
2019-07-29,1419.599976,1419.599976,1419.599976,1419.599976,1419.599976,224267
2019-07-30,1426.300049,1433.900024,1422.099976,1429.699951,1429.699951,73874
2019-07-31,1431.300049,1435.800049,1411.199951,1426.099976,1426.099976,3294
2019-08-01,1411.300049,1445.199951,1400.900024,1420.900024,1420.900024,2431
2019-08-02,1448,1448,1432.300049,1445.599976,1445.599976,1873
2019-08-05,1440.400024,1469.699951,1440.400024,1464.599976,1464.599976,1008
2019-08-06,1469.699951,1475,1457.699951,1472.400024,1472.400024,460
2019-08-07,1473.5,1509.900024,1473.199951,1507.300049,1507.300049,824
2019-08-08,1498.400024,1508.5,1492,1497.699951,1497.699951,367
2019-08-09,1506.199951,1507.5,1495.599976,1496.599976,1496.599976,74
2019-08-12,1496,1514.900024,1488.099976,1505.300049,1505.300049,257
2019-08-13,1510.400024,1531.400024,1483.699951,1502.199951,1502.199951,672
2019-08-14,1500,1520.5,1497,1515.900024,1515.900024,328
2019-08-15,1519.800049,1522.699951,1510.599976,1519.599976,1519.599976,87
2019-08-16,1524.599976,1524.599976,1504.699951,1512.5,1512.5,1815
2019-08-19,1507.199951,1507.599976,1492.900024,1500.400024,1500.400024,205
2019-08-20,1497.5,1506.099976,1497.5,1504.599976,1504.599976,486
2019-08-21,1504.900024,1505,1498.800049,1504.599976,1504.599976,350
2019-08-22,1495.099976,1497.300049,1493.800049,1497.300049,1497.300049,686
2019-08-23,1493.5,1527.599976,1493.5,1526.599976,1526.599976,983
2019-08-26,1543.199951,1543.300049,1524.300049,1526.300049,1526.300049,334
2019-08-27,1530.5,1542.099976,1528.5,1541,1541,166
2019-08-28,1538.099976,1538.099976,1537.800049,1537.800049,1537.800049,2756
2019-08-29,1537.5,1549.300049,1519.599976,1526.5,1526.5,704
2019-08-30,1524.599976,1530.400024,1516.699951,1519.099976,1519.099976,276
2019-09-03,1522.900024,1547.300049,1521,1545.900024,1545.900024,139
2019-09-04,1549,1553.199951,1534.800049,1550.300049,1550.300049,46
2019-09-05,1551,1551.099976,1511.099976,1515.400024,1515.400024,125
2019-09-06,1517.300049,1526,1504.5,1506.199951,1506.199951,54
2019-09-09,1509,1513,1498,1502.199951,1502.199951,69
2019-09-10,1498.5,1498.5,1486.900024,1490.300049,1490.300049,23
2019-09-11,1491.699951,1496.599976,1490.199951,1494.400024,1494.400024,8
2019-09-12,1499.5,1515.400024,1498.699951,1498.699951,1498.699951,27
2019-09-13,1490.900024,1490.900024,1486.900024,1490.900024,1490.900024,1
2019-09-16,1506.599976,1506.800049,1496.900024,1503.099976,1503.099976,21
2019-09-17,1497.900024,1505.099976,1497.900024,1505.099976,1505.099976,3
2019-09-18,1508.900024,1509.400024,1489.300049,1507.5,1507.5,8
2019-09-19,1496.099976,1502.400024,1496.099976,1498.400024,1498.400024,10
2019-09-20,1503,1507.300049,1503,1507.300049,1507.300049,2
2019-09-23,1515.5,1523.699951,1515.5,1523.699951,1523.699951,5
2019-09-24,1515.099976,1533,1515.099976,1532.099976,1532.099976,25
2019-09-25,1527.599976,1527.900024,1504.599976,1504.599976,1504.599976,25
2019-09-26,1507.5,1507.5,1507.5,1507.5,1507.5,8178
2019-09-27,1504.199951,1506.099976,1485.599976,1499.099976,1499.099976,7827
2019-09-30,1495.900024,1495.900024,1463.5,1465.699951,1465.699951,1078
2019-10-01,1468.699951,1485.5,1458.300049,1482,1482,219
2019-10-02,1476.599976,1503.699951,1474.099976,1501,1501,205
2019-10-03,1497.400024,1518.199951,1496.599976,1507.099976,1507.099976,1213
2019-10-04,1505.599976,1508.699951,1497.099976,1506.199951,1506.199951,233
2019-10-07,1504.800049,1505.800049,1489.099976,1497.699951,1497.699951,121
2019-10-08,1489.400024,1506.300049,1489.300049,1497.199951,1497.199951,46
2019-10-09,1507.699951,1507.699951,1498.400024,1506.099976,1506.099976,120
2019-10-10,1511.199951,1511.199951,1490.599976,1494.800049,1494.800049,78
2019-10-11,1491.900024,1494.900024,1476.900024,1482.699951,1482.699951,57
2019-10-14,1484.400024,1493.5,1481.300049,1491.699951,1491.699951,400
2019-10-15,1488.900024,1495.400024,1476.599976,1477.599976,1477.599976,367
2019-10-16,1482,1488,1480,1488,1488,383
2019-10-17,1486.199951,1493.199951,1485.800049,1492.300049,1492.300049,271
2019-10-18,1487.300049,1489.099976,1486.599976,1488.199951,1488.199951,82
2019-10-21,1489.900024,1489.900024,1481.5,1482.400024,1482.400024,72
2019-10-22,1483.400024,1483.5,1481.699951,1481.699951,1481.699951,99
2019-10-23,1486.400024,1490.300049,1486.400024,1489.900024,1489.900024,67
2019-10-24,1490.5,1501.199951,1485.900024,1498.900024,1498.900024,115
2019-10-25,1501.400024,1514.300049,1499,1499.5,1499.5,93
2019-10-28,1504.099976,1504.099976,1490,1490,1490,37
2019-10-29,1485.900024,1487,1485.900024,1487,1487,425
2019-10-30,1487.199951,1495.400024,1481,1493.199951,1493.199951,320
2019-10-31,1496.099976,1513.099976,1496.099976,1511.400024,1511.400024,210
2019-11-01,1511,1511.599976,1503,1508,1508,235
2019-11-04,1511.599976,1511.599976,1508,1508,1508,101
2019-11-05,1507.099976,1507.099976,1480.800049,1480.800049,1480.800049,31
2019-11-06,1483.199951,1491,1483.199951,1490.199951,1490.199951,567
2019-11-07,1489.099976,1489.099976,1464.199951,1464.199951,1464.199951,581
2019-11-08,1469.099976,1469.099976,1461.300049,1461.300049,1461.300049,21
2019-11-11,1461,1461,1449.300049,1455.5,1455.5,22
2019-11-12,1454.900024,1454.900024,1447.099976,1452.099976,1452.099976,6
2019-11-13,1456.800049,1463.300049,1456.800049,1461.699951,1461.699951,56
2019-11-14,1463.800049,1471.800049,1463.699951,1471.800049,1471.800049,83
2019-11-15,1469.099976,1469.099976,1467.300049,1467.300049,1467.300049,13
2019-11-18,1472,1472,1469.699951,1470.900024,1470.900024,141
2019-11-19,1467.699951,1474.300049,1467.699951,1473.300049,1473.300049,18
2019-11-20,1472.599976,1474.5,1467.300049,1473.300049,1473.300049,31
2019-11-21,1463.099976,1463.099976,1463.099976,1463.099976,1463.099976,16
2019-11-22,1468.599976,1468.599976,1463.099976,1463.099976,1463.099976,19
2019-11-25,1457.099976,1457.099976,1455.5,1456.599976,1456.599976,14
2019-11-26,1459.800049,1459.800049,1459.800049,1459.800049,1459.800049,346362
2019-11-27,1461.099976,1461.900024,1452,1453.400024,1453.400024,88364
2019-11-29,1453.599976,1465.599976,1452.099976,1465.599976,1465.599976,7020
2019-12-02,1462.800049,1464.400024,1453.300049,1462.300049,1462.300049,2172
2019-12-03,1461.599976,1480.400024,1459.5,1478.199951,1478.199951,1460
2019-12-04,1477.5,1483.400024,1471.199951,1474,1474,613
2019-12-05,1474.699951,1478,1472.300049,1476.900024,1476.900024,907
2019-12-06,1475,1476,1458.199951,1459.099976,1459.099976,899
2019-12-09,1458.800049,1464.199951,1458.599976,1459.300049,1459.300049,1461
2019-12-10,1460.699951,1467.199951,1460.699951,1462.599976,1462.599976,367
2019-12-11,1463.099976,1475.400024,1463.099976,1469.400024,1469.400024,393
2019-12-12,1475.099976,1483.900024,1463.699951,1466.699951,1466.699951,955
2019-12-13,1463.099976,1475.900024,1463.099976,1475.599976,1475.599976,468
2019-12-16,1473.800049,1475.300049,1473.800049,1475,1475,99
2019-12-17,1474.099976,1476.900024,1474,1474.599976,1474.599976,410
2019-12-18,1472.599976,1472.599976,1472.599976,1472.599976,1472.599976,250
2019-12-19,1475.900024,1478.900024,1473.300049,1478.199951,1478.199951,319
2019-12-20,1476.699951,1478.099976,1474.699951,1474.699951,1474.699951,118
2019-12-23,1482.300049,1482.5,1479.900024,1482.5,1482.5,391
2019-12-24,1488.699951,1499.099976,1488.699951,1499.099976,1499.099976,52
2019-12-26,1505.199951,1512.300049,1505,1509.300049,1509.300049,126
2019-12-27,1513.800049,1513.800049,1513.800049,1513.800049,1513.800049,839
2019-12-30,1512.599976,1515.099976,1510,1514.5,1514.5,446
2019-12-31,1513.800049,1523.400024,1513.800049,1519.5,1519.5,301
2020-01-02,1518.099976,1528.699951,1518,1524.5,1524.5,214
2020-01-03,1530.099976,1552.699951,1530.099976,1549.199951,1549.199951,107
2020-01-06,1580,1580,1560.400024,1566.199951,1566.199951,416
2020-01-07,1558.300049,1576.300049,1558.300049,1571.800049,1571.800049,47
2020-01-08,1579.699951,1604.199951,1552.300049,1557.400024,1557.400024,236
2020-01-09,1555.699951,1555.699951,1543.300049,1551.699951,1551.699951,54
2020-01-10,1551.199951,1558.800049,1545.400024,1557.5,1557.5,16
2020-01-13,1557.400024,1558,1548.400024,1548.400024,1548.400024,48
2020-01-14,1546.699951,1546.699951,1534.900024,1542.400024,1542.400024,32
2020-01-15,1548,1553.900024,1545.599976,1552.099976,1552.099976,11
2020-01-16,1555.699951,1556.099976,1548.5,1549,1549,98
2020-01-17,1554.099976,1558.800049,1553.599976,1558.800049,1558.800049,108
2020-01-21,1559.300049,1566.199951,1551,1556.400024,1556.400024,45
2020-01-22,1549.800049,1557.099976,1549.800049,1555.300049,1555.300049,42
2020-01-23,1553.099976,1564.599976,1552.199951,1564.599976,1564.599976,15
2020-01-24,1556.300049,1571.099976,1556.300049,1571.099976,1571.099976,43
2020-01-27,1584.300049,1584.5,1576.800049,1576.800049,1576.800049,22
2020-01-28,1576.400024,1576.400024,1569.199951,1569.199951,1569.199951,3
2020-01-29,1569.800049,1569.800049,1569.800049,1569.800049,1569.800049,251274
2020-01-30,1576.800049,1585,1571.400024,1583.5,1583.5,62336
2020-01-31,1573.400024,1589,1570,1582.900024,1582.900024,1095
2020-02-03,1592.900024,1593.300049,1568.199951,1577.199951,1577.199951,1062
2020-02-04,1577.699951,1577.699951,1547.800049,1550.400024,1550.400024,978
2020-02-05,1553.199951,1560.699951,1547.699951,1557.800049,1557.800049,1305
2020-02-06,1553.599976,1565.599976,1551.599976,1565.099976,1565.099976,110
2020-02-07,1564.900024,1571.900024,1560.5,1568.599976,1568.599976,431
2020-02-10,1569.300049,1574.699951,1568.599976,1574.699951,1574.699951,128
2020-02-11,1570.900024,1571.099976,1561.900024,1565.599976,1565.599976,440
2020-02-12,1565.199951,1568.699951,1561,1567.400024,1567.400024,36
2020-02-13,1570.199951,1575.099976,1570.199951,1575.099976,1575.099976,74
2020-02-14,1575.800049,1582.699951,1574.800049,1582.699951,1582.699951,68
2020-02-18,1579.800049,1604.300049,1579.800049,1600,1600,310
2020-02-19,1600.599976,1610.5,1599.699951,1607.5,1607.5,542
2020-02-20,1606.5,1621,1603,1616.599976,1616.599976,117
2020-02-21,1619.300049,1645,1619.300049,1644.599976,1644.599976,186
2020-02-24,1657,1686.599976,1650,1672.400024,1672.400024,435
2020-02-25,1645.099976,1653.699951,1632.300049,1646.900024,1646.900024,409
2020-02-26,1644,1648.099976,1636.400024,1640,1640,1990
2020-02-27,1641.099976,1658,1638.5,1640,1640,707
2020-02-28,1640.300049,1642.5,1564.099976,1564.099976,1564.099976,289
2020-03-02,1583.900024,1608.300049,1574.300049,1592.300049,1592.300049,537
2020-03-03,1594.5,1645.300049,1594,1642.099976,1642.099976,610
2020-03-04,1645.400024,1645.900024,1631.300049,1641.099976,1641.099976,83
2020-03-05,1637.300049,1672.900024,1637.199951,1666.400024,1666.400024,154
2020-03-06,1670.800049,1686.199951,1647.199951,1670.800049,1670.800049,175
2020-03-09,1696.099976,1701.599976,1657.699951,1674.5,1674.5,161
2020-03-10,1671.599976,1674.599976,1643,1659.099976,1659.099976,48
2020-03-11,1656.599976,1666.5,1635,1641.400024,1641.400024,47
2020-03-12,1637,1647.5,1566.400024,1589.300049,1589.300049,256
2020-03-13,1574.900024,1589.800049,1513.800049,1515.699951,1515.699951,89
2020-03-16,1569.099976,1569.099976,1452.099976,1485.900024,1485.900024,193
2020-03-17,1469.300049,1537.699951,1469.300049,1524.900024,1524.900024,122
2020-03-18,1537.5,1542,1477.300049,1477.300049,1477.300049,333
2020-03-19,1481.5,1491.599976,1471,1478.599976,1478.599976,262
2020-03-20,1483.5,1484,1483.5,1484,1484,14
2020-03-23,1505.300049,1567,1490.199951,1567,1567,51
2020-03-24,1592.699951,1685.5,1592.699951,1660.199951,1660.199951,442
2020-03-25,1676.5,1676.5,1631.099976,1632.300049,1632.300049,476
2020-03-26,1660.5,1660.5,1650.099976,1650.099976,1650.099976,3
2020-03-27,1623.900024,1623.900024,1623.900024,1623.900024,1623.900024,100638
2020-03-30,1641.199951,1652.800049,1607.199951,1622,1622,16389
2020-03-31,1618.699951,1621,1576,1583.400024,1583.400024,2874
2020-04-01,1570,1600,1570,1578.199951,1578.199951,2158
2020-04-02,1590.900024,1631.199951,1586,1625.699951,1625.699951,1294
2020-04-03,1624.5,1636,1619.800049,1633.699951,1633.699951,643
2020-04-06,1629.099976,1696.699951,1625.900024,1677,1677,1063
2020-04-07,1695.699951,1724.400024,1658,1664.800049,1664.800049,1144
2020-04-08,1669.699951,1677,1662.5,1665.400024,1665.400024,747
2020-04-09,1662.699951,1736.199951,1662.699951,1736.199951,1736.199951,825
2020-04-13,1722,1756.800049,1710.699951,1744.800049,1744.800049,696
2020-04-14,1756.800049,1775,1739.5,1756.699951,1756.699951,675
2020-04-15,1739.400024,1744.900024,1722.699951,1727.199951,1727.199951,642
2020-04-16,1731,1750.599976,1715,1720.400024,1720.400024,162
2020-04-17,1715.699951,1725,1684.900024,1689.199951,1689.199951,223
2020-04-20,1686,1701.599976,1680,1701.599976,1701.599976,106
2020-04-21,1697,1707.099976,1659.900024,1678.199951,1678.199951,666
2020-04-22,1696,1728.699951,1684.800049,1728.699951,1728.699951,453
2020-04-23,1734,1745.099976,1733.300049,1733.300049,1733.300049,482
2020-04-24,1744,1744,1714.5,1723.5,1723.5,221
2020-04-27,1731.900024,1731.900024,1711.900024,1711.900024,1711.900024,169
2020-04-28,1716.599976,1716.599976,1707.099976,1710.5,1710.5,1255
2020-04-29,1710,1713.5,1702,1703.400024,1703.400024,373
2020-04-30,1719.300049,1719.300049,1680.800049,1684.199951,1684.199951,327
2020-05-01,1686.599976,1701.5,1670.5,1694.5,1694.5,337
2020-05-04,1702.599976,1709,1699.599976,1706.900024,1706.900024,320
2020-05-05,1701.5,1704.400024,1697.199951,1704.400024,1704.400024,82
2020-05-06,1704,1704,1684.199951,1684.199951,1684.199951,469
2020-05-07,1686.199951,1721.800049,1685.599976,1721.800049,1721.800049,853
2020-05-08,1726.199951,1728.900024,1703.800049,1709.900024,1709.900024,330
2020-05-11,1702.300049,1704.5,1690.199951,1695.300049,1695.300049,749
2020-05-12,1699.300049,1713.099976,1699.300049,1704.400024,1704.400024,324
2020-05-13,1702,1721.300049,1701.900024,1713.900024,1713.900024,431
2020-05-14,1724.300049,1743.099976,1720.5,1738.099976,1738.099976,672
2020-05-15,1739.699951,1753.400024,1739.699951,1753.400024,1753.400024,719
2020-05-18,1755.699951,1770.5,1731.800049,1731.800049,1731.800049,229
2020-05-19,1744.199951,1749.5,1744.199951,1744.199951,1744.199951,167
2020-05-20,1751.599976,1752.099976,1745.599976,1750.599976,1750.599976,16
2020-05-21,1746.800049,1746.800049,1720.5,1720.5,1720.5,528
2020-05-22,1726.599976,1734.599976,1726.599976,1734.599976,1734.599976,6
2020-05-26,1726.400024,1726.400024,1704.800049,1704.800049,1704.800049,39
2020-05-27,1685.599976,1710.300049,1685.599976,1710.300049,1710.300049,137416
2020-05-28,1709.300049,1727.800049,1705,1713.300049,1713.300049,23355
2020-05-29,1718.800049,1738.300049,1715.099976,1736.900024,1736.900024,1526
2020-06-01,1740.400024,1747,1727.099976,1737.800049,1737.800049,871
2020-06-02,1743,1745.5,1721.800049,1725.199951,1725.199951,741
2020-06-03,1726.300049,1726.300049,1684.5,1697.800049,1697.800049,2755
2020-06-04,1694.5,1718.900024,1694.5,1718.900024,1718.900024,807
2020-06-05,1711.800049,1711.800049,1668.599976,1676.199951,1676.199951,1502
2020-06-08,1679.099976,1699.400024,1675.900024,1698.300049,1698.300049,587
2020-06-09,1694.599976,1720.900024,1692,1714.699951,1714.699951,690
2020-06-10,1716.099976,1740.800049,1711.900024,1713.300049,1713.300049,718
2020-06-11,1737.199951,1744.099976,1720,1732,1732,347
2020-06-12,1724.900024,1743,1724.900024,1729.300049,1729.300049,318
2020-06-15,1730,1730,1703.300049,1720.300049,1720.300049,188
2020-06-16,1726.300049,1729.599976,1722.400024,1729.599976,1729.599976,22
2020-06-17,1714.699951,1729.199951,1714.699951,1729.199951,1729.199951,51
2020-06-18,1730.5,1734.099976,1717.300049,1724.800049,1724.800049,110
2020-06-19,1723.699951,1750.699951,1723.5,1745.900024,1745.900024,1329
2020-06-22,1755.199951,1767.599976,1750.5,1756.699951,1756.699951,1356
2020-06-23,1755.400024,1776.300049,1754.199951,1772.099976,1772.099976,666
2020-06-24,1778.300049,1783.099976,1764.5,1765.800049,1765.800049,961
2020-06-25,1761.699951,1764.800049,1759.800049,1762.099976,1762.099976,207
2020-06-26,1766,1772.5,1764.699951,1772.5,1772.5,640
2020-06-29,1779.800049,1780.199951,1774.300049,1774.800049,1774.800049,584
2020-06-30,1777.300049,1793.199951,1774.400024,1793,1793,986
2020-07-01,1793.599976,1798,1765.800049,1773.199951,1773.199951,331
2020-07-02,1773.400024,1784,1768.699951,1784,1784,215
2020-07-06,1788.199951,1790.099976,1788.199951,1788.5,1788.5,172
2020-07-07,1789.300049,1804.199951,1783.300049,1804.199951,1804.199951,751
2020-07-08,1801.5,1817.900024,1801.5,1815.5,1815.5,209
2020-07-09,1816.099976,1819.800049,1799.199951,1799.199951,1799.199951,396
2020-07-10,1805.5,1805.5,1797.699951,1798.199951,1798.199951,236
2020-07-13,1805,1811,1805,1811,1811,164
2020-07-14,1791,1811.5,1791,1810.599976,1810.599976,339
2020-07-15,1806.099976,1813.5,1806.099976,1811.400024,1811.400024,167
2020-07-16,1810.900024,1810.900024,1794.300049,1798.699951,1798.699951,146
2020-07-17,1798.5,1810.099976,1798.5,1808.300049,1808.300049,24
2020-07-20,1807,1817.300049,1807,1815.900024,1815.900024,89
2020-07-21,1822,1842.400024,1822,1842.400024,1842.400024,117
2020-07-22,1858.099976,1867,1854.699951,1864.099976,1864.099976,213
2020-07-23,1868.699951,1890.300049,1868.5,1889.099976,1889.099976,133
2020-07-24,1884.300049,1897.300049,1884.300049,1897.300049,1897.300049,474
2020-07-27,1901.699951,1938,1901.5,1931,1931,364
2020-07-28,1931.5,1944.699951,1928.599976,1944.699951,1944.699951,825
2020-07-29,1953.199951,1953.5,1952.599976,1953.5,1953.5,209835
2020-07-30,1963.400024,1965.099976,1930,1942.300049,1942.300049,28853
2020-07-31,1948.599976,1981.099976,1948,1962.800049,1962.800049,2914
2020-08-03,1984.300049,1984.300049,1955.5,1966,1966,683
2020-08-04,1971,2016.199951,1968.800049,2001.199951,2001.199951,2010
2020-08-05,2024,2050.199951,2011,2031.099976,2031.099976,1422
2020-08-06,2045.5,2063,2040,2051.5,2051.5,294
2020-08-07,2040.099976,2055,2009.599976,2010.099976,2010.099976,808
2020-08-10,2026.400024,2043.800049,2017.5,2024.400024,2024.400024,233
2020-08-11,2012.400024,2016,1904,1932.599976,1932.599976,971
2020-08-12,1923,1946.599976,1871.599976,1934.900024,1934.900024,404
2020-08-13,1921.5,1957.400024,1916.900024,1956.699951,1956.699951,71
2020-08-14,1938.699951,1947.400024,1937,1937,1937,201
2020-08-17,1949.599976,1985,1949.599976,1985,1985,97
2020-08-18,2001.099976,2002.800049,1972.099976,1999.400024,1999.400024,92
2020-08-19,1980,1980,1938.699951,1958.699951,1958.699951,347
2020-08-20,1941.199951,1948.300049,1922.300049,1933.800049,1933.800049,106
2020-08-21,1941,1945,1908.900024,1934.599976,1934.599976,184
2020-08-24,1930.199951,1940,1922.199951,1927.699951,1927.699951,85
2020-08-25,1927.5,1928.5,1911.800049,1911.800049,1911.800049,176
2020-08-26,1909.699951,1950.800049,1909.699951,1940.699951,1940.699951,287
2020-08-27,1948.900024,1972.5,1921.599976,1921.599976,1921.599976,2303
2020-08-28,1927.099976,1971.300049,1922.5,1964.599976,1964.599976,778
2020-08-31,1970,1971.300049,1953.300049,1967.599976,1967.599976,158
2020-09-01,1961.699951,1986.300049,1961.699951,1968.199951,1968.199951,186
2020-09-02,1967.300049,1967.300049,1934.400024,1934.400024,1934.400024,71
2020-09-03,1937.099976,1938.800049,1923,1927.599976,1927.599976,179
2020-09-04,1927.900024,1939.699951,1917.699951,1923.900024,1923.900024,607
2020-09-08,1930.900024,1937.900024,1903.099976,1933,1933,271
2020-09-09,1926.900024,1946.199951,1924.599976,1944.699951,1944.699951,219
2020-09-10,1944.099976,1962.699951,1944.099976,1954.199951,1954.199951,722
2020-09-11,1944,1949.5,1937.800049,1937.800049,1937.800049,73
2020-09-14,1946.300049,1953.099976,1943,1953.099976,1953.099976,55
2020-09-15,1955.800049,1968.5,1955.800049,1956.300049,1956.300049,74
2020-09-16,1961.300049,1961.400024,1956.699951,1960.199951,1960.199951,124
2020-09-17,1939,1946,1933.699951,1940,1940,67
2020-09-18,1950.5,1952.099976,1949,1952.099976,1952.099976,38
2020-09-21,1946.199951,1946.199951,1883.400024,1901.199951,1901.199951,52
2020-09-22,1913.099976,1913.099976,1898.599976,1898.599976,1898.599976,331
2020-09-23,1875.5,1875.5,1859.900024,1859.900024,1859.900024,5
2020-09-24,1851.5,1868.300049,1851.5,1868.300049,1868.300049,365
2020-09-25,1856.300049,1857.699951,1856.300049,1857.699951,1857.699951,4
2020-09-28,1872.800049,1872.800049,1872.800049,1872.800049,1872.800049,10455
2020-09-29,1876.5,1895.400024,1872.400024,1894.300049,1894.300049,3283
2020-09-30,1893,1899.699951,1879.800049,1887.5,1887.5,600
2020-10-01,1884.099976,1909.599976,1882.5,1908.400024,1908.400024,730
2020-10-02,1893.900024,1913,1893.900024,1900.199951,1900.199951,530
2020-10-05,1898.900024,1915.599976,1884.699951,1912.5,1912.5,1360
2020-10-06,1906.599976,1918,1874.400024,1901.099976,1901.099976,968
2020-10-07,1874.099976,1889.800049,1873.099976,1883.599976,1883.599976,50
2020-10-08,1893,1893,1882.699951,1888.599976,1888.599976,348
2020-10-09,1909.300049,1929.099976,1905.099976,1919.5,1919.5,580
2020-10-12,1924,1926.5,1921.599976,1922.5,1922.5,96
2020-10-13,1921.900024,1922.199951,1887,1888.5,1888.5,191
2020-10-14,1889.699951,1910.800049,1882.5,1901.300049,1901.300049,33
2020-10-15,1897.300049,1906.300049,1889.599976,1903.199951,1903.199951,254
2020-10-16,1898.5,1900.800049,1898.5,1900.800049,1900.800049,53
2020-10-19,1907.300049,1907.800049,1899.5,1906.400024,1906.400024,43
2020-10-20,1901.300049,1910.400024,1896.099976,1910.400024,1910.400024,329
2020-10-21,1913.599976,1927.300049,1913.599976,1924.599976,1924.599976,1202
2020-10-22,1924.300049,1924.300049,1898.199951,1901.099976,1901.099976,899
2020-10-23,1899.900024,1913.300049,1896.199951,1902,1902,287
2020-10-26,1895.5,1907,1893.5,1902.699951,1902.699951,242
2020-10-27,1904.599976,1908.800049,1904.400024,1908.800049,1908.800049,176
2020-10-28,1870.900024,1876.199951,1870.900024,1876.199951,1876.199951,277
2020-10-29,1876.099976,1879.800049,1858.800049,1865.599976,1865.599976,240
2020-10-30,1862.800049,1886.599976,1862.800049,1877.400024,1877.400024,725
2020-11-02,1872.900024,1894.699951,1872.900024,1890.400024,1890.400024,190
2020-11-03,1891.5,1908.5,1891.5,1908.5,1908.5,712
2020-11-04,1893.800049,1907,1885.300049,1894.599976,1894.599976,782
2020-11-05,1901.699951,1948,1901.699951,1945.300049,1945.300049,135
2020-11-06,1940.800049,1958.800049,1940.800049,1950.300049,1950.300049,304
2020-11-09,1955.599976,1963.199951,1847.099976,1853.199951,1853.199951,745
2020-11-10,1879.300049,1885.300049,1871.199951,1875.400024,1875.400024,276
2020-11-11,1878.800049,1878.800049,1855.5,1860.699951,1860.699951,222
2020-11-12,1869,1878.5,1866.599976,1872.599976,1872.599976,220
2020-11-13,1877,1890.099976,1876.800049,1885.699951,1885.699951,240
2020-11-16,1874.599976,1887.300049,1871,1887.300049,1887.300049,6
2020-11-17,1888.400024,1888.400024,1884.5,1884.5,1884.5,59
2020-11-18,1873.5,1873.5,1873.5,1873.5,1873.5,152
2020-11-19,1865.800049,1865.800049,1856,1861.099976,1861.099976,59
2020-11-20,1871.199951,1872.599976,1871.199951,1872.599976,1872.599976,1900
2020-11-23,1834.800049,1837.800049,1829.199951,1837.800049,1837.800049,843
2020-11-24,1829.300049,1829.300049,1799.300049,1804.800049,1804.800049,1041
2020-11-25,1801.400024,1805.699951,1801.400024,1805.699951,1805.699951,205754
2020-11-27,1806.099976,1817,1770.699951,1781.900024,1781.900024,71804
2020-11-30,1785,1787.199951,1762.300049,1775.699951,1775.699951,3145
2020-12-01,1775,1815.900024,1774.900024,1814.099976,1814.099976,1859
2020-12-02,1811.300049,1830,1807.800049,1825.699951,1825.699951,771
2020-12-03,1829.199951,1842,1825.300049,1836.800049,1836.800049,1765
2020-12-04,1840.699951,1847.599976,1828.199951,1835.900024,1835.900024,1213
2020-12-07,1836.5,1866.900024,1820.800049,1861.800049,1861.800049,1427
2020-12-08,1863,1875.800049,1861.800049,1870.800049,1870.800049,121
2020-12-09,1867.099976,1867.099976,1827,1834.599976,1834.599976,215
2020-12-10,1833.199951,1849.099976,1828,1833.599976,1833.599976,177
2020-12-11,1838.5,1846,1829.099976,1839.800049,1839.800049,109
2020-12-14,1835.5,1835.699951,1822.699951,1828.699951,1828.699951,258
2020-12-15,1833.5,1853.599976,1833.199951,1852.300049,1852.300049,961
2020-12-16,1856.5,1864.699951,1850.5,1856.099976,1856.099976,1090
2020-12-17,1874.199951,1896.199951,1874.199951,1887.199951,1887.199951,414
2020-12-18,1882.400024,1889.5,1882.300049,1885.699951,1885.699951,276
2020-12-21,1884.800049,1908,1869.099976,1879.199951,1879.199951,136
2020-12-22,1882.199951,1882.199951,1861,1866.599976,1866.599976,233
2020-12-23,1867,1878.800049,1864.5,1874.699951,1874.699951,82
2020-12-24,1877.300049,1879.900024,1875.699951,1879.900024,1879.900024,46
2020-12-28,1895.5,1895.800049,1873.699951,1877.199951,1877.199951,75
2020-12-29,1881.300049,1881.300049,1879.699951,1879.699951,1879.699951,343
2020-12-30,1879.900024,1895.800049,1877.300049,1891,1891,444
2020-12-31,1897,1901.300049,1892.699951,1893.099976,1893.099976,127
2021-01-04,1912.199951,1945.099976,1912.199951,1944.699951,1944.699951,154
2021-01-05,1941.699951,1952.699951,1941.300049,1952.699951,1952.699951,113
2021-01-06,1952,1959.900024,1901.5,1906.900024,1906.900024,331
2021-01-07,1922.599976,1926.699951,1912,1912.300049,1912.300049,122
2021-01-08,1908,1908,1834.099976,1834.099976,1834.099976,60
2021-01-11,1826.5,1849.599976,1826.5,1849.599976,1849.599976,20
2021-01-12,1849,1859.699951,1839.400024,1842.900024,1842.900024,176
2021-01-13,1858,1858.599976,1853.599976,1853.599976,1853.599976,189
2021-01-14,1836.699951,1850.699951,1836.699951,1850.300049,1850.300049,149
2021-01-15,1829.400024,1829.400024,1825,1829.300049,1829.300049,31
2021-01-19,1802,1842.900024,1802,1839.5,1839.5,13
2021-01-20,1847.800049,1866.599976,1844.400024,1865.900024,1865.900024,16
2021-01-21,1865.300049,1868,1865.300049,1865.300049,1865.300049,6
2021-01-22,1854.900024,1855.699951,1852.699951,1855.699951,1855.699951,8
2021-01-25,1864.699951,1864.699951,1851.800049,1854.900024,1854.900024,26
2021-01-26,1855.800049,1855.800049,1850.699951,1850.699951,1850.699951,59
2021-01-27,1844.900024,1844.900024,1844.900024,1844.900024,1844.900024,195540
2021-01-28,1843.400024,1862.900024,1831.5,1837.900024,1837.900024,27283
2021-01-29,1842,1876,1838.699951,1847.300049,1847.300049,1634
2021-02-01,1866.599976,1871.900024,1850,1860.800049,1860.800049,1494
2021-02-02,1859.599976,1861.300049,1827.599976,1830.5,1830.5,1293
2021-02-03,1834.800049,1842.400024,1829.800049,1832.199951,1832.199951,1195
2021-02-04,1832.199951,1832.199951,1782.800049,1788.900024,1788.900024,2375
2021-02-05,1794.300049,1813.5,1790.900024,1810.900024,1810.900024,1278
2021-02-08,1816.300049,1836.699951,1809,1831.900024,1831.900024,254
2021-02-09,1841.900024,1843.300049,1830.699951,1835.300049,1835.300049,184
2021-02-10,1842.599976,1851.099976,1837,1840.599976,1840.599976,543
2021-02-11,1840.5,1845,1820.900024,1824.900024,1824.900024,602
2021-02-12,1825,1827.5,1809.199951,1821.599976,1821.599976,259
2021-02-16,1820.900024,1823.400024,1787.300049,1797.199951,1797.199951,1141
2021-02-17,1785.800049,1789.699951,1768.800049,1771.099976,1771.099976,614
2021-02-18,1776.099976,1784.599976,1766,1773.400024,1773.400024,587
2021-02-19,1764.300049,1787.599976,1764.300049,1775.800049,1775.800049,118
2021-02-22,1784,1807.800049,1784,1806.699951,1806.699951,165
2021-02-23,1809.599976,1811.300049,1796.400024,1804.400024,1804.400024,569
2021-02-24,1805.800049,1805.800049,1796.400024,1796.400024,1796.400024,1500
2021-02-25,1801.5,1802,1766.699951,1774.400024,1774.400024,1049
2021-02-26,1768.099976,1768.199951,1718.800049,1728.099976,1728.099976,1593
2021-03-01,1737.099976,1747,1720.300049,1722.5,1722.5,407
2021-03-02,1709.400024,1733.099976,1708.699951,1733.099976,1733.099976,867
2021-03-03,1730,1732.400024,1703.5,1715.300049,1715.300049,501
2021-03-04,1706.5,1717.400024,1700.199951,1700.199951,1700.199951,521
2021-03-05,1690.599976,1701,1685,1698,1698,302
2021-03-08,1704.699951,1705.400024,1673.699951,1677.699951,1677.699951,1290
2021-03-09,1686.199951,1717.5,1685.199951,1716.599976,1716.599976,335
2021-03-10,1713.599976,1722.900024,1711,1721.5,1721.5,412
2021-03-11,1725.599976,1737.5,1720.199951,1722.300049,1722.300049,18
2021-03-12,1715.900024,1722.5,1699,1719.5,1719.5,80
2021-03-15,1729.5,1731.900024,1722.800049,1728.900024,1728.900024,147
2021-03-16,1732.300049,1733.900024,1726,1730.599976,1730.599976,729
2021-03-17,1735.300049,1750.099976,1725.599976,1726.800049,1726.800049,488
2021-03-18,1745.800049,1750.300049,1721.800049,1732.199951,1732.199951,138
2021-03-19,1742.199951,1742.199951,1733.599976,1741.400024,1741.400024,13
2021-03-22,1737.800049,1737.800049,1737.800049,1737.800049,1737.800049,51
2021-03-23,1724.699951,1724.699951,1724.699951,1724.699951,1724.699951,6
2021-03-24,1727.5,1732.900024,1727.5,1732.900024,1732.900024,26
2021-03-25,1732.699951,1733.199951,1724.5,1724.900024,1724.900024,15
2021-03-26,1721.300049,1732.199951,1721.300049,1732.199951,1732.199951,33
2021-03-29,1712.099976,1712.099976,1712.099976,1712.099976,1712.099976,135457
2021-03-30,1711,1712.599976,1676.5,1683.900024,1683.900024,25316
2021-03-31,1683.699951,1713.800049,1676.5,1713.800049,1713.800049,762
2021-04-01,1706.800049,1728.800049,1706.400024,1726.5,1726.5,720
2021-04-05,1727.900024,1729.699951,1721.900024,1727,1727,275
2021-04-06,1726.900024,1744.800049,1726.900024,1741.5,1741.5,890
2021-04-07,1742.699951,1742.699951,1733.699951,1740.099976,1740.099976,557
2021-04-08,1736,1758,1734.599976,1756.800049,1756.800049,1298
2021-04-09,1750.800049,1750.800049,1733.300049,1743.300049,1743.300049,484
2021-04-12,1740.800049,1740.800049,1726.699951,1731.199951,1731.199951,40
2021-04-13,1733.800049,1746.900024,1722.099976,1746.199951,1746.199951,367
2021-04-14,1741.300049,1745.900024,1732.699951,1734.900024,1734.900024,1037
2021-04-15,1740.099976,1767.900024,1740.099976,1765.400024,1765.400024,368
2021-04-16,1770.400024,1779.5,1770.099976,1779,1779,625
2021-04-19,1782.099976,1788.5,1769.400024,1769.400024,1769.400024,144
2021-04-20,1769.300049,1777.300049,1765.5,1777.300049,1777.300049,1464
2021-04-21,1783,1794.099976,1777.699951,1792.300049,1792.300049,250
2021-04-22,1794.199951,1794.199951,1779.5,1781.199951,1781.199951,159
2021-04-23,1786.099976,1794.5,1772,1777,1777,332
2021-04-26,1778,1779.699951,1770.800049,1779.199951,1779.199951,549
2021-04-27,1780,1782,1777.699951,1778,1778,117
2021-04-28,1768.199951,1774,1764.599976,1773.199951,1773.199951,756
2021-04-29,1781,1789,1758.599976,1768.099976,1768.099976,196
2021-04-30,1771.800049,1771.800049,1763.900024,1767.300049,1767.300049,18
2021-05-03,1788.5,1793,1788.5,1791.400024,1791.400024,18
2021-05-04,1788.199951,1788.5,1774.800049,1775.800049,1775.800049,182
2021-05-05,1781.5,1784.099976,1779.199951,1784.099976,1784.099976,57
2021-05-06,1788.900024,1815.5,1787.599976,1815.5,1815.5,13
2021-05-07,1842.900024,1842.900024,1831.099976,1831.099976,1831.099976,2
2021-05-10,1835.599976,1845.599976,1835.400024,1837.5,1837.5,13
2021-05-11,1837.199951,1838.099976,1831.599976,1835.900024,1835.900024,420
2021-05-12,1825.199951,1825.199951,1821.699951,1822.599976,1822.599976,3
2021-05-13,1814.699951,1826.800049,1814.099976,1823.800049,1823.800049,100
2021-05-14,1824.5,1842.900024,1824.5,1837.900024,1837.900024,41
2021-05-17,1849.900024,1867.5,1847.199951,1867.5,1867.5,13
2021-05-18,1870.5,1870.5,1867.800049,1867.800049,1867.800049,3
2021-05-19,1866.400024,1884.900024,1863.599976,1881.300049,1881.300049,348
2021-05-20,1865.5,1885,1864.800049,1881.800049,1881.800049,85
2021-05-21,1872.099976,1876.699951,1872.099976,1876.699951,1876.699951,5
2021-05-24,1882.099976,1884.599976,1882.099976,1884.599976,1884.599976,39
2021-05-25,1882.5,1898.099976,1882.5,1898.099976,1898.099976,56
2021-05-26,1901.300049,1901.300049,1901.300049,1901.300049,1901.300049,170526
2021-05-27,1896.800049,1903.900024,1888.199951,1895.699951,1895.699951,35794
2021-05-28,1897.5,1905.400024,1881.900024,1902.5,1902.5,2415
2021-06-01,1905.099976,1916.199951,1892.800049,1902.900024,1902.900024,640
2021-06-02,1899.199951,1908.800049,1896,1907.5,1907.5,1267
2021-06-03,1908.800049,1908.800049,1865,1871.199951,1871.199951,1021
2021-06-04,1869.300049,1895.5,1854,1889.800049,1889.800049,367
2021-06-07,1890.5,1899.699951,1883.199951,1896.800049,1896.800049,87
2021-06-08,1896.5,1902.900024,1890,1892.199951,1892.199951,930
2021-06-09,1894.900024,1897.699951,1889.199951,1893.199951,1893.199951,148
2021-06-10,1887.699951,1899.800049,1871.5,1894.199951,1894.199951,186
2021-06-11,1900.900024,1902.300049,1875.199951,1877.400024,1877.400024,349
2021-06-14,1866.199951,1866.599976,1846.5,1864,1864,41
2021-06-15,1866.400024,1867.199951,1854.400024,1854.5,1854.5,78
2021-06-16,1859.400024,1860.099976,1809.199951,1859.5,1859.5,117
2021-06-17,1811.800049,1823.300049,1769.599976,1773.800049,1773.800049,1135
2021-06-18,1775.699951,1792.400024,1767.900024,1767.900024,1767.900024,354
2021-06-21,1768.800049,1785.199951,1766.800049,1781.800049,1781.800049,38
2021-06-22,1783.400024,1786.900024,1775.900024,1776.300049,1776.300049,101
2021-06-23,1780.699951,1793.199951,1780.599976,1782.300049,1782.300049,136
2021-06-24,1778.900024,1786.400024,1775.599976,1775.599976,1775.599976,78
2021-06-25,1777.699951,1788,1775.199951,1776.599976,1776.599976,35
2021-06-28,1779.599976,1779.599976,1779.599976,1779.599976,1779.599976,888
2021-06-29,1776.800049,1777.099976,1752.099976,1762.800049,1762.800049,419
2021-06-30,1761.099976,1770.800049,1759.199951,1770.800049,1770.800049,51
2021-07-01,1775.699951,1781.199951,1768.800049,1775.900024,1775.900024,44
2021-07-02,1778.699951,1787.900024,1778.300049,1782.599976,1782.599976,23
2021-07-06,1786.699951,1809.800049,1786.699951,1793.5,1793.5,332
2021-07-07,1798.699951,1808.400024,1797.199951,1801.5,1801.5,244
2021-07-08,1797,1818.5,1797,1799.599976,1799.599976,148
2021-07-09,1803.599976,1810.099976,1798.800049,1810,1810,218
2021-07-12,1802.599976,1805.5,1799.5,1805.5,1805.5,147
2021-07-13,1808.099976,1812,1800.599976,1809.400024,1809.400024,78
2021-07-14,1813.099976,1829,1813.099976,1824.300049,1824.300049,707
2021-07-15,1831.599976,1833,1823.400024,1828.400024,1828.400024,99
2021-07-16,1830.099976,1831.400024,1814.5,1814.5,1814.5,78
2021-07-19,1803.300049,1813.400024,1803.300049,1808.699951,1808.699951,33
2021-07-20,1812.900024,1824,1810.900024,1810.900024,1810.900024,128
2021-07-21,1807,1807,1800,1802.900024,1802.900024,135
2021-07-22,1793.599976,1805,1793.599976,1805,1805,2
2021-07-23,1800,1801.400024,1800,1801.400024,1801.400024,1
2021-07-26,1802.5,1802.5,1797.199951,1798.699951,1798.699951,17
2021-07-27,1803.699951,1803.699951,1799.5,1799.5,1799.5,1
2021-07-28,1799.5,1799.5,1799.5,1799.5,1799.5,209783
2021-07-29,1806.599976,1832.599976,1806.099976,1831.199951,1831.199951,30496
2021-07-30,1828,1830.5,1808.900024,1812.599976,1812.599976,3100
2021-08-02,1812.400024,1818.699951,1804.800049,1818.099976,1818.099976,1334
2021-08-03,1812.300049,1813.5,1806,1810.099976,1810.099976,3341
2021-08-04,1809.300049,1831.300049,1806.300049,1810.5,1810.5,2860
2021-08-05,1810.800049,1813.699951,1796,1805.099976,1805.099976,588
2021-08-06,1799.800049,1800.099976,1758.400024,1760,1760,859
2021-08-09,1753.5,1753.800049,1692.599976,1723.400024,1723.400024,1621
2021-08-10,1728.599976,1735.199951,1720.099976,1728.800049,1728.800049,1363
2021-08-11,1727.300049,1752.199951,1727.300049,1750.400024,1750.400024,542
2021-08-12,1749.699951,1752.400024,1745.5,1749,1749,739
2021-08-13,1758.300049,1777.300049,1757.400024,1775.199951,1775.199951,436
2021-08-16,1776.900024,1787.800049,1771.900024,1786.900024,1786.900024,219
2021-08-17,1787.699951,1794.199951,1780,1785,1785,200
2021-08-18,1787.800049,1791.5,1779,1781.599976,1781.599976,263
2021-08-19,1780,1789.300049,1775.5,1780.199951,1780.199951,245
2021-08-20,1784.099976,1787.5,1778.199951,1781,1781,235
2021-08-23,1776.800049,1804.800049,1776.800049,1803.199951,1803.199951,32
2021-08-24,1801,1805.599976,1801,1805.599976,1805.599976,22
2021-08-25,1792,1792.900024,1784,1788.199951,1788.199951,812
2021-08-26,1787.400024,1792.199951,1781,1792.199951,1792.199951,61
2021-08-27,1803.400024,1816.599976,1803.099976,1816.599976,1816.599976,1219
2021-08-30,1818.199951,1820.300049,1807.800049,1809,1809,684
2021-08-31,1815.900024,1815.900024,1801.099976,1815,1815,82
2021-09-01,1813.5,1815.900024,1809.5,1813.099976,1813.099976,114
2021-09-02,1813.199951,1813.900024,1806.800049,1808.699951,1808.699951,26
2021-09-03,1820.900024,1833.900024,1818.900024,1830.900024,1830.900024,53
2021-09-07,1825.699951,1825.699951,1792.699951,1795.900024,1795.900024,48
2021-09-08,1781.699951,1790.699951,1781.699951,1790.699951,1790.699951,69
2021-09-09,1798.699951,1798.699951,1787.900024,1797.400024,1797.400024,49
2021-09-10,1789.599976,1789.599976,1789.599976,1789.599976,1789.599976,0
2021-09-13,1789.800049,1796,1784,1792,1792,533
2021-09-14,1791.400024,1806.199951,1783,1804.699951,1804.699951,764
2021-09-15,1803.699951,1803.699951,1792.400024,1792.400024,1792.400024,59
2021-09-16,1792.900024,1792.900024,1743.900024,1754.599976,1754.599976,1645
2021-09-17,1758.800049,1763,1749.400024,1749.400024,1749.400024,581
2021-09-20,1751.800049,1761.800049,1750.900024,1761.800049,1761.800049,185
2021-09-21,1762.199951,1776,1759,1776,1776,106
2021-09-22,1776.699951,1784.300049,1767,1776.699951,1776.699951,17
2021-09-23,1766.800049,1766.800049,1738.199951,1747.699951,1747.699951,31
2021-09-24,1749.699951,1749.699951,1745,1749.699951,1749.699951,76
2021-09-27,1751.699951,1754.400024,1747.5,1750,1750,808
2021-09-28,1739.599976,1741.699951,1726.800049,1735.800049,1735.800049,15748
2021-09-29,1732.400024,1744.099976,1721.400024,1721.5,1721.5,6634
2021-09-30,1725.5,1760.300049,1724.5,1755.300049,1755.300049,997
2021-10-01,1754.300049,1762.599976,1748.5,1757,1757,2220
2021-10-04,1764.5,1768.900024,1749.5,1766.199951,1766.199951,417
2021-10-05,1764.300049,1764.300049,1749,1759.599976,1759.599976,98
2021-10-06,1759.300049,1762.900024,1744.699951,1760.5,1760.5,56
2021-10-07,1762.400024,1762.400024,1752.800049,1757.900024,1757.900024,336
2021-10-08,1757,1780,1754.199951,1756.300049,1756.300049,254
2021-10-11,1756.599976,1757.800049,1752.199951,1754.599976,1754.599976,128
2021-10-12,1751.900024,1768,1749.800049,1758.300049,1758.300049,139
2021-10-13,1760.800049,1794.5,1760.800049,1793.699951,1793.699951,150
2021-10-14,1792.199951,1799.900024,1792,1796.699951,1796.699951,337
2021-10-15,1794.5,1795.400024,1766.599976,1767.199951,1767.199951,874
2021-10-18,1761.599976,1770.099976,1759.5,1764.800049,1764.800049,266
2021-10-19,1777.599976,1785,1767.5,1769.699951,1769.699951,51
2021-10-20,1774.599976,1785.599976,1774,1784.099976,1784.099976,127
2021-10-21,1782,1785.699951,1781,1781.199951,1781.199951,146
2021-10-22,1787.099976,1806.900024,1784,1795.5,1795.5,532
2021-10-25,1794.300049,1809,1794,1806,1806,140
2021-10-26,1808.800049,1808.800049,1788.599976,1792.699951,1792.699951,359
2021-10-27,1791.5,1798.099976,1791.5,1797.900024,1797.900024,543
2021-10-28,1795.5,1807.300049,1795.5,1801.599976,1801.599976,452
2021-10-29,1793.099976,1797,1774.599976,1783,1783,583
2021-11-01,1787.5,1795.099976,1786.699951,1795.099976,1795.099976,142
2021-11-02,1790.5,1795.5,1787.699951,1788.699951,1788.699951,213
2021-11-03,1768,1768,1761.800049,1763.599976,1763.599976,108
2021-11-04,1776.599976,1798.199951,1776.199951,1793,1793,103
2021-11-05,1794.900024,1817.099976,1794.900024,1816.400024,1816.400024,239
2021-11-08,1817,1827.400024,1816.900024,1827.400024,1827.400024,261
2021-11-09,1826.099976,1832.699951,1820.699951,1830.199951,1830.199951,170
2021-11-10,1825.800049,1865,1824.900024,1847.599976,1847.599976,795
2021-11-11,1853.900024,1866.5,1853.900024,1863.199951,1863.199951,292
2021-11-12,1860.800049,1867.900024,1847.599976,1867.900024,1867.900024,210
2021-11-15,1864.5,1866.900024,1864.5,1866.099976,1866.099976,87
2021-11-16,1853.599976,1853.599976,1853.599976,1853.599976,1853.599976,1
2021-11-17,1862.599976,1869.699951,1862.599976,1869.699951,1869.699951,2
2021-11-18,1861,1861,1861,1861,1861,9
2021-11-19,1851.199951,1851.199951,1851.199951,1851.199951,1851.199951,21
2021-11-22,1841.599976,1841.599976,1805.699951,1806,1806,14
2021-11-23,1795.5,1795.5,1783.5,1783.5,1783.5,264
2021-11-24,1793,1793,1781.400024,1784.099976,1784.099976,188
2021-11-26,1791.099976,1791.400024,1785.300049,1785.300049,1785.300049,186800
2021-11-29,1791.699951,1798.900024,1779.099976,1782.300049,1782.300049,26926
2021-11-30,1783.900024,1808.099976,1768.699951,1773.599976,1773.599976,4903
2021-12-01,1774.800049,1790.5,1772.300049,1781.599976,1781.599976,1128
2021-12-02,1780.900024,1780.900024,1760.599976,1760.699951,1760.699951,1557
2021-12-03,1767.5,1785.099976,1766.5,1782,1782,694
2021-12-06,1780.199951,1783,1777.199951,1777.5,1777.5,381
2021-12-07,1779.5,1786.099976,1772.300049,1782.599976,1782.599976,308
2021-12-08,1789.900024,1789.900024,1779,1783.400024,1783.400024,1383
2021-12-09,1783.5,1783.5,1771.800049,1774.599976,1774.599976,455
2021-12-10,1773.800049,1785.400024,1769.099976,1782.900024,1782.900024,545
2021-12-13,1784.400024,1787.099976,1783.800049,1786.300049,1786.300049,206
2021-12-14,1787,1787,1769,1770.400024,1770.400024,322
2021-12-15,1767.400024,1778.699951,1753.900024,1762.599976,1762.599976,283
2021-12-16,1781,1798.099976,1781,1796.599976,1796.599976,21
2021-12-17,1804,1812.900024,1803.800049,1803.800049,1803.800049,654
2021-12-20,1796.800049,1799.800049,1792,1793.699951,1793.699951,226
2021-12-21,1791.400024,1796.5,1787.900024,1787.900024,1787.900024,575
2021-12-22,1786,1805.199951,1785.5,1801.599976,1801.599976,567
2021-12-23,1806,1811.199951,1800.800049,1811.199951,1811.199951,193
2021-12-27,1810,1812.099976,1807,1808.099976,1808.099976,150
2021-12-28,1812,1818,1805.5,1810.199951,1810.199951,146
2021-12-29,1803.199951,1805.099976,1791.400024,1805.099976,1805.099976,623
2021-12-30,1801.699951,1816,1796,1812.699951,1812.699951,306
2021-12-31,1825.099976,1827.800049,1821.400024,1827.5,1827.5,80
2022-01-03,1830.099976,1830.099976,1798.800049,1799.400024,1799.400024,116
2022-01-04,1800.5,1815.300049,1800,1814,1814,38
2022-01-05,1813.099976,1824.599976,1813.099976,1824.599976,1824.599976,8
2022-01-06,1787.099976,1791.300049,1787.099976,1788.699951,1788.699951,30
2022-01-07,1791.800049,1797,1784.400024,1797,1797,17
2022-01-10,1794.900024,1798.699951,1790.400024,1798.400024,1798.400024,534
2022-01-11,1803.900024,1822.5,1803,1818.599976,1818.599976,743
2022-01-12,1819,1827.199951,1816.900024,1827.199951,1827.199951,1547
2022-01-13,1819.800049,1823,1815.400024,1821.199951,1821.199951,40
2022-01-14,1821.5,1822,1816.5,1816.5,1816.5,816
2022-01-18,1816.800049,1820.099976,1812.300049,1812.300049,1812.300049,900
2022-01-19,1817.400024,1843.099976,1817.400024,1843.099976,1843.099976,4
2022-01-20,1840.599976,1843,1838.199951,1842.5,1842.5,20
2022-01-21,1838,1842.400024,1828.900024,1831.800049,1831.800049,19
2022-01-24,1837.900024,1842.099976,1837.900024,1841.699951,1841.699951,8
2022-01-25,1843,1852.699951,1842,1852.699951,1852.699951,11
2022-01-26,1829.900024,1829.900024,1829.900024,1829.900024,1829.900024,55
2022-01-27,1793.300049,1793.300049,1793.300049,1793.300049,1793.300049,196036
2022-01-28,1797.5,1798.400024,1778.800049,1784.900024,1784.900024,28521
2022-01-31,1788.5,1798.5,1785.099976,1795,1795,1735
2022-02-01,1797.199951,1806.099976,1797.099976,1800.300049,1800.300049,223
2022-02-02,1797.800049,1810.099976,1795.099976,1809.199951,1809.199951,1690
2022-02-03,1805.800049,1808.099976,1787.900024,1803,1803,466
2022-02-04,1806,1813.699951,1792.5,1806.599976,1806.599976,571
2022-02-07,1812.199951,1821.300049,1809.099976,1820.599976,1820.599976,601
2022-02-08,1818.900024,1827.599976,1815,1826.599976,1826.599976,108
2022-02-09,1825.400024,1835.199951,1825.300049,1835.199951,1835.199951,683
2022-02-10,1833.300049,1842.099976,1820.800049,1836.199951,1836.199951,365
2022-02-11,1822,1864.800049,1822,1840.800049,1840.800049,181
2022-02-14,1861.800049,1870.599976,1854.599976,1868,1868,79
2022-02-15,1872.599976,1879.699951,1847.400024,1854.800049,1854.800049,86
2022-02-16,1858.699951,1870.199951,1856.300049,1870.199951,1870.199951,34
2022-02-17,1876.300049,1900.699951,1876.199951,1900.699951,1900.699951,393
2022-02-18,1899.400024,1899.400024,1890.699951,1898.599976,1898.599976,51
2022-02-22,1908.099976,1912,1890.800049,1906.099976,1906.099976,173
2022-02-23,1896.599976,1910.599976,1895.699951,1909.199951,1909.199951,73
2022-02-24,1911.900024,1972.5,1911.699951,1925.099976,1925.099976,2706
2022-02-25,1906.900024,1920,1883.599976,1886.5,1886.5,586
2022-02-28,1928.300049,1928.400024,1894.199951,1899.400024,1899.400024,390
2022-03-01,1908.300049,1942.400024,1903.800049,1942.400024,1942.400024,547
2022-03-02,1945.599976,1948.199951,1919.800049,1920.900024,1920.900024,109
2022-03-03,1930.5,1940.300049,1924.800049,1934.400024,1934.400024,122
2022-03-04,1937,1970.900024,1935.599976,1965.099976,1965.099976,47
2022-03-07,1989,2001.099976,1963,1993.900024,1993.900024,2516
2022-03-08,1999.400024,2072,1998,2040.099976,2040.099976,1813
2022-03-09,2053.600098,2063,1980.800049,1985.900024,1985.900024,1022
2022-03-10,1978.099976,2010.5,1978.099976,1998.099976,1998.099976,670
2022-03-11,1985,1996,1959.900024,1982.699951,1982.699951,865
2022-03-14,1976.5,1977.699951,1959.599976,1959.599976,1959.599976,145
2022-03-15,1939.800049,1939.900024,1910.699951,1928.5,1928.5,71
2022-03-16,1922.400024,1922.400024,1907.199951,1908,1908,104
2022-03-17,1933.900024,1947.199951,1933.900024,1942.099976,1942.099976,39
2022-03-18,1934.5,1939.300049,1928.199951,1928.199951,1928.199951,28
2022-03-21,1925.400024,1928.599976,1925,1928.599976,1928.599976,5
2022-03-22,1920.699951,1920.699951,1920.699951,1920.699951,1920.699951,26
2022-03-23,1936.599976,1936.599976,1936.599976,1936.599976,1936.599976,204
2022-03-24,1963.599976,1964,1961.599976,1961.599976,1961.599976,8
2022-03-25,1953.800049,1953.800049,1953.800049,1953.800049,1953.800049,83
2022-03-28,1932.599976,1939.599976,1932.599976,1939.599976,1939.599976,7
2022-03-29,1893.5,1912,1893.5,1912,1912,128051
2022-03-30,1918.400024,1937,1914.5,1933.5,1933.5,17765
2022-03-31,1933.5,1949.900024,1919.099976,1949.199951,1949.199951,3617
2022-04-01,1935,1938,1917,1919.099976,1919.099976,1016
2022-04-04,1921.199951,1936.099976,1915.599976,1929.199951,1929.199951,371
2022-04-05,1927.099976,1943.5,1918.400024,1922.900024,1922.900024,412
2022-04-06,1916.699951,1931.800049,1916.699951,1918.400024,1918.400024,138
2022-04-07,1919.5,1934.800049,1919.5,1933.800049,1933.800049,311
2022-04-08,1928.800049,1947.699951,1928.800049,1941.599976,1941.599976,153
2022-04-11,1946.599976,1968.400024,1941.800049,1944.300049,1944.300049,163
2022-04-12,1952.5,1977.099976,1950.599976,1972.099976,1972.099976,246
2022-04-13,1969.5,1981,1969.5,1981,1981,204
2022-04-14,1977.199951,1978.699951,1963,1970.900024,1970.900024,101
2022-04-18,1973.400024,1997.099976,1972.800049,1982.900024,1982.900024,196
2022-04-19,1973.800049,1978.300049,1945.699951,1955.699951,1955.699951,130
2022-04-20,1945.5,1953.599976,1945.5,1952.300049,1952.300049,621
2022-04-21,1942.5,1944.900024,1942.5,1944.900024,1944.900024,4
2022-04-22,1949.599976,1950.400024,1930.199951,1931,1931,178
2022-04-25,1925,1925,1889.300049,1893.199951,1893.199951,748
2022-04-26,1900.5,1909.099976,1894,1901.400024,1901.400024,302
2022-04-27,1897.800049,1900.599976,1882.199951,1885.900024,1885.900024,1786
2022-04-28,1883.800049,1893,1872.900024,1888.699951,1888.699951,513
2022-04-29,1902.699951,1918.199951,1902.400024,1909.300049,1909.300049,132
2022-05-02,1896.699951,1896.800049,1853,1861.800049,1861.800049,385
2022-05-03,1868.800049,1868.800049,1868.800049,1868.800049,1868.800049,466
2022-05-04,1867,1867,1867,1867,1867,1
2022-05-05,1897,1904.300049,1874,1874,1874,80
2022-05-06,1874.699951,1890.300049,1871.5,1881.199951,1881.199951,214
2022-05-09,1866.599976,1867.5,1854,1857.099976,1857.099976,304
2022-05-10,1839.900024,1839.900024,1839.900024,1839.900024,1839.900024,1540
2022-05-11,1841.5,1852.599976,1841,1852.599976,1852.599976,892
2022-05-12,1849.800049,1851.900024,1822.199951,1823.800049,1823.800049,153
2022-05-13,1825,1825,1807.400024,1807.400024,1807.400024,335
2022-05-16,1790.5,1813.5,1787,1813.5,1813.5,34
2022-05-17,1824.900024,1828.599976,1816.699951,1818.199951,1818.199951,121
2022-05-18,1815,1819.699951,1805,1815.900024,1815.900024,311
2022-05-19,1810.900024,1841.199951,1810.699951,1841.199951,1841.199951,138
2022-05-20,1839.099976,1841.800049,1836.300049,1841.800049,1841.800049,110
2022-05-23,1846.300049,1863,1845.800049,1847.800049,1847.800049,216
2022-05-24,1852.5,1867,1852.5,1865.099976,1865.099976,33
2022-05-25,1846.199951,1846.199951,1846.199951,1846.199951,1846.199951,0
2022-05-26,1840.400024,1847.400024,1840.400024,1847.400024,1847.400024,123355
2022-05-27,1848.300049,1860.699951,1845.900024,1851.300049,1851.300049,30091
2022-05-31,1850.300049,1862.099976,1832.800049,1842.699951,1842.699951,4073
2022-06-01,1831,1847.900024,1825.300049,1843.300049,1843.300049,1623
2022-06-02,1845.400024,1868.699951,1842.099976,1866.5,1866.5,551
2022-06-03,1867.599976,1871.800049,1845.400024,1845.400024,1845.400024,53
2022-06-06,1849,1854.099976,1839.199951,1839.199951,1839.199951,142
2022-06-07,1836.900024,1851.599976,1835,1847.5,1847.5,1168
2022-06-08,1844.800049,1855,1844.400024,1851.900024,1851.900024,218
2022-06-09,1846.099976,1850.099976,1837.900024,1848.800049,1848.800049,159
2022-06-10,1842.699951,1875.599976,1823.900024,1871.5,1871.5,1490
2022-06-13,1873.800049,1873.800049,1818.699951,1828,1828,127
2022-06-14,1825,1825.5,1805.300049,1809.5,1809.5,536
2022-06-15,1814.099976,1839,1810.800049,1815.300049,1815.300049,108
2022-06-16,1819.199951,1850.599976,1814.900024,1845.699951,1845.699951,136
2022-06-17,1853.699951,1853.699951,1833.599976,1835.599976,1835.599976,170
2022-06-21,1835.300049,1838.599976,1830.099976,1834.599976,1834.599976,216
2022-06-22,1829.5,1842.699951,1821.599976,1834.300049,1834.300049,115
2022-06-23,1835.5,1841.199951,1825.699951,1825.699951,1825.699951,9
2022-06-24,1820.5,1826.5,1815.800049,1826.5,1826.5,61
2022-06-27,1830.5,1830.699951,1819.900024,1820.900024,1820.900024,77
2022-06-28,1824.199951,1826,1817.5,1817.5,1817.5,391
2022-06-29,1818.300049,1830.300049,1812.800049,1813.699951,1813.699951,173
2022-06-30,1809.599976,1817.300049,1801,1804.099976,1804.099976,328
2022-07-01,1795.5,1806.099976,1791.599976,1798.900024,1798.900024,77
2022-07-05,1805.400024,1805.400024,1761.800049,1761.800049,1761.800049,64
2022-07-06,1762.5,1768,1734,1734.900024,1734.900024,1729
2022-07-07,1745.199951,1745.199951,1737,1737.900024,1737.900024,1869
2022-07-08,1738.099976,1749.300049,1732.099976,1740.599976,1740.599976,370
2022-07-11,1732.5,1736.699951,1730,1730,1730,75
2022-07-12,1734.199951,1735.5,1723.300049,1723.300049,1723.300049,451
2022-07-13,1710,1734.199951,1710,1734.199951,1734.199951,368
2022-07-14,1710.300049,1710.5,1704.5,1704.5,1704.5,1289
2022-07-15,1705.400024,1709.699951,1701.099976,1702.400024,1702.400024,721
2022-07-18,1712.199951,1712.400024,1709.199951,1709.199951,1709.199951,264
2022-07-19,1712.300049,1714.400024,1706.099976,1710,1710,1684
2022-07-20,1707.099976,1708.5,1699.5,1699.5,1699.5,130
2022-07-21,1687,1715.5,1679.800049,1712.699951,1712.699951,183
2022-07-22,1713.300049,1735,1713,1727.099976,1727.099976,61
2022-07-25,1727,1732,1719,1719,1719,67
2022-07-26,1718,1718,1717.699951,1717.699951,1717.699951,1
2022-07-27,1719.099976,1719.099976,1719.099976,1719.099976,1719.099976,144865
2022-07-28,1732.300049,1755,1732,1750.300049,1750.300049,37236
2022-07-29,1754,1765.699951,1750,1762.900024,1762.900024,3485
2022-08-01,1763.900024,1772.5,1756.099976,1769,1769,705
2022-08-02,1772.099976,1786.599976,1759.400024,1771.099976,1771.099976,1078
2022-08-03,1756.699951,1770.5,1753,1758,1758,399
2022-08-04,1769.400024,1792.099976,1767.699951,1788.5,1788.5,285
2022-08-05,1791.199951,1791.400024,1764.199951,1772.900024,1772.900024,645
2022-08-08,1771.800049,1786.800049,1771.800049,1786.800049,1786.800049,127
2022-08-09,1790,1796.099976,1789,1794,1794,249
2022-08-10,1804.400024,1804.900024,1787.800049,1795.599976,1795.599976,601
2022-08-11,1794.300049,1794.300049,1785.699951,1789.699951,1789.699951,1235
2022-08-12,1786.300049,1800.400024,1784.300049,1798.599976,1798.599976,187
2022-08-15,1799,1799,1774.699951,1781.400024,1781.400024,64
2022-08-16,1777.400024,1777.400024,1771.400024,1773.199951,1773.199951,308
2022-08-17,1769.699951,1769.699951,1760,1760.300049,1760.300049,23
2022-08-18,1762.900024,1762.900024,1753.400024,1755.300049,1755.300049,321
2022-08-19,1753.699951,1754.300049,1747.5,1747.599976,1747.599976,49
2022-08-22,1740.5,1740.5,1726.5,1734,1734,347
2022-08-23,1738,1748.900024,1731.900024,1746.800049,1746.800049,509
2022-08-24,1745,1751.800049,1743.599976,1747.800049,1747.800049,187
2022-08-25,1761.599976,1761.800049,1755,1757.699951,1757.699951,172
2022-08-26,1754,1755,1736.099976,1736.099976,1736.099976,202
2022-08-29,1732.400024,1741.199951,1732.099976,1736.599976,1736.599976,950
2022-08-30,1736.400024,1739,1720.699951,1723.199951,1723.199951,385
2022-08-31,1718.300049,1720.900024,1708.5,1712.800049,1712.800049,2133
2022-09-01,1707.900024,1707.900024,1693.900024,1696.599976,1696.599976,683
2022-09-02,1703.400024,1715.699951,1703.099976,1709.800049,1709.800049,182
2022-09-06,1709.699951,1717.400024,1699.699951,1700.400024,1700.400024,697
2022-09-07,1694.800049,1715.300049,1694.699951,1715.300049,1715.300049,651
2022-09-08,1718.199951,1718.199951,1705.300049,1708,1708,1193
2022-09-09,1719.199951,1720,1712.800049,1716.199951,1716.199951,635
2022-09-12,1727.400024,1728.099976,1727.400024,1728.099976,1728.099976,68
2022-09-13,1720.5,1720.5,1697.300049,1705,1705,432
2022-09-14,1698.699951,1701.800049,1696.5,1696.5,1696.5,532
2022-09-15,1685.5,1686,1662.300049,1665.400024,1665.400024,1125
2022-09-16,1660.400024,1674.900024,1651.699951,1671.699951,1671.699951,464
2022-09-19,1661.800049,1669.400024,1658.5,1666.199951,1666.199951,580
2022-09-20,1659.699951,1659.699951,1659.699951,1659.699951,1659.699951,2830
2022-09-21,1665.5,1680.099976,1664.599976,1664.599976,1664.599976,2337
2022-09-22,1668.300049,1670.800049,1668.300049,1670.800049,1670.800049,973
2022-09-23,1667,1667,1645.300049,1645.300049,1645.300049,1224
2022-09-26,1623.300049,1623.300049,1623.300049,1623.300049,1623.300049,1205
2022-09-27,1632.199951,1636.599976,1626.699951,1626.699951,1626.699951,888
2022-09-28,1620.400024,1660.400024,1620.400024,1660.400024,1660.400024,18311
2022-09-29,1657,1662.599976,1640,1658.5,1658.5,6028
2022-09-30,1661.699951,1672.699951,1658,1662.400024,1662.400024,548
2022-10-03,1667.199951,1700,1661.900024,1692.900024,1692.900024,410
2022-10-04,1701.199951,1728,1696,1721.099976,1721.099976,291
2022-10-05,1724.099976,1726.599976,1703,1711.400024,1711.400024,418
2022-10-06,1721,1723.300049,1709.099976,1711.699951,1711.699951,133
2022-10-07,1710.099976,1710.099976,1693.699951,1700.5,1700.5,179
2022-10-10,1693.400024,1693.400024,1667,1667.300049,1667.300049,195
2022-10-11,1661.800049,1678.699951,1661,1678.699951,1678.699951,167
2022-10-12,1668,1672.699951,1668,1670.300049,1670.300049,149
2022-10-13,1675.199951,1675.300049,1641.5,1670,1670,729
2022-10-14,1665.300049,1667,1640,1641.699951,1641.699951,82
2022-10-17,1650.199951,1657,1646.800049,1657,1657,238
2022-10-18,1651.400024,1655.199951,1649,1649,1649,597
2022-10-19,1637.5,1637.5,1627.5,1627.5,1627.5,84
2022-10-20,1622.800049,1641.400024,1622.800049,1630.800049,1630.800049,477
2022-10-21,1634.099976,1653.900024,1634.099976,1651,1651,224
2022-10-24,1662.699951,1662.699951,1648.699951,1648.699951,1648.699951,29
2022-10-25,1648.199951,1652.800049,1637.300049,1652.800049,1652.800049,880
2022-10-26,1649.800049,1667,1649.800049,1664,1664,89
2022-10-27,1660.699951,1660.699951,1660.699951,1660.699951,1660.699951,2298
2022-10-28,1661,1661,1638.699951,1639.599976,1639.599976,626
2022-10-31,1641.800049,1641.800049,1633.400024,1635.900024,1635.900024,522
2022-11-01,1630.800049,1653.699951,1630.800049,1645,1645,985
2022-11-02,1650.800049,1664.699951,1634,1645.699951,1645.699951,612
2022-11-03,1629.199951,1629.199951,1615.099976,1627.300049,1627.300049,1427
2022-11-04,1630.199951,1674.5,1629,1672.5,1672.5,159
2022-11-07,1676.900024,1677.900024,1672.900024,1676.5,1676.5,42
2022-11-08,1703.199951,1712.099976,1703.199951,1712.099976,1712.099976,23
2022-11-09,1707.400024,1720.199951,1706,1710.099976,1710.099976,497
2022-11-10,1708.199951,1750.300049,1708.199951,1750.300049,1750.300049,325
2022-11-11,1763.800049,1766,1757.599976,1766,1766,257
2022-11-14,1762,1773.599976,1761.599976,1773.599976,1773.599976,358
2022-11-15,1770.800049,1773.800049,1769.900024,1773.800049,1773.800049,57
2022-11-16,1776.599976,1778.900024,1773,1773,1773,303
2022-11-17,1763,1763,1756,1760.800049,1760.800049,18
2022-11-18,1763.300049,1763.300049,1747.599976,1751.900024,1751.900024,414
2022-11-21,1739,1744.900024,1736.099976,1737.400024,1737.400024,544
2022-11-22,1741.699951,1741.699951,1738.300049,1738.300049,1738.300049,15
2022-11-23,1736.5,1750.900024,1736.5,1744.900024,1744.900024,39
2022-11-25,1753,1757.900024,1749.199951,1753.300049,1753.300049,216
2022-11-28,1741.300049,1741.300049,1740.099976,1740.099976,1740.099976,132767
2022-11-29,1739.5,1758.199951,1737.900024,1748.400024,1748.400024,19416
2022-11-30,1748.099976,1769.400024,1745.099976,1746,1746,3339
2022-12-01,1768.699951,1803.699951,1768.699951,1801.099976,1801.099976,1053
2022-12-02,1802,1802.300049,1779.400024,1795.900024,1795.900024,1725
2022-12-05,1795.699951,1808,1764.300049,1767.400024,1767.400024,1713
2022-12-06,1768.599976,1779.400024,1767.900024,1769.300049,1769.300049,105
2022-12-07,1769.300049,1790.300049,1769.300049,1785.5,1785.5,422
2022-12-08,1782,1790.900024,1782,1788.699951,1788.699951,713
2022-12-09,1794.900024,1804.300049,1791.099976,1798.099976,1798.099976,125
2022-12-12,1787.300049,1793.900024,1777.699951,1780.5,1780.5,85
2022-12-13,1780.699951,1819.800049,1780.5,1813.900024,1813.900024,205
2022-12-14,1810.800049,1812.800049,1797.900024,1807.5,1807.5,1074
2022-12-15,1801,1801,1774.800049,1777.199951,1777.199951,421
2022-12-16,1777.900024,1791.400024,1777.900024,1790,1790,206
2022-12-19,1791.599976,1796.300049,1785.599976,1787.699951,1787.699951,79
2022-12-20,1786.5,1821.400024,1786.5,1815.900024,1815.900024,51
2022-12-21,1817.400024,1821.400024,1814.400024,1815.900024,1815.900024,35
2022-12-22,1818.099976,1818.099976,1785,1787,1787,411
2022-12-23,1794.300049,1802.800049,1794.099976,1795.900024,1795.900024,49
2022-12-27,1803.400024,1826.300049,1803.400024,1814.800049,1814.800049,69
2022-12-28,1803.199951,1807.900024,1803.099976,1807.900024,1807.900024,434
2022-12-29,1805.800049,1819.5,1805.800049,1819.5,1819.5,277
2022-12-30,1817,1822.300049,1816.800049,1819.699951,1819.699951,95
2023-01-03,1836.199951,1839.699951,1836.199951,1839.699951,1839.699951,29
2023-01-04,1845.599976,1859.099976,1845.599976,1852.800049,1852.800049,25
2023-01-05,1855.199951,1855.199951,1834.800049,1834.800049,1834.800049,24
2023-01-06,1838.400024,1868.199951,1835.300049,1864.199951,1864.199951,26
2023-01-09,1867,1880,1867,1872.699951,1872.699951,62
2023-01-10,1877.800049,1878.099976,1871.599976,1871.599976,1871.599976,101
2023-01-11,1873.099976,1877.800049,1873.099976,1874.599976,1874.599976,1236
2023-01-12,1877.199951,1897.400024,1877.199951,1895.5,1895.5,59
2023-01-13,1899,1920.900024,1898.300049,1918.400024,1918.400024,512
2023-01-17,1920.099976,1920.099976,1905.199951,1907.199951,1907.199951,706
2023-01-18,1911.099976,1911.099976,1903.099976,1904.400024,1904.400024,1027
2023-01-19,1922.099976,1931.800049,1922.099976,1922.099976,1922.099976,371
2023-01-20,1922.099976,1928.5,1921.400024,1926.400024,1926.400024,1346
2023-01-23,1926.5,1927.099976,1915,1927.099976,1927.099976,218
2023-01-24,1931.800049,1936.800049,1931.800049,1933.900024,1933.900024,201
2023-01-25,1941.199951,1941.199951,1939.800049,1941.199951,1941.199951,7
2023-01-26,1936.599976,1937.099976,1927.099976,1929.099976,1929.099976,131
2023-01-27,1928.599976,1928.599976,1928.599976,1928.599976,1928.599976,150902
2023-01-30,1928.300049,1933.599976,1920.300049,1922.900024,1922.900024,27220
2023-01-31,1923,1930.400024,1900.599976,1929.5,1929.5,1910
2023-02-01,1927.199951,1955,1922,1927.800049,1927.800049,2290
2023-02-02,1952.300049,1959.099976,1911.300049,1916.300049,1916.300049,748
2023-02-03,1912.400024,1917,1861.5,1862.900024,1862.900024,992
2023-02-06,1865.599976,1880,1863.400024,1866.199951,1866.199951,424
2023-02-07,1870,1875.699951,1868,1871.699951,1871.699951,297
2023-02-08,1872.099976,1880.400024,1872.099976,1877.400024,1877.400024,230
2023-02-09,1875.300049,1884.599976,1859.800049,1866.199951,1866.199951,223
2023-02-10,1861.599976,1863.5,1852.400024,1862.800049,1862.800049,27
2023-02-13,1859,1861,1850,1851.900024,1851.900024,569
2023-02-14,1854.099976,1862,1846.199951,1854,1854,656
2023-02-15,1842,1842,1828.199951,1834.199951,1834.199951,368
2023-02-16,1838.599976,1843.699951,1827.199951,1842,1842,222
2023-02-17,1827.400024,1842.199951,1818.400024,1840.400024,1840.400024,35
2023-02-21,1842.599976,1843,1833,1833,1833,862
2023-02-22,1835.699951,1836.199951,1825.099976,1832,1832,278
2023-02-23,1826.400024,1827.5,1818,1818,1818,291
2023-02-24,1808.800049,1808.800049,1808.800049,1808.800049,1808.800049,404
2023-02-27,1811.599976,1817.5,1808.900024,1817,1817,829
2023-02-28,1808.099976,1830,1808.099976,1828.900024,1828.900024,618
2023-03-01,1827.099976,1841.699951,1827.099976,1837.699951,1837.699951,211
2023-03-02,1830,1836.300049,1830,1833.5,1833.5,154
2023-03-03,1837.300049,1855.400024,1837.300049,1847.699951,1847.699951,61
2023-03-06,1853.300049,1853.800049,1844.199951,1847.900024,1847.900024,5
2023-03-07,1840.900024,1840.900024,1813.900024,1813.900024,1813.900024,450
2023-03-08,1811.599976,1812.900024,1811.5,1812.699951,1812.699951,75
2023-03-09,1816.400024,1829.300049,1815.599976,1829.300049,1829.300049,332
2023-03-10,1852.300049,1868.5,1852,1862,1862,248
2023-03-13,1890.800049,1913.099976,1875.099976,1911.699951,1911.699951,503
2023-03-14,1912.199951,1912.199951,1901.099976,1906.199951,1906.199951,107
2023-03-15,1903.900024,1926.599976,1898.5,1926.599976,1926.599976,564
2023-03-16,1909.900024,1931.699951,1909.900024,1919,1919,394
2023-03-17,1946,1985.099976,1946,1969.800049,1969.800049,82
2023-03-20,1988.300049,2003.900024,1968.900024,1979.199951,1979.199951,389
2023-03-21,1973.800049,1973.800049,1938,1938,1938,47
2023-03-22,1946.800049,1974,1946.800049,1946.800049,1946.800049,50
2023-03-23,1990.5,1994.599976,1990.5,1993.800049,1993.800049,33
2023-03-24,1991.699951,1995.400024,1982.099976,1982.099976,1982.099976,19
2023-03-27,1957.199951,1957.199951,1952.400024,1952.400024,1952.400024,877
2023-03-28,1972.400024,1972.400024,1972.400024,1972.400024,1972.400024,21
2023-03-29,1966.099976,1966.099976,1966.099976,1966.099976,1966.099976,88563
2023-03-30,1965.900024,1984.400024,1954.900024,1980.300049,1980.300049,10119
2023-03-31,1981.300049,1986.800049,1968,1969,1969,957
2023-04-03,1968.099976,1991.699951,1950,1983.900024,1983.900024,737
2023-04-04,1984.599976,2027.099976,1979,2022.199951,2022.199951,811
2023-04-05,2022.099976,2033.800049,2013.599976,2020.900024,2020.900024,525
2023-04-06,2022.199951,2023.300049,2005,2011.900024,2011.900024,0
2023-04-10,2000,2006.599976,1984,1989.099976,1989.099976,652
2023-04-11,1991.400024,2006.5,1991.400024,2004.800049,2004.800049,68
2023-04-12,2005.199951,2025.699951,2005.199951,2010.900024,2010.900024,172
2023-04-13,2015.599976,2048.600098,2015.599976,2041.300049,2041.300049,1043
2023-04-14,2041,2047.800049,1995,2002.199951,2002.199951,718
2023-04-17,2002.699951,2007.599976,1983.199951,1994.199951,1994.199951,554
2023-04-18,1996.900024,2007.400024,1996.900024,2007.400024,2007.400024,72
2023-04-19,2005.699951,2006.400024,1969.800049,1995.199951,1995.199951,61
2023-04-20,1998,2007.599976,1998,2007.599976,2007.599976,164
2023-04-21,1996.199951,1996.199951,1974.099976,1979.5,1979.5,132
2023-04-24,1981.300049,1989.800049,1977.400024,1989.099976,1989.099976,145
2023-04-25,1995.699951,1999.099976,1982.300049,1994,1994,306
2023-04-26,1997.800049,1998.800049,1985.599976,1985.699951,1985.699951,615
2023-04-27,1990.599976,2002.300049,1979.900024,1989.900024,1989.900024,355
2023-04-28,1986.900024,1990.099976,1977.699951,1990.099976,1990.099976,152
2023-05-01,1980.099976,2005,1976.900024,1983.400024,1983.400024,210
2023-05-02,1994.699951,2018,1994.699951,2014.300049,2014.300049,1896
2023-05-03,2017.099976,2035.099976,2015.199951,2028.599976,2028.599976,1349
2023-05-04,2045,2072,2040,2048,2048,930
2023-05-05,2046.400024,2046.400024,2004.300049,2017.400024,2017.400024,59
2023-05-08,2022.5,2026.300049,2022.5,2026.300049,2026.300049,3
2023-05-09,2026.599976,2037.300049,2025.900024,2036.199951,2036.199951,241
2023-05-10,2032.300049,2044.300049,2029.5,2030.5,2030.5,248
2023-05-11,2034.099976,2038.300049,2014,2014.699951,2014.699951,90
2023-05-12,2014.5,2014.5,2014.5,2014.5,2014.5,115
2023-05-15,2013.800049,2018,2013.800049,2018,2018,3
2023-05-16,1988.400024,1988.400024,1988.400024,1988.400024,1988.400024,49
2023-05-17,1983.599976,1983.599976,1980.699951,1980.699951,1980.699951,13
2023-05-18,1956.5,1956.800049,1956.5,1956.5,1956.5,23
2023-05-19,1960,1978.699951,1960,1978.699951,1978.699951,106
2023-05-22,1980.5,1980.5,1974.800049,1974.800049,1974.800049,8
2023-05-23,1972.400024,1972.400024,1972.400024,1972.400024,1972.400024,1
2023-05-24,1975.400024,1975.400024,1962.800049,1962.800049,1962.800049,189
2023-05-25,1943.099976,1943.099976,1943.099976,1943.099976,1943.099976,1
2023-05-26,1948.199951,1948.400024,1944.099976,1944.099976,1944.099976,166036
2023-05-30,1942.699951,1962.599976,1931,1958,1958,37838
2023-05-31,1958.199951,1973,1953,1963.900024,1963.900024,5959
2023-06-01,1963.199951,1983,1954.300049,1978,1978,750
2023-06-02,1977.099976,1982.5,1947.400024,1952.400024,1952.400024,356
2023-06-05,1947.5,1961.900024,1937.800049,1958,1958,713
2023-06-06,1960.800049,1965.5,1958.800049,1965.5,1965.5,164
2023-06-07,1959,1968.400024,1940.699951,1942.699951,1942.699951,139
2023-06-08,1943.199951,1969,1943.099976,1963.599976,1963.599976,433
2023-06-09,1965.099976,1969.800049,1960.300049,1962.199951,1962.199951,49
2023-06-12,1959.699951,1963.5,1951.400024,1955.300049,1955.300049,212
2023-06-13,1960.599976,1967.5,1940.300049,1944.599976,1944.599976,343
2023-06-14,1946.199951,1958.199951,1940.300049,1955.300049,1955.300049,202
2023-06-15,1941.699951,1958.800049,1926,1957.800049,1957.800049,329
2023-06-16,1961.400024,1962.900024,1953.5,1958.400024,1958.400024,119
2023-06-20,1958.599976,1958.599976,1931.300049,1935.5,1935.5,193
2023-06-21,1935.599976,1936.800049,1920,1933.300049,1933.300049,557
2023-06-22,1920,1921,1912.099976,1912.699951,1912.699951,237
2023-06-23,1918.699951,1932.5,1918.699951,1919.099976,1919.099976,105
2023-06-26,1922.900024,1928.5,1922.5,1923.699951,1923.699951,71
2023-06-27,1927,1929.400024,1914,1914,1914,49
2023-06-28,1912.300049,1912.300049,1912.300049,1912.300049,1912.300049,628
2023-06-29,1909.900024,1909.900024,1892.5,1909.199951,1909.199951,289
2023-06-30,1908.599976,1921.099976,1900.599976,1921.099976,1921.099976,445
2023-07-03,1917.900024,1929.5,1917.900024,1921.699951,1921.699951,41
2023-07-05,1923.5,1933.900024,1914.699951,1919.599976,1919.599976,193
2023-07-06,1909.300049,1910.199951,1903.199951,1908.699951,1908.699951,81
2023-07-07,1913.400024,1934.099976,1913.400024,1926.199951,1926.199951,61
2023-07-10,1923.599976,1926.099976,1912.300049,1925,1925,269
2023-07-11,1925,1937,1924.199951,1931.300049,1931.300049,142
2023-07-12,1932.300049,1958,1932.199951,1956.199951,1956.199951,132
2023-07-13,1961.099976,1961.099976,1953,1959.199951,1959.199951,121
2023-07-14,1958.400024,1960.599976,1952.699951,1960.099976,1960.099976,94
2023-07-17,1954,1956.5,1946.599976,1952.400024,1952.400024,29
2023-07-18,1968.800049,1978.400024,1963.400024,1977.199951,1977.199951,83
2023-07-19,1977,1977.5,1973,1977.5,1977.5,35
2023-07-20,1973.699951,1973.699951,1965.599976,1968.300049,1968.300049,638
2023-07-21,1961.800049,1964.300049,1961.800049,1964.300049,1964.300049,50
2023-07-24,1965.300049,1965.5,1960.300049,1960.300049,1960.300049,2
2023-07-25,1953,1962.5,1953,1962.099976,1962.099976,19
2023-07-26,1966.199951,1972,1966.199951,1968.900024,1968.900024,51
2023-07-27,1945.400024,1945.400024,1945.400024,1945.400024,1945.400024,194253
2023-07-28,1945.5,1962.199951,1944.199951,1960.400024,1960.400024,23155
2023-07-31,1959.199951,1971.599976,1950,1970.5,1970.5,1025
2023-08-01,1964.900024,1965.400024,1940.699951,1940.699951,1940.699951,688
2023-08-02,1948.400024,1953.599976,1933.199951,1937.400024,1937.400024,652
2023-08-03,1934.199951,1936.5,1928,1932,1932,773
2023-08-04,1934.900024,1945,1920,1939.599976,1939.599976,290
2023-08-07,1941,1941,1929.800049,1933.5,1933.5,376
2023-08-08,1931.699951,1933.199951,1923,1924.099976,1924.099976,555
2023-08-09,1925.400024,1928.800049,1913.699951,1915.400024,1915.400024,451
2023-08-10,1921.099976,1927.800049,1911.400024,1914.400024,1914.400024,178
2023-08-11,1913,1916.599976,1911.800049,1912.900024,1912.900024,57
2023-08-14,1909.300049,1912.599976,1903.300049,1910.599976,1910.599976,46
2023-08-15,1906,1907.699951,1895,1902.5,1902.5,73
2023-08-16,1904.5,1904.5,1890.300049,1896.099976,1896.099976,22
2023-08-17,1893.699951,1902.400024,1884,1884.099976,1884.099976,245
2023-08-18,1891.800049,1891.800049,1886.099976,1886.099976,1886.099976,19
2023-08-21,1893.599976,1893.599976,1893.300049,1893.300049,1893.300049,876
2023-08-22,1894.599976,1896.800049,1892.800049,1896.400024,1896.400024,46
2023-08-23,1909.599976,1918.5,1909.599976,1918.5,1918.5,547
2023-08-24,1920,1920.800049,1918.199951,1918.199951,1918.199951,337
2023-08-25,1919.800049,1919.800049,1911.099976,1911.099976,1911.099976,195
2023-08-28,1915.5,1921.5,1915.5,1917.900024,1917.900024,99
2023-08-29,1917.900024,1936.5,1916.900024,1936.5,1936.5,1674
2023-08-30,1936,1946.400024,1934.599976,1944.300049,1944.300049,396
2023-08-31,1944.400024,1944.400024,1938.199951,1938.199951,1938.199951,491
2023-09-01,1950,1950,1936.599976,1939.800049,1939.800049,167
2023-09-05,1934.400024,1934.400024,1924.699951,1926.199951,1926.199951,113
2023-09-06,1924.099976,1925.300049,1916.300049,1918.099976,1918.099976,24
2023-09-07,1917.599976,1921.5,1917.5,1917.5,1917.5,41
2023-09-08,1924,1924.699951,1918.400024,1918.400024,1918.400024,105
2023-09-11,1923,1928.300049,1921.800049,1923.300049,1923.300049,50
2023-09-12,1920.800049,1920.800049,1911.300049,1911.300049,1911.300049,365
2023-09-13,1910.300049,1914.599976,1908.900024,1909.099976,1909.099976,15
2023-09-14,1903,1910,1903,1910,1910,169
2023-09-15,1923.5,1927.300049,1923.5,1923.699951,1923.699951,8
2023-09-18,1928.199951,1931.5,1926.400024,1931.5,1931.5,19
2023-09-19,1934,1934,1932,1932,1932,6
2023-09-20,1945.599976,1945.599976,1929.199951,1945.599976,1945.599976,119
2023-09-21,1924,1924,1919.199951,1919.199951,1919.199951,9
2023-09-22,1925.400024,1925.400024,1925.400024,1925.400024,1925.400024,1
2023-09-25,1916.599976,1916.599976,1916.599976,1916.599976,1916.599976,114
2023-09-26,1905,1905.099976,1900.400024,1900.400024,1900.400024,161
2023-09-27,1871.599976,1871.599976,1871.599976,1871.599976,1871.599976,12251
2023-09-28,1875.5,1878.199951,1856.699951,1860.400024,1860.400024,4654
2023-09-29,1864.300049,1872.300049,1846,1848.099976,1848.099976,1605
2023-10-02,1844.099976,1845.900024,1826.699951,1830,1830,2309
2023-10-03,1825,1830.900024,1816.800049,1824.599976,1824.599976,310
2023-10-04,1821.800049,1828.199951,1816.400024,1818.5,1818.5,357
2023-10-05,1826.300049,1826.300049,1815.599976,1816.599976,1816.599976,393
2023-10-06,1819,1831.800049,1809.400024,1830.199951,1830.199951,390
2023-10-09,1842.5,1861.5,1842.5,1849.5,1849.5,232
2023-10-10,1857,1861.400024,1852.800049,1861,1861,236
2023-10-11,1869.5,1874.599976,1869.099976,1872.800049,1872.800049,65
2023-10-12,1874.699951,1881.199951,1867,1869.300049,1869.300049,46
2023-10-13,1877.5,1930.099976,1877.5,1927.400024,1927.400024,43
2023-10-16,1910.400024,1921.099976,1910.300049,1921.099976,1921.099976,53
2023-10-17,1914.300049,1925.800049,1914.300049,1922.699951,1922.699951,103
2023-10-18,1935,1957.900024,1935,1955.300049,1955.300049,67
2023-10-19,1950.099976,1977.699951,1945.699951,1968.400024,1968.400024,1945
2023-10-20,1981.099976,1988.599976,1980.400024,1982.5,1982.5,557
2023-10-23,1976.199951,1978.900024,1972.900024,1976.300049,1976.300049,127
2023-10-24,1970.300049,1975,1970.300049,1975,1975,10
2023-10-25,1971.199951,1985.300049,1971.199951,1984.099976,1984.099976,97
2023-10-26,1988.199951,1988.199951,1980.400024,1987.199951,1987.199951,521
2023-10-27,1988.599976,1988.599976,1988.599976,1988.599976,1988.599976,372
2023-10-30,2004.099976,2004.099976,1992.5,1996.199951,1996.199951,157
2023-10-31,1996.5,2001,1983.699951,1985.199951,1985.199951,84
2023-11-01,1990.5,1990.5,1977.800049,1978.800049,1978.800049,41
2023-11-02,1989.099976,1990.300049,1979.5,1985.599976,1985.599976,39
2023-11-03,1989,1991.5,1989,1991.5,1991.5,12
2023-11-06,1981.599976,1981.599976,1977.400024,1981.599976,1981.599976,130
2023-11-07,1966.5,1966.800049,1960.699951,1966.800049,1966.800049,20
2023-11-08,1967.800049,1967.800049,1947.699951,1951.5,1951.5,43
2023-11-09,1951.699951,1964.199951,1945.300049,1964.199951,1964.199951,10
2023-11-10,1959.599976,1959.599976,1932.599976,1932.599976,1932.599976,375
2023-11-13,1939.900024,1947.199951,1934,1945.5,1945.5,191
2023-11-14,1965.800049,1965.800049,1961.800049,1961.800049,1961.800049,2
2023-11-15,1962.800049,1962.800049,1960,1960.099976,1960.099976,6
2023-11-16,1965.300049,1983.900024,1964.599976,1983.900024,1983.900024,39
2023-11-17,1982.5,1984,1979.800049,1981.599976,1981.599976,32
2023-11-20,1978.699951,1979.400024,1969.699951,1977.699951,1977.699951,182
2023-11-21,1990.699951,2005.5,1988.5,1999.300049,1999.300049,16
2023-11-22,1999.099976,1999.400024,1991,1991.400024,1991.400024,6075
2023-11-24,1991.900024,2002.199951,1991.5,2002.199951,2002.199951,63
2023-11-27,2011.699951,2011.800049,2011.699951,2011.800049,2011.800049,228
2023-11-28,2040.599976,2042.699951,2039.699951,2039.699951,2039.699951,174665
2023-11-29,2041.699951,2052.100098,2036,2047.099976,2047.099976,15290
2023-11-30,2046.099976,2047.099976,2033.099976,2038.099976,2038.099976,2506
2023-12-01,2038.300049,2073.199951,2036,2071,2071,614
2023-12-04,2075.300049,2130.199951,2021,2024.099976,2024.099976,1071
2023-12-05,2035.099976,2037,2010.199951,2018.5,2018.5,289
2023-12-06,2019.900024,2035.800049,2019,2030.5,2030.5,417
2023-12-07,2029.199951,2034.900024,2024,2029.900024,2029.900024,67
2023-12-08,2031.699951,2033.099976,1995,1998.300049,1998.300049,449
2023-12-11,2004.099976,2004.199951,1977.199951,1978,1978,651
2023-12-12,1984.199951,1994.199951,1977.800049,1977.800049,1977.800049,95
2023-12-13,1978.5,2024.800049,1975,1982.300049,1982.300049,2252
2023-12-14,2024.699951,2040.099976,2024.300049,2030.199951,2030.199951,236
2023-12-15,2032.599976,2043.400024,2018.300049,2021.099976,2021.099976,261
2023-12-18,2024.300049,2032.800049,2024,2026.300049,2026.300049,100
2023-12-19,2025.199951,2042.699951,2025.199951,2038.400024,2038.400024,498
2023-12-20,2037.099976,2037.099976,2030.300049,2034.5,2034.5,258
2023-12-21,2035.800049,2044.5,2033,2039.099976,2039.099976,228
2023-12-22,2055.699951,2068.699951,2052.199951,2057.100098,2057.100098,202
2023-12-26,2060,2060.800049,2054.199951,2058.199951,2058.199951,64
2023-12-27,2067.300049,2081.899902,2064.800049,2081.899902,2081.899902,586
2023-12-28,2081.600098,2087.300049,2066.5,2073.899902,2073.899902,338
2023-12-29,2068,2068.899902,2062.100098,2062.399902,2062.399902,47
2024-01-02,2063.5,2073.699951,2057.100098,2064.399902,2064.399902,61
2024-01-03,2034.199951,2044,2034.199951,2034.199951,2034.199951,54
2024-01-04,2041.599976,2044.5,2038,2042.300049,2042.300049,88
2024-01-05,2044.5,2048.100098,2042.400024,2042.400024,2042.400024,12
2024-01-08,2019.099976,2033.699951,2019.099976,2026.599976,2026.599976,10
2024-01-09,2035.800049,2035.800049,2026.400024,2026.400024,2026.400024,27
2024-01-10,2029,2035.599976,2021.699951,2021.699951,2021.699951,538
2024-01-11,2025.099976,2025.099976,2014.300049,2014.300049,2014.300049,97
2024-01-12,2031.099976,2057,2031.099976,2046.699951,2046.699951,390
2024-01-16,2051.699951,2054.800049,2026,2026,2026,46
2024-01-17,2026.5,2026.5,2002.599976,2002.599976,2002.599976,764
2024-01-18,2012.800049,2018.599976,2009.5,2018.599976,2018.599976,1474
2024-01-19,2023.199951,2036,2019.5,2026.5,2026.5,50
2024-01-22,2021.300049,2021.300049,2019.800049,2019.800049,2019.800049,12
2024-01-23,2030.300049,2030.300049,2022.5,2023.699951,2023.699951,15
2024-01-24,2023.199951,2033.199951,2013.900024,2013.900024,2013.900024,253
2024-01-25,2012.099976,2022.400024,2012.099976,2016.900024,2016.900024,548
2024-01-26,2021.699951,2022.400024,2016.800049,2016.800049,2016.800049,49
2024-01-29,2025.199951,2025.199951,2025.199951,2025.199951,2025.199951,150708
2024-01-30,2032.5,2048.5,2028.099976,2031.5,2031.5,26907
2024-01-31,2035.400024,2055,2030,2048.399902,2048.399902,2007
2024-02-01,2040.199951,2064.5,2029,2053,2053,947
2024-02-02,2054.800049,2055.899902,2027.699951,2036.099976,2036.099976,888
2024-02-05,2038.900024,2040.800049,2013.800049,2025.699951,2025.699951,412
2024-02-06,2025.900024,2037.300049,2025.900024,2034.5,2034.5,249
2024-02-07,2032.800049,2039.5,2032.699951,2035.199951,2035.199951,71
2024-02-08,2028,2036.699951,2020.300049,2032.199951,2032.199951,341
2024-02-09,2032,2032,2020,2023.300049,2023.300049,62
2024-02-12,2025.5,2025.5,2011.599976,2018.199951,2018.199951,317
2024-02-13,2025.099976,2025.800049,1990,1992.900024,1992.900024,198
2024-02-14,1990.300049,1993.5,1984.800049,1990.300049,1990.300049,1916
2024-02-15,1993.599976,2007.199951,1993.599976,2002.099976,2002.099976,286
2024-02-16,2005,2011.5,1996.5,2011.5,2011.5,32
2024-02-20,2015.599976,2029,2015.599976,2027.5,2027.5,1326
2024-02-21,2028.199951,2028.199951,2022.300049,2022.300049,2022.300049,15
2024-02-22,2033.199951,2033.199951,2019.699951,2019.699951,2019.699951,964
2024-02-23,2026,2038.599976,2014.900024,2038.599976,2038.599976,22
2024-02-26,2034.099976,2035.400024,2024.800049,2028.5,2028.5,143
2024-02-27,2035.900024,2035.900024,2034,2034,2034,964
2024-02-28,2029.5,2037,2024.800049,2033,2033,581
2024-02-29,2034.300049,2049.800049,2034.300049,2045.699951,2045.699951,706
2024-03-01,2043.099976,2086.899902,2041.800049,2086.899902,2086.899902,1210
2024-03-04,2083.600098,2119.800049,2080.699951,2117.699951,2117.699951,805
2024-03-05,2114.899902,2133.5,2111.399902,2133.5,2133.5,1287
2024-03-06,2125.5,2150.300049,2125.5,2150.300049,2150.300049,443
2024-03-07,2147,2163,2147,2158,2158,152
2024-03-08,2167.300049,2194.899902,2166.300049,2178.600098,2178.600098,259
2024-03-11,2181,2184,2177.199951,2182.5,2182.5,738
2024-03-12,2182.5,2182.699951,2160.399902,2160.399902,2160.399902,550
2024-03-13,2162.5,2175.399902,2162.5,2175.399902,2175.399902,20
2024-03-14,2163,2163,2162.300049,2163,2163,515
2024-03-15,2161.699951,2161.699951,2157.300049,2157.300049,2157.300049,100
2024-03-18,2146.199951,2160.699951,2146.199951,2160.699951,2160.699951,21
2024-03-19,2156.100098,2156.300049,2156.100098,2156.300049,2156.300049,12
2024-03-20,2157.300049,2185.899902,2150.899902,2157.899902,2157.899902,17
2024-03-21,2207,2211.600098,2182.399902,2182.399902,2182.399902,63
2024-03-22,2179.199951,2179.600098,2157.5,2158.100098,2158.100098,19
2024-03-25,2166.199951,2179.399902,2166.199951,2174.800049,2174.800049,79
2024-03-26,2182.699951,2182.699951,2175.600098,2175.600098,2175.600098,202373
2024-03-27,2179.399902,2196.199951,2172.100098,2190.600098,2190.600098,31200
2024-03-28,2193.600098,2234.100098,2187.100098,2217.399902,2217.399902,2040
2024-04-01,2235.699951,2264.199951,2230,2236.5,2236.5,400
2024-04-02,2252,2279.199951,2247.600098,2261,2261,435
2024-04-03,2281.699951,2298.800049,2267.899902,2294.399902,2294.399902,285
2024-04-04,2301.699951,2302.899902,2280,2288.800049,2288.800049,251
2024-04-05,2289.199951,2328.399902,2267.399902,2325.699951,2325.699951,344
2024-04-08,2325.600098,2341.800049,2319,2331.699951,2331.699951,202
2024-04-09,2337.800049,2364.699951,2337.800049,2343.5,2343.5,211
2024-04-10,2346.600098,2358.100098,2327.699951,2329.600098,2329.600098,377
2024-04-11,2341.5,2376.300049,2330.600098,2354.800049,2354.800049,283
2024-04-12,2377.300049,2429,2334.300049,2356.199951,2356.199951,584
2024-04-15,2362.100098,2384.699951,2326,2365.800049,2365.800049,1801
2024-04-16,2384,2390.800049,2371.399902,2390.800049,2390.800049,41
2024-04-17,2384.199951,2391.399902,2369.300049,2371.699951,2371.699951,37
2024-04-18,2368.399902,2384.399902,2368.399902,2382.300049,2382.300049,128
2024-04-19,2379.300049,2399.800049,2377.300049,2398.399902,2398.399902,160
2024-04-22,2383.300049,2383.300049,2326.899902,2332.199951,2332.199951,53
2024-04-23,2327.699951,2330.800049,2294.199951,2327.699951,2327.699951,171
2024-04-24,2321.300049,2328.699951,2314.600098,2324.5,2324.5,95
2024-04-25,2315,2329.800049,2305,2329.800049,2329.800049,1024
2024-04-26,2347.899902,2347.899902,2332.800049,2334.800049,2334.800049,717
2024-04-29,2334.800049,2345.5,2327.899902,2345.399902,2345.399902,405
2024-04-30,2322.5,2322.5,2291.399902,2291.399902,2291.399902,113
2024-05-01,2287.699951,2327.300049,2283.800049,2299.899902,2299.899902,42
2024-05-02,2321.699951,2324.699951,2292.300049,2299.199951,2299.199951,56
2024-05-03,2300,2301,2277.600098,2299,2299,194
2024-05-06,2322.800049,2325.5,2314.199951,2321.600098,2321.600098,9
2024-05-07,2324.300049,2324.300049,2315.199951,2315.199951,2315.199951,25
2024-05-08,2313.600098,2313.600098,2313.600098,2313.600098,2313.600098,4
2024-05-09,2310.699951,2339.5,2310.699951,2332.100098,2332.100098,5
2024-05-10,2367.300049,2367.300049,2367.300049,2367.300049,2367.300049,126
2024-05-13,2358.300049,2358.300049,2336.100098,2336.100098,2336.100098,14
2024-05-14,2336,2358,2336,2353.399902,2353.399902,6
2024-05-15,2361.600098,2388.699951,2356,2388.699951,2388.699951,29
2024-05-16,2389.5,2392.199951,2380,2380,2380,7
2024-05-17,2380.699951,2415.800049,2380.699951,2412.199951,2412.199951,213
2024-05-20,2415.800049,2435.800049,2409.699951,2433.899902,2433.899902,40
2024-05-21,2429.5,2429.5,2421,2421.699951,2421.699951,6
2024-05-22,2417.5,2417.600098,2375.800049,2389.199951,2389.199951,180
2024-05-23,2371.199951,2371.199951,2335,2335,2335,365
2024-05-24,2342.600098,2345.399902,2332.5,2332.5,2332.5,25
2024-05-28,2336.899902,2359.699951,2336.899902,2355.199951,2355.199951,26
2024-05-29,2340.300049,2340.300049,2340.300049,2340.300049,2340.300049,119317
2024-05-30,2336.899902,2349.5,2320.800049,2342.899902,2342.899902,32587
2024-05-31,2344.100098,2354,2319,2322.899902,2322.899902,941
2024-06-03,2322.600098,2347.5,2312,2346.600098,2346.600098,781
2024-06-04,2347.5,2347.699951,2313.899902,2325.5,2325.5,890
2024-06-05,2326.399902,2354.300049,2326.199951,2354.100098,2354.100098,295
2024-06-06,2355,2375.800049,2355,2370.300049,2370.300049,179
2024-06-07,2379.899902,2385.100098,2285.399902,2305.199951,2305.199951,269
2024-06-10,2290.600098,2309.300049,2290.5,2307.699951,2307.699951,69
2024-06-11,2300,2314.100098,2300,2307.5,2307.5,871
2024-06-12,2314.899902,2338.699951,2310.300049,2336,2336,132
2024-06-13,2309.399902,2317.699951,2296.199951,2300.199951,2300.199951,298
2024-06-14,2307,2331.399902,2305.800049,2331.399902,2331.399902,948
2024-06-17,2320.199951,2320.199951,2309.600098,2312.399902,2312.399902,110
2024-06-18,2311.800049,2330.399902,2311.800049,2330.399902,2330.399902,43
2024-06-20,2328.899902,2354,2328.300049,2353.800049,2353.800049,183
2024-06-21,2331.199951,2331.199951,2316.399902,2316.399902,2316.399902,76
2024-06-24,2323.300049,2332.899902,2322.699951,2330,2330,99
2024-06-25,2324.399902,2333,2316.600098,2316.600098,2316.600098,105
2024-06-26,2307.899902,2314.399902,2298,2299.199951,2299.199951,986
2024-06-27,2296.800049,2329,2295,2324.5,2324.5,1532
2024-06-28,2325.399902,2338.300049,2319,2327.699951,2327.699951,92
2024-07-01,2323.800049,2329.699951,2321.699951,2327.600098,2327.600098,237
2024-07-02,2330.699951,2334.600098,2323,2323,2323,30
2024-07-03,2330.899902,2361.600098,2330.899902,2359.800049,2359.800049,59
2024-07-05,2354.899902,2388.5,2354.899902,2388.5,2388.5,72
2024-07-08,2381.699951,2383.800049,2352.800049,2355.199951,2355.199951,64
2024-07-09,2363.100098,2363.699951,2360.100098,2360.100098,2360.100098,9
2024-07-10,2366.300049,2377,2365.800049,2372.199951,2372.199951,19
2024-07-11,2378.699951,2416.699951,2378.699951,2415,2415,72
2024-07-12,2399.800049,2414,2391.300049,2414,2414,355
2024-07-15,2430,2436,2422.899902,2422.899902,2422.899902,540
2024-07-16,2427.399902,2462.399902,2427.399902,2462.399902,2462.399902,93
2024-07-17,2472.899902,2473.100098,2454.800049,2454.800049,2454.800049,10
2024-07-18,2466,2466,2451.800049,2451.800049,2451.800049,2
2024-07-19,2418.800049,2419.199951,2395.5,2395.5,2395.5,15
2024-07-22,2402.100098,2402.100098,2392,2392,2392,18
2024-07-23,2395.800049,2404.600098,2388.699951,2404.600098,2404.600098,41
2024-07-24,2421,2421,2411.600098,2413.300049,2413.300049,6
2024-07-25,2365.5,2365.5,2351.899902,2351.899902,2351.899902,31
2024-07-26,2368.699951,2386.899902,2368.699951,2380,2380,95
2024-07-29,2377.300049,2377.300049,2377.300049,2377.300049,2377.300049,126409
2024-07-30,2380.899902,2409.300049,2373.800049,2405,2405,25944
2024-07-31,2407.100098,2447.600098,2402.800049,2426.5,2426.5,1313
2024-08-01,2446.699951,2455.100098,2430.399902,2435,2435,690
2024-08-02,2444,2477,2416,2425.699951,2425.699951,550
2024-08-05,2442,2449.800049,2367.399902,2401.699951,2401.699951,334
2024-08-06,2414.5,2421.800049,2380,2389.100098,2389.100098,163
2024-08-07,2392.199951,2401,2384.5,2390.5,2390.5,130
2024-08-08,2384.300049,2422.800049,2384.300049,2422.199951,2422.199951,201
2024-08-09,2422.300049,2432.100098,2418.5,2432.100098,2432.100098,611
2024-08-12,2432.699951,2469.800049,2432,2462.399902,2462.399902,566
2024-08-13,2461,2470,2456.5,2466.699951,2466.699951,510
2024-08-14,2468,2472.100098,2439.399902,2439.399902,2439.399902,274
2024-08-15,2451.800049,2467.699951,2431.199951,2453.100098,2453.100098,285
2024-08-16,2453.5,2508,2451.399902,2498.600098,2498.600098,197
2024-08-19,2508.5,2508.5,2487.199951,2501.800049,2501.800049,88
2024-08-20,2503.5,2527.300049,2500.699951,2511.300049,2511.300049,187
2024-08-21,2511,2515.399902,2503.899902,2508.399902,2508.399902,96
2024-08-22,2504.100098,2504.100098,2471.100098,2478.899902,2478.899902,210
2024-08-23,2486.5,2508.399902,2486.5,2508.399902,2508.399902,94
2024-08-26,2509.899902,2523.100098,2509.100098,2517.699951,2517.699951,290
2024-08-27,2515.199951,2523.100098,2506.899902,2516,2516,100
2024-08-28,2501,2501,2501,2501,2501,2353
2024-08-29,2504.100098,2525.699951,2503.899902,2525.699951,2525.699951,3966
2024-08-30,2519.5,2525.399902,2493.800049,2493.800049,2493.800049,208
2024-09-03,2501.600098,2501.800049,2476.300049,2489.899902,2489.899902,206
2024-09-04,2490.899902,2493.399902,2483.5,2493.399902,2493.399902,470
2024-09-05,2493.699951,2513.300049,2493.399902,2511.399902,2511.399902,54
2024-09-06,2510.300049,2517.899902,2483.699951,2493.5,2493.5,96
2024-09-09,2491.300049,2504.699951,2491.300049,2501.800049,2501.800049,96
2024-09-10,2512.300049,2512.300049,2512.300049,2512.300049,2512.300049,5
2024-09-11,2525.800049,2525.800049,2502.300049,2512.100098,2512.100098,90
2024-09-12,2529.100098,2557,2523.399902,2551.199951,2551.199951,132
2024-09-13,2568.800049,2581.800049,2565,2581.300049,2581.300049,31
2024-09-16,2580.399902,2580.399902,2580.399902,2580.399902,2580.399902,28
2024-09-17,2581.199951,2581.800049,2564.300049,2564.300049,2564.300049,22
2024-09-18,2570.699951,2570.699951,2549.199951,2570.699951,2570.699951,25
2024-09-19,2566,2588,2566,2588,2588,99
2024-09-20,2590.399902,2621.800049,2590.399902,2619.899902,2619.899902,17
2024-09-23,2626.5,2626.5,2626.5,2626.5,2626.5,9
2024-09-24,2636.800049,2662.300049,2625.5,2651.199951,2651.199951,35
2024-09-25,2656.300049,2664.199951,2649.300049,2659.199951,2659.199951,175
2024-09-26,2662.300049,2669.899902,2660.800049,2669.899902,2669.899902,17216
2024-09-27,2670,2672.100098,2641.699951,2644.300049,2644.300049,4228
2024-09-30,2660.899902,2662.100098,2623.199951,2636.100098,2636.100098,973
2024-10-01,2631.399902,2670.899902,2631.399902,2667.300049,2667.300049,153
2024-10-02,2650.600098,2657.199951,2640,2647.100098,2647.100098,72
2024-10-03,2642.800049,2657.100098,2640,2657.100098,2657.100098,354
2024-10-04,2656,2667,2639,2645.800049,2645.800049,114
2024-10-07,2648.699951,2657.399902,2639,2644.800049,2644.800049,284
2024-10-08,2639,2639,2609.300049,2615,2615,687
2024-10-09,2603,2607.699951,2603,2606,2606,152
2024-10-10,2602.5,2628.300049,2602.5,2620.600098,2620.600098,320
2024-10-11,2638.300049,2658.100098,2638.199951,2657.600098,2657.600098,12
2024-10-14,2655,2655.300049,2647.800049,2647.800049,2647.800049,40
2024-10-15,2661.399902,2661.399902,2661.399902,2661.399902,2661.399902,39
2024-10-16,2674,2674,2674,2674,2674,6
2024-10-17,2677.399902,2691.699951,2677.199951,2691,2691,30
2024-10-18,2713.699951,2719.600098,2713.699951,2713.699951,2713.699951,29
2024-10-21,2721.899902,2738.399902,2719.5,2723.100098,2723.100098,52
2024-10-22,2731.699951,2746,2728.600098,2744.199951,2744.199951,93
2024-10-23,2742.5,2742.5,2714.199951,2714.399902,2714.399902,18
2024-10-24,2729,2736.100098,2729,2734.899902,2734.899902,27
2024-10-25,2725.5,2742.399902,2725.5,2740.899902,2740.899902,29
2024-10-28,2736.100098,2742.899902,2729.5,2742.899902,2742.899902,56
2024-10-29,2768.399902,2768.399902,2768.399902,2768.399902,2768.399902,848
2024-10-30,2774.600098,2789,2774.600098,2788.5,2788.5,231
2024-10-31,2787.399902,2787.5,2733.5,2738.300049,2738.300049,849
2024-11-01,2745.5,2756,2734.199951,2738.600098,2738.600098,109
2024-11-04,2736.5,2737.100098,2736.100098,2736.100098,2736.100098,16
2024-11-05,2743,2743.899902,2740.300049,2740.300049,2740.300049,23
2024-11-06,2734.5,2734.5,2659.399902,2667.600098,2667.600098,427
2024-11-07,2662.5,2699.100098,2662.5,2698.399902,2698.399902,676
2024-11-08,2688.5,2694.600098,2682.899902,2687.5,2687.5,1038
2024-11-11,2671.699951,2671.699951,2611.199951,2611.199951,2611.199951,20
2024-11-12,2605.5,2605.5,2592.800049,2600,2600,118
2024-11-13,2611.100098,2611.800049,2580.800049,2580.800049,2580.800049,53
2024-11-14,2555.100098,2576.199951,2554.199951,2568.199951,2568.199951,27
2024-11-15,2565.699951,2565.699951,2565.699951,2565.699951,2565.699951,20
2024-11-18,2591.699951,2610.699951,2589.399902,2610.600098,2610.600098,136
2024-11-19,2621.899902,2627.699951,2619.300049,2627.100098,2627.100098,87
2024-11-20,2638.5,2648.199951,2638.5,2648.199951,2648.199951,27
2024-11-21,2659.300049,2672.100098,2655.699951,2672.100098,2672.100098,33
2024-11-22,2687.5,2710.5,2685.600098,2709.899902,2709.899902,41
2024-11-25,2689.399902,2689.399902,2616.800049,2616.800049,2616.800049,94
2024-11-26,2625.600098,2625.600098,2620.300049,2620.300049,2620.300049,177858
2024-11-27,2633.5,2657.899902,2627.199951,2639.899902,2639.899902,61653
2024-11-29,2636.399902,2664.300049,2620.699951,2657,2657,3861
2024-12-02,2649,2649.800049,2621.699951,2634.899902,2634.899902,695
2024-12-03,2639,2654.699951,2636,2644.699951,2644.699951,1062
2024-12-04,2639.199951,2658.300049,2637,2653.800049,2653.800049,249
2024-12-05,2652.399902,2655,2625.699951,2626.600098,2626.600098,573
2024-12-06,2620.199951,2643.100098,2617.5,2638.600098,2638.600098,571
2024-12-09,2632.100098,2677.100098,2630.800049,2664.899902,2664.899902,935
2024-12-10,2662.300049,2698.199951,2661,2697.600098,2697.600098,437
2024-12-11,2701.800049,2733.800049,2693.100098,2733.800049,2733.800049,3387
2024-12-12,2725.100098,2725.100098,2677.399902,2687.5,2687.5,2365
2024-12-13,2688.199951,2689.300049,2647.899902,2656,2656,1125
2024-12-16,2658.300049,2663.300049,2651,2651.399902,2651.399902,877
2024-12-17,2651.800049,2652.300049,2632.5,2644.399902,2644.399902,705
2024-12-18,2644.300049,2647.100098,2590.199951,2636.5,2636.5,566
2024-12-19,2582.100098,2610.300049,2582.100098,2592.199951,2592.199951,238
2024-12-20,2605.300049,2631.600098,2604.899902,2628.699951,2628.699951,592
2024-12-23,2620,2627.699951,2611.100098,2612.300049,2612.300049,451
2024-12-24,2613,2620,2609.5,2620,2620,35
2024-12-26,2628.5,2638.800049,2627.899902,2638.800049,2638.800049,84
2024-12-27,2617.699951,2617.699951,2616.399902,2617.199951,2617.199951,642
2024-12-30,2620.699951,2626.899902,2597,2606.100098,2606.100098,794
2024-12-31,2608.399902,2629.199951,2604.899902,2629.199951,2629.199951,401
2025-01-02,2633,2663.100098,2633,2658.899902,2658.899902,1728
2025-01-03,2658.699951,2658.699951,2641.800049,2645,2645,591
2025-01-06,2645.5,2647,2617.300049,2638.399902,2638.399902,960
2025-01-07,2653.399902,2657.5,2653,2656.699951,2656.699951,643
2025-01-08,2655.5,2676.899902,2653.5,2664.5,2664.5,999
2025-01-09,2669.699951,2686.300049,2667.899902,2683.800049,2683.800049,1139
2025-01-10,2686.100098,2720.100098,2683.699951,2708.5,2708.5,403
2025-01-13,2711.100098,2711.199951,2673.5,2673.5,2673.5,765
2025-01-14,2673.600098,2688.300049,2670.800049,2677.5,2677.5,794
2025-01-15,2690.800049,2712.5,2690.800049,2712.5,2712.5,930
2025-01-16,2731.699951,2749.800049,2731.699951,2746.399902,2746.399902,1721
2025-01-17,2736,2751.600098,2725.5,2744.300049,2744.300049,1214
2025-01-21,2746,2755,2724.800049,2755,2755,1439
2025-01-22,2754.5,2768.800049,2753.5,2767.600098,2767.600098,2079
2025-01-23,2760,2765,2745.399902,2763.100098,2763.100098,2201
2025-01-24,2759.800049,2792,2759.800049,2777.300049,2777.300049,1593
2025-01-27,2761.100098,2762.199951,2737.5,2737.5,2737.5,984
2025-01-28,2738,2766.800049,2738,2766.800049,2766.800049,2307
2025-01-29,2769.100098,2769.100098,2769.100098,2769.100098,2769.100098,125692
2025-01-30,2772.5,2829.5,2770,2823,2823,40141
2025-01-31,2829,2838,2804,2812.5,2812.5,3443
2025-02-03,2818.199951,2848.399902,2780.899902,2833.899902,2833.899902,2649
2025-02-04,2827.600098,2853.300049,2816.100098,2853.300049,2853.300049,2187
2025-02-05,2850,2880.5,2848,2871.600098,2871.600098,4519
2025-02-06,2865.199951,2871.699951,2836.300049,2856,2856,3116
2025-02-07,2859.899902,2889.5,2857.800049,2867.300049,2867.300049,1822
2025-02-10,2864.199951,2916.100098,2863.800049,2914.300049,2914.300049,2237
2025-02-11,2925.5,2945.399902,2890,2912.5,2912.5,2554
2025-02-12,2902,2912.300049,2868.600098,2909,2909,2504
2025-02-13,2911.300049,2937.699951,2910.600098,2925.899902,2925.899902,4670
2025-02-14,2937.300049,2944.399902,2874.800049,2883.600098,2883.600098,1992
2025-02-18,2879.199951,2936.399902,2873.800049,2931.600098,2931.600098,4010
2025-02-19,2938.699951,2946,2917.100098,2919.399902,2919.399902,2630
2025-02-20,2949.100098,2955.800049,2924.199951,2940,2940,656
2025-02-21,2938.800049,2940,2917.300049,2937.600098,2937.600098,570
2025-02-24,2933.100098,2957.899902,2933.100098,2947.899902,2947.899902,415
2025-02-25,2938.699951,2943.199951,2890,2904.5,2904.5,1854
2025-02-26,2913.5,2917,2913,2916.800049,2916.800049,2050
2025-02-27,2918.5,2922.800049,2870.399902,2883.199951,2883.199951,3215
2025-02-28,2877.100098,2877.100098,2834.100098,2836.800049,2836.800049,990
2025-03-03,2872.699951,2891.800049,2863.399902,2890.199951,2890.199951,423
2025-03-04,2886.100098,2927.899902,2886.100098,2909.600098,2909.600098,885
2025-03-05,2916.699951,2922,2893,2915.300049,2915.300049,551
2025-03-06,2904,2918.600098,2903.800049,2916.600098,2916.600098,870
2025-03-07,2900.899902,2927.300049,2900.5,2904.699951,2904.699951,531
2025-03-10,2910.100098,2915.100098,2880.199951,2891,2891,55
2025-03-11,2884.399902,2916.699951,2880.399902,2912.899902,2912.899902,197
2025-03-12,2912,2939.100098,2910,2939.100098,2939.100098,213
2025-03-13,2937.100098,2988,2935.199951,2984.300049,2984.300049,2366
2025-03-14,2994.399902,3004.800049,2986,2994.5,2994.5,1800
2025-03-17,2991,3001.5,2989,3000,3000,214
2025-03-18,3006.399902,3039.199951,3004.399902,3035.100098,3035.100098,428
2025-03-19,3035.199951,3050.899902,3030.899902,3035.899902,3035.899902,175
2025-03-20,3047.300049,3047.300049,3034.399902,3040,3040,185
2025-03-21,3034.5,3037.5,3000.899902,3018.199951,3018.199951,151
2025-03-24,3024.300049,3024.300049,3006,3013.100098,3013.100098,137
2025-03-25,3026.399902,3028.800049,3023.699951,3023.699951,3023.699951,74
2025-03-26,3033.199951,3033.199951,3019.5,3020.899902,3020.899902,83
2025-03-27,3025.5,3065,3025.5,3060.199951,3060.199951,124359
2025-03-28,3069.699951,3094.899902,3066.800049,3086.5,3086.5,31206
2025-03-31,3091,3132.5,3086,3122.800049,3122.800049,3438
2025-04-01,3129.699951,3149.5,3104,3118.899902,3118.899902,1721
2025-04-02,3120.699951,3168.600098,3117.399902,3139.899902,3139.899902,5946
2025-04-03,3150,3166.899902,3052,3097,3097,5516
2025-04-04,3110.5,3127.699951,3011,3012,3012,3247
2025-04-07,3016.399902,3050.800049,2949.699951,2951.300049,2951.300049,4424
2025-04-08,2994,3014.5,2968.399902,2968.399902,2968.399902,3213
2025-04-09,2965.800049,3090.399902,2965.800049,3056.5,3056.5,2175
2025-04-10,3073.899902,3167,3072.100098,3155.199951,3155.199951,3456
2025-04-11,3182.100098,3235,3182.100098,3222.199951,3222.199951,862
2025-04-14,3215.5,3228.800049,3194.5,3204.800049,3204.800049,263
2025-04-15,3216,3218.699951,3214,3218.699951,3218.699951,390
2025-04-16,3238.300049,3334.899902,3238.300049,3326.600098,3326.600098,1874
2025-04-17,3345,3345,3287.800049,3308.699951,3308.699951,824
2025-04-21,3342.199951,3418.5,3342.199951,3406.199951,3406.199951,78
2025-04-22,3422.199951,3485.600098,3361.699951,3400.800049,3400.800049,785
2025-04-23,3321.199951,3370.300049,3256.199951,3276.300049,3276.300049,331
2025-04-24,3305.399902,3353.899902,3304.899902,3332,3332,560
2025-04-25,3355.5,3355.5,3266.100098,3282.399902,3282.399902,162
2025-04-28,3284.5,3332.5,3284.5,3332.5,3332.5,1300
2025-04-29,3340,3340,3299.899902,3318.800049,3318.800049,1278
2025-04-30,3318.699951,3318.699951,3268,3305,3305,207
2025-05-01,3272.899902,3275,3198.600098,3210,3210,2131
2025-05-02,3239.899902,3257,3225,3231.899902,3231.899902,1349
2025-05-05,3242.699951,3315.699951,3239.699951,3311.300049,3311.300049,244
2025-05-06,3365.5,3430.899902,3356.800049,3411.399902,3411.399902,2357
2025-05-07,3418.699951,3418.699951,3364.699951,3381.399902,3381.399902,1080
2025-05-08,3390,3390,3288.699951,3296.600098,3296.600098,200
2025-05-09,3299,3335.5,3299,3335.399902,3335.399902,216
2025-05-12,3300.699951,3300.699951,3205,3220,3220,886
2025-05-13,3232,3251.399902,3223.5,3240.300049,3240.300049,2424
2025-05-14,3233,3233,3171.699951,3181.399902,3181.399902,3518
2025-05-15,3151,3228.100098,3125,3220.699951,3220.699951,652
2025-05-16,3227.699951,3228.100098,3173.899902,3182,3182,199
2025-05-19,3234.399902,3241,3228.300049,3228.899902,3228.899902,266
2025-05-20,3219,3293.199951,3207.5,3280.300049,3280.300049,356
2025-05-21,3293.399902,3317.5,3290.199951,3309.300049,3309.300049,979
2025-05-22,3327.300049,3328,3282.699951,3292.300049,3292.300049,1210
2025-05-23,3328,3363.600098,3323.5,3363.600098,3363.600098,47
2025-05-27,3332.5,3341,3296.300049,3299.100098,3299.100098,189
2025-05-28,3293.600098,3293.600098,3293.600098,3293.600098,3293.600098,127758
2025-05-29,3283.699951,3328.800049,3242.399902,3317.100098,3317.100098,24370
2025-05-30,3315.100098,3318,3270.899902,3288.899902,3288.899902,2213
2025-06-02,3296.899902,3380.800049,3296.899902,3370.600098,3370.600098,976
2025-06-03,3385.100098,3390,3331.300049,3350.199951,3350.199951,6410
2025-06-04,3355,3380,3344,3373.5,3373.5,207
2025-06-05,3371.5,3400,3343.699951,3350.699951,3350.699951,731
2025-06-06,3364.300049,3364.300049,3306,3322.699951,3322.699951,81
2025-06-09,3315.600098,3334.600098,3290,3332.100098,3332.100098,1887
2025-06-10,3302,3344.300049,3302,3320.899902,3320.899902,65
2025-06-11,3328,3356,3321.300049,3321.300049,3321.300049,2106
2025-06-12,3363,3395.899902,3353.399902,3380.899902,3380.899902,1818
2025-06-13,3407.300049,3444,3407.300049,3431.199951,3431.199951,499
2025-06-16,3442,3442,3385.399902,3396.399902,3396.399902,480
2025-06-17,3398.300049,3398.300049,3376.100098,3386.600098,3386.600098,1477
2025-06-18,3385.300049,3391.899902,3365.100098,3389.800049,3389.800049,0
2025-06-20,3350,3372.899902,3341,3368.100098,3368.100098,709
2025-06-23,3365.899902,3387.899902,3350,3377.699951,3377.699951,30
2025-06-24,3358,3358,3301,3317.399902,3317.399902,538
2025-06-25,3321.600098,3331.199951,3310.600098,3327.100098,3327.100098,373
2025-06-26,3332.399902,3333.5,3332.399902,3333.5,3333.5,2058
2025-06-27,3318.699951,3318.699951,3253.800049,3273.699951,3273.699951,284
2025-06-30,3265.899902,3306.899902,3262,3294.399902,3294.399902,1242
2025-07-01,3310.100098,3354.100098,3310.100098,3336.699951,3336.699951,371
2025-07-02,3329,3357.5,3329,3348,3348,39
2025-07-03,3362,3362,3322.300049,3331.600098,3331.600098,0
2025-07-04,3342,3342,3332.5,3332.5,3332.5,0
2025-07-07,3305.5,3333.300049,3299.199951,3332.199951,3332.199951,254
2025-07-08,3330.399902,3334.5,3287.600098,3307,3307,909
2025-07-09,3289.399902,3314,3282,3311.600098,3311.600098,114
2025-07-10,3323.600098,3330.5,3311.600098,3317.399902,3317.399902,209
2025-07-11,3330.5,3370,3330.5,3356,3356,776
2025-07-14,3367,3375.5,3350,3351.5,3351.5,583
2025-07-15,3341,3341,3329.800049,3329.800049,3329.800049,210
2025-07-16,3341.199951,3352.899902,3329.5,3352.5,3352.5,10
2025-07-17,3313.800049,3340.800049,3313.800049,3340.100098,3340.100098,667
2025-07-18,3338.199951,3353,3338.199951,3353,3353,602
2025-07-21,3350.300049,3411.699951,3350.300049,3401.899902,3401.899902,53
2025-07-22,3411,3441,3395.600098,3439.199951,3439.199951,39
2025-07-23,3430.300049,3433.899902,3388.100098,3394.100098,3394.100098,63
2025-07-24,3367,3371,3367,3371,3371,1175
2025-07-25,3344,3345,3326.5,3334,3334,67
2025-07-28,3326.600098,3326.800049,3309.100098,3309.100098,3309.100098,533
2025-07-29,3323.399902,3323.399902,3323.399902,3323.399902,3323.399902,113144
2025-07-30,3325.800049,3331.800049,3263.899902,3295.800049,3295.800049,19252
2025-07-31,3272.899902,3312,3272.899902,3293.199951,3293.199951,3704
2025-08-01,3286.199951,3360.600098,3281,3347.699951,3347.699951,3420
2025-08-04,3367.600098,3386.5,3347.399902,3374.399902,3374.399902,351
2025-08-05,3378.5,3387.199951,3351.199951,3381.899902,3381.899902,915
2025-08-06,3380.699951,3383.300049,3361.300049,3380,3380,1492
2025-08-07,3384.899902,3422.899902,3384.899902,3400.300049,3400.300049,5464
2025-08-08,3438.800049,3477,3402.5,3439.100098,3439.100098,7657
2025-08-11,3383.899902,3383.899902,3349.199951,3353.100098,3353.100098,1488
2025-08-12,3356.199951,3356.199951,3330.100098,3348.899902,3348.899902,1611
2025-08-13,3358.800049,3363.399902,3358.699951,3358.699951,3358.699951,1011
2025-08-14,3346.800049,3356,3328.899902,3335.199951,3335.199951,592
2025-08-15,3346.800049,3346.800049,3335.899902,3336,3336,1185
2025-08-18,3333.5,3347.800049,3331.699951,3331.699951,3331.699951,646
2025-08-19,3330.199951,3343.5,3313.399902,3313.399902,3313.399902,1655
2025-08-20,3310.600098,3343.5,3310.100098,3343.399902,3343.399902,1213
2025-08-21,3349.399902,3349.399902,3326.5,3336.899902,3336.899902,142
2025-08-22,3349.399902,3377.699951,3349.399902,3374.399902,3374.399902,1240
2025-08-25,3366,3378,3366,3373.800049,3373.800049,1044
2025-08-26,3378.899902,3396.5,3371.100098,3388.600098,3388.600098,905
2025-08-27,3397,3404.600098,3382,3404.600098,3404.600098,3222
2025-08-28,3409,3434.600098,3400,3431.800049,3431.800049,1035
2025-08-29,3432.5,3475.600098,3426.600098,3473.699951,3473.699951,0
2025-09-02,3485.699951,3559.199951,3485.699951,3549.399902,3549.399902,658
2025-09-03,3554.800049,3593.699951,3553.199951,3593.199951,3593.199951,72
2025-09-04,3549.899902,3573.600098,3549.899902,3565.800049,3565.800049,237
2025-09-05,3567.800049,3613.199951,3567.800049,3613.199951,3613.199951,925
2025-09-08,3594.5,3641,3590,3638.100098,3638.100098,97
2025-09-09,3647.100098,3670.399902,3627.800049,3643.300049,3643.300049,535
2025-09-10,3625,3655.399902,3620.800049,3643.600098,3643.600098,136
2025-09-11,3632.899902,3636.899902,3618.399902,3636.899902,3636.899902,307
2025-09-12,3655.5,3656.800049,3643,3649.399902,3649.399902,1300
2025-09-15,3640,3686.399902,3635.100098,3682.199951,3682.199951,210
2025-09-16,3681.399902,3698.600098,3681.399902,3688.899902,3688.899902,373
2025-09-17,3669,3685.199951,3661.600098,3681.800049,3681.800049,183
2025-09-18,3654.600098,3667.399902,3637,3643.699951,3643.699951,80
2025-09-19,3659,3685.899902,3658.199951,3671.5,3671.5,211
2025-09-22,3688.199951,3748.199951,3688,3740.699951,3740.699951,410
2025-09-23,3747,3786,3740,3780.600098,3780.600098,627
2025-09-24,3769.800049,3772.5,3732.100098,3732.100098,3732.100098,588
2025-09-25,3742.800049,3756,3724.699951,3736.899902,3736.899902,1899
2025-09-26,3775.300049,3775.300049,3775.300049,3775.300049,3775.300049,19308
2025-09-29,3754.800049,3827.600098,3754.800049,3820.899902,3820.899902,8860
2025-09-30,3827.5,3865.5,3793.399902,3840.800049,3840.800049,1611
2025-10-01,3863.5,3891.899902,3853.300049,3867.5,3867.5,1778
2025-10-02,3856.199951,3888.600098,3823.699951,3839.699951,3839.699951,3418
2025-10-03,3855.199951,3886.800049,3853.699951,3880.800049,3880.800049,392
2025-10-06,3931.300049,3960,3926.800049,3948.5,3948.5,1267
2025-10-07,3959.399902,3981.5,3940,3976.600098,3976.600098,2903
2025-10-08,3987.199951,4049.199951,3987.199951,4043.300049,4043.300049,2179
2025-10-09,4011.199951,4046.199951,3940,3946.300049,3946.300049,3130
2025-10-10,3957,4012,3945.5,3975.899902,3975.899902,1697
2025-10-13,4016,4111,4016,4108.600098,4108.600098,1697
2025-10-14,4131.700195,4160.100098,4085.800049,4138.700195,4138.700195,2424
2025-10-15,4145,4210.600098,4145,4176.899902,4176.899902,3287
2025-10-16,4198.799805,4307,4196.600098,4280.200195,4280.200195,4705
2025-10-17,4354.700195,4358,4182.200195,4189.899902,4189.899902,4060
2025-10-20,4244.100098,4356.600098,4214.600098,4336.399902,4336.399902,1750
2025-10-21,4332.700195,4332.700195,4087.699951,4087.699951,4087.699951,2943
2025-10-22,4109.700195,4148.5,4006,4044.399902,4044.399902,1237
2025-10-23,4078.399902,4136.799805,4070.699951,4125.5,4125.5,354
2025-10-24,4117.5,4120.600098,4074.899902,4118.399902,4118.399902,123
2025-10-27,4060,4078.600098,3971.300049,4001.899902,4001.899902,220
2025-10-28,3929.699951,3966.199951,3923.600098,3966.199951,3966.199951,219
2025-10-29,3983.699951,3983.699951,3983.699951,3983.699951,3983.699951,1344
2025-10-30,3960,4027.199951,3913.699951,4001.300049,4001.300049,935
2025-10-31,4034.5,4034.5,3976.600098,3982.199951,3982.199951,559
2025-11-03,3976.199951,4020,3959,4000.300049,4000.300049,0
2025-11-04,3994.199951,3995.399902,3927.399902,3947.699951,3947.699951,657
2025-11-05,3929.899902,3983.5,3929.899902,3980.300049,3980.300049,559
2025-11-06,4004,4007.5,3979.899902,3979.899902,3979.899902,650
2025-11-07,3980.800049,3999.399902,3980.800049,3999.399902,3999.399902,245
2025-11-10,4060,4111.799805,4060,4111.799805,4111.799805,189
2025-11-11,4140.100098,4140.100098,4106.799805,4106.799805,4106.799805,569
2025-11-12,4115.600098,4204.399902,4102.899902,4204.399902,4204.399902,396
2025-11-13,4228.700195,4228.700195,4163.700195,4186.899902,4186.899902,167
2025-11-14,4197.700195,4197.899902,4047,4087.600098,4087.600098,483
2025-11-17,4070,4099.5,4019.399902,4068.300049,4068.300049,1552
2025-11-18,4037.399902,4063.399902,4035.600098,4061.300049,4061.300049,1375
2025-11-19,4086.100098,4122.700195,4072,4077.699951,4077.699951,486
2025-11-20,4045,4090.399902,4040.199951,4056.5,4056.5,202
2025-11-21,4031.800049,4085.199951,4031.800049,4076.699951,4076.699951,171
2025-11-24,4060.5,4091.899902,4060.5,4091.899902,4091.899902,591
2025-11-25,4139.200195,4139.200195,4139.200195,4139.200195,4139.200195,132704
2025-11-26,4128.600098,4171,4127.5,4165.200195,4165.200195,25088
2025-11-28,4163.399902,4223.899902,4140,4218.299805,4218.299805,3615
2025-12-01,4218.5,4262.100098,4214.899902,4239.299805,4239.299805,913
2025-12-02,4230.5,4230.5,4167,4186.600098,4186.600098,366
2025-12-03,4215.700195,4234.100098,4195.700195,4199.299805,4199.299805,1897
2025-12-04,4211,4211.799805,4175,4211.799805,4211.799805,616
2025-12-05,4204.100098,4255.700195,4194.5,4212.899902,4212.899902,533
2025-12-08,4205.5,4215.799805,4175.5,4187.200195,4187.200195,318
2025-12-09,4190.700195,4219.700195,4177.700195,4206.700195,4206.700195,660
2025-12-10,4209,4234.5,4183.600098,4196.399902,4196.399902,692
2025-12-11,4224,4286.899902,4214.299805,4285.5,4285.5,528
2025-12-12,4276.399902,4355,4260,4300.100098,4300.100098,1531
2025-12-15,4308.299805,4349.200195,4292.899902,4306.700195,4306.700195,854
2025-12-16,4270.5,4321.399902,4270.5,4304.5,4304.5,1796
2025-12-17,4308.5,4351.399902,4308.5,4347.5,4347.5,2169
2025-12-18,4331,4348.100098,4328.200195,4339.5,4339.5,705
2025-12-19,4350.100098,4361.399902,4350.100098,4361.399902,4361.399902,1065
2025-12-22,4371.100098,4447.600098,4371.100098,4444.600098,4444.600098,449
2025-12-23,4503.299805,4503.799805,4450.399902,4482.799805,4482.799805,694
2025-12-24,4500.700195,4503.399902,4468.399902,4480.600098,4480.600098,500
2025-12-26,4512,4556.299805,4502,4529.100098,4529.100098,263
2025-12-29,4371.5,4379,4325.100098,4325.100098,4325.100098,2044
2025-12-30,4346.399902,4403.600098,4338,4370.100098,4370.100098,1837
2025-12-31,4333.5,4363.799805,4285,4325.600098,4325.600098,785
2026-01-02,4350.600098,4350.600098,4314.399902,4314.399902,4314.399902,589
2026-01-05,4386.700195,4443.5,4384.799805,4436.899902,4436.899902,618
2026-01-06,4449.700195,4482.200195,4449,4482.200195,4482.200195,459
2026-01-07,4450,4450,4449.299805,4449.299805,4449.299805,972
2026-01-08,4460.200195,4461.299805,4418,4449.700195,4449.700195,2423
2026-01-09,4473,4490.299805,4473,4490.299805,4490.299805,237
2026-01-12,4579.100098,4620,4577.799805,4604.299805,4604.299805,156
2026-01-13,4578.600098,4617.100098,4578.600098,4589.200195,4589.200195,239
2026-01-14,4610.299805,4635,4608.200195,4626.299805,4626.299805,1313
2026-01-15,4612.899902,4616.299805,4612.899902,4616.299805,4616.299805,4358
2026-01-16,4608,4608,4588.399902,4588.399902,4588.399902,352
2026-01-20,4662.200195,4764,4661.799805,4759.600098,4759.600098,175
2026-01-21,4863.5,4872.299805,4771.5,4831.799805,4831.799805,1706
2026-01-22,4791.899902,4908.799805,4791.899902,4908.799805,4908.799805,1175
2026-01-23,4949.600098,4976.200195,4936,4976.200195,4976.200195,169
2026-01-26,5081.5,5095.600098,5052.200195,5079.700195,5079.700195,180
2026-01-27,5079.899902,5079.899902,5079.899902,5079.899902,5079.899902,34
2026-01-28,5301.600098,5301.600098,5301.600098,5301.600098,5301.600098,112054
2026-01-29,5415.700195,5586.200195,5097.5,5318.399902,5318.399902,23709
2026-01-30,5376.399902,5440.5,4700,4713.899902,4713.899902,8374
2026-02-02,4807.700195,4855.799805,4400,4622.5,4622.5,3588
2026-02-03,4680,4984.600098,4674.299805,4903.700195,4903.700195,1213
2026-02-04,4923.299805,5082.200195,4897.899902,4920.399902,4920.399902,3886
2026-02-05,5008.700195,5012.299805,4786,4861.399902,4861.399902,793
2026-02-06,4762,4958.5,4655,4951.200195,4951.200195,1386
2026-02-09,5017.399902,5065.700195,4979.100098,5050.899902,5050.899902,170
2026-02-10,5013.5,5029,5002.700195,5003.799805,5003.799805,281
2026-02-11,5049.899902,5111.299805,5041.299805,5071.600098,5071.600098,2681
2026-02-12,5060.399902,5078.100098,4892,4923.700195,4923.700195,484
2026-02-13,4953,5043.899902,4946.200195,5022,5022,232
2026-02-17,5020,5020,4847.799805,4882.899902,4882.899902,540
2026-02-18,4872.200195,4987,4869.5,4986.5,4986.5,544
2026-02-19,5014.700195,5014.700195,4975.899902,4975.899902,4975.899902,37
2026-02-20,5039.5,5072.700195,5039.5,5059.299805,5059.299805,134
2026-02-23,5120.299805,5211.600098,5120.299805,5204.700195,5204.700195,779
2026-02-24,5158.799805,5159,5112.700195,5155.799805,5155.799805,88
2026-02-25,5166,5206.399902,5166,5206.399902,5206.399902,1772
2026-02-26,5177.200195,5199.200195,5143.899902,5176.5,5176.5,1520
2026-02-27,5186.700195,5280,5176.700195,5230.5,5230.5,354
2026-03-02,5346.600098,5405,5266.299805,5294.399902,5294.399902,72
2026-03-03,5298.700195,5303.799805,5023,5107.399902,5107.399902,1776
2026-03-04,5130.700195,5180.200195,5117.200195,5120.200195,5120.200195,679
2026-03-05,5169.5,5169.5,5054.700195,5065.299805,5065.299805,1701
2026-03-06,5121,5146.100098,5076.100098,5146.100098,5146.100098,148
2026-03-09,5155,5160.600098,5077.700195,5091.5,5091.5,639
2026-03-10,5138.200195,5229.700195,5137.600098,5229.700195,5229.700195,4300
2026-03-11,5190.799805,5191.299805,5167.399902,5167.399902,5167.399902,633
2026-03-12,5137.200195,5137.200195,5115.799805,5115.799805,5115.799805,410
2026-03-13,5089.600098,5117,5009.5,5052.5,5052.5,479
2026-03-16,5001.600098,5010.600098,4994,4994,4994,130
2026-03-17,5017.600098,5017.600098,4994.200195,5001,5001,239
2026-03-18,4949.600098,4949.600098,4821.700195,4889.899902,4889.899902,1461
2026-03-19,4830.299805,4830.299805,4554,4600.700195,4600.700195,627
2026-03-20,4686.899902,4686.899902,4570.399902,4570.399902,4570.399902,235
2026-03-23,4353,4480.399902,4100.799805,4404.100098,4404.100098,544
2026-03-24,4338.700195,4399.299805,4325.200195,4399.299805,4399.299805,378
2026-03-25,4549,4551.899902,4541.799805,4549.799805,4549.799805,388
2026-03-26,4441.5,4443.100098,4375.5,4375.5,4375.5,1070
2026-03-27,4492,4492,4492,4492,4492,74348
2026-03-30,4482.799805,4579.100098,4413.399902,4526,4526,10816
2026-03-31,4510,4684.100098,4508.600098,4647.600098,4647.600098,4264
2026-04-01,4668.399902,4789.100098,4668,4783.200195,4783.200195,1637
2026-04-02,4764.899902,4784.399902,4558.899902,4651.5,4651.5,0
2026-04-06,4656.100098,4689.600098,4605,4656.799805,4656.799805,148
2026-04-07,4624.899902,4676.299805,4608,4657.100098,4657.100098,327
2026-04-08,4760,4851,4738.799805,4749.5,4749.5,405
2026-04-09,4711,4799.100098,4711,4792.200195,4792.200195,1277
2026-04-10,4745.899902,4791,4744.899902,4761.899902,4761.899902,812
2026-04-13,4704,4742.399902,4704,4742.399902,4742.399902,32
2026-04-14,4770.100098,4841.600098,4770.100098,4825,4825,288
2026-04-15,4843.600098,4843.600098,4798,4800,4800,182
2026-04-16,4810.899902,4810.899902,4785.399902,4785.399902,4785.399902,805
2026-04-17,4771.600098,4879.700195,4767.200195,4857.600098,4857.600098,1902
2026-04-20,4793.899902,4811,4770,4806.600098,4806.600098,724
2026-04-21,4698.399902,4705,4676.399902,4698.399902,4698.399902,1197
2026-04-22,4754.200195,4754.200195,4732.5,4732.5,4732.5,765
2026-04-23,4711.5,4732.399902,4705.100098,4705.100098,4705.100098,292
2026-04-24,4695,4722.299805,4657.5,4722.299805,4722.299805,45
2026-04-27,4707.600098,4711.100098,4675.399902,4675.399902,4675.399902,538
2026-04-28,4680.899902,4680.899902,4591.5,4591.5,4591.5,2660
2026-04-29,4598.600098,4601.600098,4515.700195,4545.200195,4545.200195,507
2026-04-30,4561.899902,4636.700195,4561.899902,4614.700195,4614.700195,77
2026-05-01,4636.700195,4636.700195,4581.700195,4629.899902,4629.899902,113
2026-05-04,4581.200195,4581.200195,4512.700195,4519.5,4519.5,20
2026-05-05,4547.600098,4580.5,4547.600098,4555.799805,4555.799805,426
2026-05-06,4663.600098,4712.600098,4663.600098,4681.899902,4681.899902,212
2026-05-07,4704.799805,4736.200195,4699.799805,4699.799805,4699.799805,254
2026-05-08,4714.399902,4724.799805,4713.600098,4720.399902,4720.399902,120
2026-05-11,4729.5,4729.5,4718.700195,4718.700195,4718.700195,36
2026-05-12,4762.200195,4765.200195,4677.600098,4677.600098,4677.600098,93
2026-05-13,4722.700195,4722.700195,4679.5,4697.700195,4697.700195,228
2026-05-14,4678.100098,4678.100098,4650.299805,4678.100098,4678.100098,5
2026-05-15,4615.200195,4615.200195,4524.299805,4555.799805,4555.799805,607
2026-05-18,4563,4570.299805,4538.700195,4552.5,4552.5,38
2026-05-19,4551.700195,4552.600098,4506.200195,4506.299805,4506.299805,875
2026-05-20,4502.600098,4531.299805,4465.100098,4531.299805,4531.299805,981
2026-05-21,4507.200195,4539.799805,4503.799805,4539.799805,4539.799805,426
2026-05-22,4519.5,4530.299805,4519.100098,4521,4521,40
2026-05-26,4572.799805,4572.799805,4500.399902,4500.399902,4500.399902,1261
2026-05-27,4439.700195,4447.5,4439.700195,4447.5,4447.5,81062
2026-05-28,4453.600098,4512.600098,4363.5,4499.299805,4499.299805,16427
2026-05-29,4494,4591.799805,4487.899902,4560.5,4560.5,1883
2026-06-01,4523.5,4541.399902,4449.700195,4475.200195,4475.200195,835
2026-06-02,4488,4529.5,4474.200195,4489.100098,4489.100098,456
2026-06-03,4471.200195,4471.700195,4427.200195,4436.700195,4436.700195,2913
2026-06-04,4447.399902,4509.899902,4447.399902,4475.799805,4475.799805,480
2026-06-05,4472.299805,4472.299805,4319.100098,4337.100098,4337.100098,4062
2026-06-08,4324.200195,4340.899902,4284.600098,4335.899902,4335.899902,357
2026-06-09,4332.799805,4344.5,4240.200195,4260,4260,1292
2026-06-10,4200,4206.700195,4100,4108.200195,4108.200195,525
2026-06-11,4042.899902,4209.799805,4031,4090.300049,4090.300049,1938
2026-06-12,4208.299805,4225.299805,4173.200195,4215,4215,1167
2026-06-15,4271.200195,4362,4269.100098,4328,4328,1666
2026-06-16,4309.5,4345.799805,4309.5,4330.899902,4330.899902,158
2026-06-17,4339,4377,4296,4358.899902,4358.899902,1961
2026-06-18,4279.799805,4323.200195,4223.700195,4224.100098,4224.100098,738
2026-06-22,4138.799805,4216.399902,4134.799805,4181.899902,4181.899902,1197
2026-06-23,4127.100098,4135.200195,4118.5,4129.899902,4129.899902,252
2026-06-24,4104.399902,4104.700195,3963.300049,3990.300049,3990.300049,353
2026-06-25,3988.399902,4030.5,3986.699951,4030.5,4030.5,2724
2026-06-26,4078.699951,4078.699951,4078.699951,4078.699951,4078.699951,1431
2026-06-29,4057.5,4070,4003.199951,4022.300049,4022.300049,785
2026-06-30,4002.600098,4049.699951,3962.5,4022.899902,4022.899902,1108
2026-07-01,4013.100098,4100,3963,4068.300049,4068.300049,770
2026-07-02,4067.5,4140.100098,4062,4112.700195,4112.700195,228
2026-07-06,4175.399902,4199.700195,4134.200195,4155.100098,4155.100098,1024
2026-07-07,4126.5,4167.200195,4107.200195,4145.299805,4145.299805,53
2026-07-08,4116.299805,4120.299805,4053,4070.899902,4070.899902,292
2026-07-09,4066.399902,4130.600098,4064.199951,4130.600098,4130.600098,13
2026-07-10,4122.299805,4125.799805,4090.600098,4104.100098,4104.100098,389
2026-07-13,4081,4081,3985.899902,3997,3997,679
2026-07-14,3995.699951,4091.199951,3986.5,4061.100098,4061.100098,1281
2026-07-15,4049.100098,4070.100098,4019.399902,4044,4044,374
2026-07-16,4030.5,4030.5,3972.600098,3985.600098,3985.600098,812
2026-07-17,3975.5,4017.199951,3964.199951,4012.699951,4012.699951,141
2026-07-20,4003.399902,4018.899902,4002.699951,4010.300049,4010.300049,231
2026-07-21,4002.100098,4071.100098,3999.699951,4071.100098,4071.100098,87
2026-07-22,4096.200195,4152.100098,4096.200195,4146.899902,4146.899902,133
2026-07-23,4129.899902,4130.899902,4046.600098,4046.600098,4046.600098,59
2026-07-24,4067.600098,4068,4067.600098,4067.600098,4067.600098,2
2026-07-27,4090.100098,4107.899902,4072.699951,4074.5,4074.5,36
2026-07-28,4025.699951,4036.300049,4025.699951,4036.300049,4036.300049,248
2026-07-29,4018.100098,4034.699951,4017.899902,4034.699951,4034.699951,89664
2026-07-30,4060.699951,4118.5,4028.5,4100.100098,4100.100098,16985
2026-07-31,4102.399902,4102.399902,4022.399902,4049.100098,4049.100098,1166
2026-08-03,4083.399902,4083.5,4026.5,4033.699951,4033.699951,698
2026-08-04,4050.5,4095.399902,4048.800049,4095.399902,4095.399902,426
2026-08-05,4130,4262.200195,4129.5,4245.799805,4245.799805,1349
2026-08-06,4297,4297,4228,4242,4242,3101
2026-08-07,4277,4371.5,4274,4340.700195,4340.700195,3101
