frequency,date,region,usd_flow,tonnes_demand
Yearly,2003-12-31,North America,111625970.2100000083,9.5478171
Yearly,2003-12-31,Europe,274568416.5699999928,23.48493829
Yearly,2003-12-31,Asia,0,0
Yearly,2003-12-31,Other,110883855.6799999923,9.41763786
Yearly,2004-12-31,North America,1356740801.6399998665,95.05531451
Yearly,2004-12-31,Europe,365298861.6100000143,27.7387953
Yearly,2004-12-31,Asia,0,0
Yearly,2004-12-31,Other,37112739.2300000042,2.66493024
Yearly,2005-12-31,North America,2910292268.3099999428,200.73859837
Yearly,2005-12-31,Europe,201591610,12.32388287
Yearly,2005-12-31,Asia,0,0
Yearly,2005-12-31,Other,93737851.2100000083,5.83843735
Yearly,2006-12-31,North America,4033773588.0700001717,212.15634826
Yearly,2006-12-31,Europe,735360890.5999999046,39.21726103
Yearly,2006-12-31,Asia,0,0
Yearly,2006-12-31,Other,108385580.0600000024,5.70308588
Yearly,2007-12-31,North America,4336453766.8599996567,186.09606125
Yearly,2007-12-31,Europe,924081426.439999938,41.71926033
Yearly,2007-12-31,Asia,69692359.8700000048,4.38469973
Yearly,2007-12-31,Other,469523707.9499999881,19.86506597
Yearly,2008-12-31,North America,5056712193.1999998093,166.40241107
Yearly,2008-12-31,Europe,4504079056.4099998474,160.14306012
Yearly,2008-12-31,Asia,48292170.1099999994,1.02603864
Yearly,2008-12-31,Other,-29131475.6600000001,-1.07491904
Yearly,2009-12-31,North America,12466313022.2700004578,395.7889275
Yearly,2009-12-31,Europe,6395556543.0500001907,212.91723014
Yearly,2009-12-31,Asia,88617091.8699999899,2.50676476
Yearly,2009-12-31,Other,890196814.5199999809,28.09749766
Yearly,2010-12-31,North America,8786932210.6300010681,220.02246469
Yearly,2010-12-31,Europe,6850047882.9000005722,178.36626206
Yearly,2010-12-31,Asia,464941442.8600000143,11.46484014
Yearly,2010-12-31,Other,-101186994.8400000036,-3.01821492
Yearly,2011-12-31,North America,5046942394.7600002289,83.8525655
Yearly,2011-12-31,Europe,7761318901.7399997711,145.11730565
Yearly,2011-12-31,Asia,1229880354.1600000858,23.9933476
Yearly,2011-12-31,Other,-556609837.1099998951,-11.08206773
Yearly,2012-12-31,North America,9285598766.7999992371,157.98244134
Yearly,2012-12-31,Europe,7248470478.3899993896,122.75089397
Yearly,2012-12-31,Asia,353885164.5400000215,6.16431378
Yearly,2012-12-31,Other,342468362.6600000262,5.63740707
Yearly,2013-12-31,North America,-27895938207.2400016785,-618.79432116
Yearly,2013-12-31,Europe,-12967269699.2399997711,-297.27459718
Yearly,2013-12-31,Asia,-172283958.25,-6.07789265
Yearly,2013-12-31,Other,-281149049.4799999595,-7.07306918
Yearly,2014-12-31,North America,-3865841754.9499998093,-106.38682349
Yearly,2014-12-31,Europe,-1055171783.3600000143,-44.4081753
Yearly,2014-12-31,Asia,-177579183.8799999952,-3.42991442
Yearly,2014-12-31,Other,-312837290.1499999762,-8.03662863
Yearly,2015-12-31,North America,-2584006116.720000267,-83.64028437
Yearly,2015-12-31,Europe,-977413912.9699999094,-40.47719185
Yearly,2015-12-31,Asia,251337063.5,6.81746001
Yearly,2015-12-31,Other,-251699540.0399999917,-6.30648568
Yearly,2016-12-31,North America,9436064734.8700008392,227.07115398
Yearly,2016-12-31,Europe,11683677478.25,270.77621584
Yearly,2016-12-31,Asia,1637988946.6699998379,40.15550467
Yearly,2016-12-31,Other,263654279.369999975,5.07982686
Yearly,2017-12-31,North America,4185976655.3500003815,95.0694743
Yearly,2017-12-31,Europe,6985528143.6700000763,180.3081005
Yearly,2017-12-31,Asia,-158641146.8500000238,-4.04176071
Yearly,2017-12-31,Other,-28341809.2899999991,-0.6204935
Yearly,2018-12-31,North America,-44479372.1099999994,-12.28660171
Yearly,2018-12-31,Europe,4553338883.2299995422,98.86722946
Yearly,2018-12-31,Asia,-148451811.0600000024,-5.34611138
Yearly,2018-12-31,Other,-447904308.8399999738,-10.99061469
Yearly,2019-12-31,North America,10222101777.4600009918,208.6635955
Yearly,2019-12-31,Europe,8731983369.0900001526,184.38742395
Yearly,2019-12-31,Asia,91776285.2300000042,-0.07158
Yearly,2019-12-31,Other,527027242.3300000429,10.62285227
Yearly,2020-12-31,North America,31846041935,562.95345943
Yearly,2020-12-31,Europe,14398684154.8899993896,275.64135215
Yearly,2020-12-31,Asia,2304655625.7600002289,37.59073276
Yearly,2020-12-31,Other,905998772.5399999619,16.36321665
Yearly,2021-12-31,North America,-10880154883.609998703,-201.28339265
Yearly,2021-12-31,Europe,478155282.2200000286,-11.81694008
Yearly,2021-12-31,Asia,1468146902.7100000381,25.02648125
Yearly,2021-12-31,Other,16657528.4000000004,-0.54482557
Yearly,2022-12-31,North America,-2749029015.4200000763,-74.61900815
Yearly,2022-12-31,Europe,1071107554.9899998903,-13.00244273
Yearly,2022-12-31,Asia,-1196439381.8900001049,-20.86294612
Yearly,2022-12-31,Other,48553170.4699999988,0.22860317
Yearly,2023-12-31,North America,-4478063875.0699996948,-81.93656136
Yearly,2023-12-31,Europe,-11365482803.7399997711,-178.91663949
Yearly,2023-12-31,Asia,1325989353.8099999428,19.95581831
Yearly,2023-12-31,Other,-70131832.5199999958,-1.13501606
Yearly,2024-12-31,North America,2289194757.7699999809,8.03101314
Yearly,2024-12-31,Europe,-5772718814.5100002289,-98.03880528
Yearly,2024-12-31,Asia,6716682875.0799999237,82.18508593
Yearly,2024-12-31,Other,463923987.7699999809,4.70313133
Yearly,2025-12-31,North America,50660350578.8800048828,444.67369922
Yearly,2025-12-31,Europe,11921602296.5799999237,133.1100633
Yearly,2025-12-31,Asia,25429719907.8400001526,216.6499743
Yearly,2025-12-31,Other,902042350.8899999857,8.88310363
Yearly,2026-07-31,North America,-7593632197.0799999237,-60.25345901
Yearly,2026-07-31,Europe,5033760214.6299991608,23.3626762
Yearly,2026-07-31,Asia,12963107383.3299999237,74.23894698
Yearly,2026-07-31,Other,245229602.4100000262,1.23218101
Quarterly,2003-03-31,North America,92754220.299999997,8.19719947
Quarterly,2003-03-31,Europe,0,0
Quarterly,2003-03-31,Asia,0,0
Quarterly,2003-03-31,Other,330640,0.03111834
Quarterly,2003-06-30,North America,12377671.4000000004,1.11092288
Quarterly,2003-06-30,Europe,0,0
Quarterly,2003-06-30,Asia,0,0
Quarterly,2003-06-30,Other,32375104.0599999987,2.86616512
Quarterly,2003-09-30,North America,0,0
Quarterly,2003-09-30,Europe,0,0
Quarterly,2003-09-30,Asia,0,0
Quarterly,2003-09-30,Other,38057284.2300000042,3.22232087
Quarterly,2003-12-31,North America,3023592.3699999996,0.23969475
Quarterly,2003-12-31,Europe,296247123.9700000286,23.48493829
Quarterly,2003-12-31,Asia,0,0
Quarterly,2003-12-31,Other,41301513.3399999961,3.29803353
Quarterly,2004-03-31,North America,0,0
Quarterly,2004-03-31,Europe,218347096.8799999952,16.62184604
Quarterly,2004-03-31,Asia,0,0
Quarterly,2004-03-31,Other,1844285.6899999999,0.10885895
Quarterly,2004-06-30,North America,0,0
Quarterly,2004-06-30,Europe,11306859.120000001,0.89259725
Quarterly,2004-06-30,Asia,0,0
Quarterly,2004-06-30,Other,-815807.38,-0.08449635
Quarterly,2004-09-30,North America,0,0
Quarterly,2004-09-30,Europe,-23773164.1700000018,-1.84230004
Quarterly,2004-09-30,Asia,0,0
Quarterly,2004-09-30,Other,-586597.7100000001,0.03864519
Quarterly,2004-12-31,North America,1356925365.9900000095,95.05531451
Quarterly,2004-12-31,Europe,168465749.6299999952,12.06665205
Quarterly,2004-12-31,Asia,0,0
Quarterly,2004-12-31,Other,36740174.9200000018,2.60192245
Quarterly,2005-03-31,North America,1239173999.9600000381,90.90017473
Quarterly,2005-03-31,Europe,-31141450,-2.37628719
Quarterly,2005-03-31,Asia,0,0
Quarterly,2005-03-31,Other,-75688.3,-0.02633136
Quarterly,2005-06-30,North America,167120057.6599999964,11.98669418
Quarterly,2005-06-30,Europe,-50389160,-3.81493534
Quarterly,2005-06-30,Asia,0,0
Quarterly,2005-06-30,Other,4835856.9699999997,0.33335005
Quarterly,2005-09-30,North America,501640000,35.35666508
Quarterly,2005-09-30,Europe,26652770,1.52339643
Quarterly,2005-09-30,Asia,0,0
Quarterly,2005-09-30,Other,2100029.1999999997,0.1747469
Quarterly,2005-12-31,North America,996656900,62.49506438
Quarterly,2005-12-31,Europe,256469450,16.99170897
Quarterly,2005-12-31,Asia,0,0
Quarterly,2005-12-31,Other,86890241.25,5.35667176
Quarterly,2006-03-31,North America,1753406218.1399998665,97.81566867
Quarterly,2006-03-31,Europe,186581386.1999999881,10.73282069
Quarterly,2006-03-31,Asia,0,0
Quarterly,2006-03-31,Other,58779317.8200000003,3.34341726
Quarterly,2006-06-30,North America,544717000,29.75087374
Quarterly,2006-06-30,Europe,348969489.25,17.94936509
Quarterly,2006-06-30,Asia,0,0
Quarterly,2006-06-30,Other,24968457.1899999976,1.11741138
Quarterly,2006-09-30,North America,353467700,16.33985493
Quarterly,2006-09-30,Europe,12345592.8499999996,0.49356675
Quarterly,2006-09-30,Asia,0,0
Quarterly,2006-09-30,Other,11128970.6999999993,0.4524975
Quarterly,2006-12-31,North America,1381910600,68.24995092
Quarterly,2006-12-31,Europe,187464422.2999999821,10.0415085
Quarterly,2006-12-31,Asia,0,0
Quarterly,2006-12-31,Other,13357099.8200000003,0.78975974
Quarterly,2007-03-31,North America,686033637.2400000095,31.48315419
Quarterly,2007-03-31,Europe,79914243.3799999952,3.97006251
Quarterly,2007-03-31,Asia,22071957.3599999994,1.02838461
Quarterly,2007-03-31,Other,47208508.700000003,2.16913201
Quarterly,2007-06-30,North America,-372728200,-18.62957908
Quarterly,2007-06-30,Europe,223829319.6800000072,10.14657509
Quarterly,2007-06-30,Asia,11466420,1.94085405
Quarterly,2007-06-30,Other,58581655.0699999928,2.75946341
Quarterly,2007-09-30,North America,2596526600,117.90607005
Quarterly,2007-09-30,Europe,273096455.3399999738,13.60454815
Quarterly,2007-09-30,Asia,10555035.6600000001,0.43018396
Quarterly,2007-09-30,Other,137651092.0400000215,6.22588563
Quarterly,2007-12-31,North America,1427280377.6400001049,55.33641609
Quarterly,2007-12-31,Europe,347241408.0400000215,13.99807458
Quarterly,2007-12-31,Asia,25598946.8500000015,0.98527711
Quarterly,2007-12-31,Other,226333752.5699999928,8.71058492
Quarterly,2008-03-31,North America,746705600,21.32580586
Quarterly,2008-03-31,Europe,1258031136.2899999619,42.05636649
Quarterly,2008-03-31,Asia,-14193480.6899999995,-0.48327045
Quarterly,2008-03-31,Other,276697175.2300000191,9.34947071
Quarterly,2008-06-30,North America,-10206000,0.77394363
Quarterly,2008-06-30,Europe,399275483.0299999714,14.06969676
Quarterly,2008-06-30,Asia,12157835.3599999994,0.41060455
Quarterly,2008-06-30,Other,-311124429.5899999738,-10.32018287
Quarterly,2008-09-30,North America,3400023100,109.0500706
Quarterly,2008-09-30,Europe,1276308355.6399998665,41.78744849
Quarterly,2008-09-30,Asia,17032421.2099999972,0.64324227
Quarterly,2008-09-30,Other,-15124662.4700000007,-1.10640054
Quarterly,2008-12-31,North America,917825906.7699999809,35.25259098
Quarterly,2008-12-31,Europe,1570464081.4500000477,62.22954838
Quarterly,2008-12-31,Asia,33295394.2300000004,0.45546227
Quarterly,2008-12-31,Other,20553729.2200000025,1.00219366
Quarterly,2009-03-31,North America,10347970700,347.13533157
Quarterly,2009-03-31,Europe,3173410462.0599999428,106.93739482
Quarterly,2009-03-31,Asia,-16787590.2699999996,-0.54454527
Quarterly,2009-03-31,Other,32060300.3299999982,2.07482056
Quarterly,2009-06-30,North America,362305115.6999999881,6.39234696
Quarterly,2009-06-30,Europe,1110769532.7699999809,38.55973625
Quarterly,2009-06-30,Asia,28020459.9600000009,0.90465057
Quarterly,2009-06-30,Other,307766217.7700000405,8.71948785
Quarterly,2009-09-30,North America,-439722900,-15.77361338
Quarterly,2009-09-30,Europe,1513813429.9100000858,51.48621568
Quarterly,2009-09-30,Asia,23137873.1400000006,0.68921087
Quarterly,2009-09-30,Other,411590516.6000000238,13.5339935
Quarterly,2009-12-31,North America,2197143624.4699997902,58.03486235
Quarterly,2009-12-31,Europe,597563118.310000062,15.93388339
Quarterly,2009-12-31,Asia,53240332.1099999994,1.45744859
Quarterly,2009-12-31,Other,141741971.7100000083,3.76919575
Quarterly,2010-03-31,North America,-109127420,-3.0732096
Quarterly,2010-03-31,Europe,1015919344.5700000525,26.88572887
Quarterly,2010-03-31,Asia,62250418.4499999955,1.76879332
Quarterly,2010-03-31,Other,-146158506.3500000238,-3.61486185
Quarterly,2010-06-30,North America,8218341240,211.22996496
Quarterly,2010-06-30,Europe,3628606756.2699999809,89.69970244
Quarterly,2010-06-30,Asia,11165160.4199999999,0.27335751
Quarterly,2010-06-30,Other,-11369441.5,-0.81766639
Quarterly,2010-09-30,North America,691235020,14.12996705
Quarterly,2010-09-30,Europe,1058080175.3700000048,33.5077567
Quarterly,2010-09-30,Asia,225852083.3899999857,5.72947273
Quarterly,2010-09-30,Other,17546904.6900000013,0.21585602
Quarterly,2010-12-31,North America,-14800835.290000001,-2.26425772
Quarterly,2010-12-31,Europe,1147441606.6900000572,28.27307405
Quarterly,2010-12-31,Asia,165953602.2400000095,3.69321658
Quarterly,2010-12-31,Other,38861058.7599999979,1.1984573
Quarterly,2011-03-31,North America,-2466891209.4000000954,-57.85573163
Quarterly,2011-03-31,Europe,149720571.0099999905,4.35649898
Quarterly,2011-03-31,Asia,181429341.0099999905,3.88162727
Quarterly,2011-03-31,Other,-144208690.0099999905,-3.58936007
Quarterly,2011-06-30,North America,1192906081.8999998569,23.97164385
Quarterly,2011-06-30,Europe,1047056417.9000000954,26.63030291
Quarterly,2011-06-30,Asia,325742404.75,6.56358408
Quarterly,2011-06-30,Other,-2144055.1399999997,-0.03612606
Quarterly,2011-09-30,North America,2606838856,51.94439533
Quarterly,2011-09-30,Europe,3508444924.3299999237,54.3238174
Quarterly,2011-09-30,Asia,511692811.8799999952,9.29323272
Quarterly,2011-09-30,Other,108618097.3999999911,-3.36693489
Quarterly,2011-12-31,North America,3791853434.8800001144,65.79225795
Quarterly,2011-12-31,Europe,3056096988.5,59.80668636
Quarterly,2011-12-31,Asia,219802799.5800000131,4.25490353
Quarterly,2011-12-31,Other,-518222690.7599999905,-4.08964671
Quarterly,2012-03-31,North America,2777149327.2399997711,46.93059419
Quarterly,2012-03-31,Europe,1076078947.2300000191,14.73012481
Quarterly,2012-03-31,Asia,95357265.0400000066,2.09489363
Quarterly,2012-03-31,Other,-62068272.8299999982,-1.15565604
Quarterly,2012-06-30,North America,-275659898.1999999881,-7.45459544
Quarterly,2012-06-30,Europe,996103864.5500000715,6.3708586
Quarterly,2012-06-30,Asia,34928812.5,0.02237233
Quarterly,2012-06-30,Other,-13019927.0499999989,-0.39212245
Quarterly,2012-09-30,North America,3983032127.8000001907,69.84168363
Quarterly,2012-09-30,Europe,3648706080.4800000191,68.60278988
Quarterly,2012-09-30,Asia,46818756.9099999964,0.98251373
Quarterly,2012-09-30,Other,217724148.6200000048,3.92053871
Quarterly,2012-12-31,North America,2801074666.2199997902,48.66475896
Quarterly,2012-12-31,Europe,1527581586.1300001144,33.04712068
Quarterly,2012-12-31,Asia,177168117.4099999964,3.06453409
Quarterly,2012-12-31,Other,200264267.9399999976,3.26464685
Quarterly,2013-03-31,North America,-6880069563.2999992371,-135.42814529
Quarterly,2013-03-31,Europe,-2292043907.5799999237,-55.00150669
Quarterly,2013-03-31,Asia,-6399561.5499999998,0.05597372
Quarterly,2013-03-31,Other,-21895734.9299999997,-0.47130614
Quarterly,2013-06-30,North America,-13342330871.3999996185,-290.39127619
Quarterly,2013-06-30,Europe,-5920177291.6099996567,-125.88359477
Quarterly,2013-06-30,Asia,-32671849.379999999,-1.76301965
Quarterly,2013-06-30,Other,-124475730.9600000083,-3.55783149
Quarterly,2013-09-30,North America,-2609116021.4000000954,-66.46820486
Quarterly,2013-09-30,Europe,-2143826245.4199998379,-53.0094066
Quarterly,2013-09-30,Asia,-71216212.9299999923,-1.23305545
Quarterly,2013-09-30,Other,-104112457.4300000072,-2.52000404
Quarterly,2013-12-31,North America,-5063131590.3000001907,-126.50669482
Quarterly,2013-12-31,Europe,-2612701182.1699995995,-63.38008912
Quarterly,2013-12-31,Asia,-60018509.6000000015,-3.13779127
Quarterly,2013-12-31,Other,-28923432.2699999996,-0.52392751
Quarterly,2014-03-31,North America,450982472.3000000119,7.88770612
Quarterly,2014-03-31,Europe,-405070289.2900000215,-12.94347582
Quarterly,2014-03-31,Asia,-120453308.5300000012,-1.18043605
Quarterly,2014-03-31,Other,-88791879.400000006,-1.94003496
Quarterly,2014-06-30,North America,-887466446,-21.43082663
Quarterly,2014-06-30,Europe,-128258876.4200000018,-1.93767617
Quarterly,2014-06-30,Asia,-21941619.6499999985,-1.54877872
Quarterly,2014-06-30,Other,99366654.3799999952,2.11122452
Quarterly,2014-09-30,North America,-921726274.5,-25.93479339
Quarterly,2014-09-30,Europe,-208414954.8599999845,-17.87418284
Quarterly,2014-09-30,Asia,-27382262.6900000013,-0.68566998
Quarterly,2014-09-30,Other,-127619838.1599999964,-2.99251799
Quarterly,2014-12-31,North America,-2507053632.8399996758,-66.90890959
Quarterly,2014-12-31,Europe,-313663696.6800000072,-11.65284047
Quarterly,2014-12-31,Asia,-7827411.6699999999,-0.01502967
Quarterly,2014-12-31,Other,-195860971.0699999928,-5.2153002
Quarterly,2015-03-31,North America,1352426501.4700000286,29.53602241
Quarterly,2015-03-31,Europe,320434122.4399999976,1.8850966
Quarterly,2015-03-31,Asia,42579270.2800000012,0.74465433
Quarterly,2015-03-31,Other,-171559731.0600000024,-4.34807625
Quarterly,2015-06-30,North America,-902315023.5,-23.90262774
Quarterly,2015-06-30,Europe,178961871.9300000072,7.60149654
Quarterly,2015-06-30,Asia,-23032207.0500000007,-0.33197153
Quarterly,2015-06-30,Other,-136104861.7800000012,-3.62389308
Quarterly,2015-09-30,North America,-1147684034.3999998569,-34.09036032
Quarterly,2015-09-30,Europe,-1121729193.8000001907,-35.50453463
Quarterly,2015-09-30,Asia,93103453.349999994,2.46903462
Quarterly,2015-09-30,Other,76436024.6499999911,1.93005149
Quarterly,2015-12-31,North America,-1886295936.3600001335,-55.18331872
Quarterly,2015-12-31,Europe,-354787306.6000000238,-14.45925036
Quarterly,2015-12-31,Asia,138501355.9099999964,3.76154389
Quarterly,2015-12-31,Other,-20323215.4100000001,-0.26456784
Quarterly,2016-03-31,North America,8014592682.0500001907,209.23481498
Quarterly,2016-03-31,Europe,4549938176.8800001144,117.85535343
Quarterly,2016-03-31,Asia,487478471.7300000191,12.9608009
Quarterly,2016-03-31,Other,179080206.150000006,4.01346698
Quarterly,2016-06-30,North America,6487389108.3300008774,156.07105607
Quarterly,2016-06-30,Europe,3068965989.5499997139,73.33328793
Quarterly,2016-06-30,Asia,206948930.3500000238,4.99541781
Quarterly,2016-06-30,Other,110019224.3000000119,2.70063208
Quarterly,2016-09-30,North America,934966160.189999938,19.26128773
Quarterly,2016-09-30,Europe,4919538578.5699996948,114.05806841
Quarterly,2016-09-30,Asia,462978545.1800000072,10.25095333
Quarterly,2016-09-30,Other,153932031.6200000048,3.6904597
Quarterly,2016-12-31,North America,-5954452300.9399995804,-157.4960048
Quarterly,2016-12-31,Europe,-844163193.5900000334,-34.47049393
Quarterly,2016-12-31,Asia,475539910.1899999976,11.94833263
Quarterly,2016-12-31,Other,-178983019.099999994,-5.3247319
Quarterly,2017-03-31,North America,621490103.7099999189,14.73075047
Quarterly,2017-03-31,Europe,3760643124.6700000763,98.14352823
Quarterly,2017-03-31,Asia,-269350652.9399999976,-6.74702346
Quarterly,2017-03-31,Other,129121304.6400000006,3.52922107
Quarterly,2017-06-30,North America,1315677079.629999876,30.59807705
Quarterly,2017-06-30,Europe,1197494435.8299999237,34.81553503
Quarterly,2017-06-30,Asia,-105180058.7900000066,-2.6329538
Quarterly,2017-06-30,Other,-16715098.9000000004,-0.25970204
Quarterly,2017-09-30,North America,1430603763.7000000477,30.25437578
Quarterly,2017-09-30,Europe,509222737.9600000381,12.3898856
Quarterly,2017-09-30,Asia,-383943801.8299999833,-9.25010897
Quarterly,2017-09-30,Other,-34876010.1900000051,-1.12949265
Quarterly,2017-12-31,North America,836878390.5,19.486271
Quarterly,2017-12-31,Europe,1522491675.5,34.95915164
Quarterly,2017-12-31,Asia,611644102.5,14.58832552
Quarterly,2017-12-31,Other,-105945092.2700000107,-2.76051988
Quarterly,2018-03-31,North America,1653896662.1300001144,36.70204457
Quarterly,2018-03-31,Europe,-90655516.2100000083,0.48431937
Quarterly,2018-03-31,Asia,-274311784.9899999499,-6.25973644
Quarterly,2018-03-31,Other,-79108667.4699999988,-1.71646461
Quarterly,2018-06-30,North America,-1191734553.7799999714,-30.53365135
Quarterly,2018-06-30,Europe,2449581268.6300001144,48.84489187
Quarterly,2018-06-30,Asia,722277496.5099999905,16.94074123
Quarterly,2018-06-30,Other,-232088989.2300000191,-5.30286605
Quarterly,2018-09-30,North America,-2898728366.0999999046,-75.54985182
Quarterly,2018-09-30,Europe,-508539878.1100000143,-14.01823726
Quarterly,2018-09-30,Asia,-453302355,-11.4964912
Quarterly,2018-09-30,Other,-110830932.7399999946,-3.24986183
Quarterly,2018-12-31,North America,2391799022.0999999046,57.09485689
Quarterly,2018-12-31,Europe,2697724586.5199999809,63.55625548
Quarterly,2018-12-31,Asia,-171486923.2199999988,-4.53062497
Quarterly,2018-12-31,Other,-26485639.2800000012,-0.7214222
Quarterly,2019-03-31,North America,1134589858.7999999523,26.71540684
Quarterly,2019-03-31,Europe,1043636497.060000062,21.08823353
Quarterly,2019-03-31,Asia,-200706585.6599999964,-4.78534603
Quarterly,2019-03-31,Other,-1676667.6700000002,-0.08164917
Quarterly,2019-06-30,North America,381590397.6800000072,4.28580241
Quarterly,2019-06-30,Europe,3225261294.3499999046,74.3582956
Quarterly,2019-06-30,Asia,-179058006.0900000036,-4.49234467
Quarterly,2019-06-30,Other,-16635922.8100000005,-0.49491954
Quarterly,2019-09-30,North America,8879559842.9799995422,182.60445485
Quarterly,2019-09-30,Europe,3103582750.009999752,58.05173885
Quarterly,2019-09-30,Asia,686362623.8899999857,13.99317235
Quarterly,2019-09-30,Other,387016434.4099999666,7.72423728
Quarterly,2019-12-31,North America,-169991231.8799999952,-4.9420686
Quarterly,2019-12-31,Europe,1361991058.9800000191,30.88915597
Quarterly,2019-12-31,Asia,-209692045.9400000274,-4.78706165
Quarterly,2019-12-31,Other,163515649.9300000072,3.4751837
Quarterly,2020-03-31,North America,6901605198.6399993896,128.48772656
Quarterly,2020-03-31,Europe,8237667204.7400007248,152.61138772
Quarterly,2020-03-31,Asia,729842507.1499999762,13.86715854
Quarterly,2020-03-31,Other,327426167.8699999452,5.9404998
Quarterly,2020-06-30,North America,18153198947.7899971008,329.57351893
Quarterly,2020-06-30,Europe,4584935710.720000267,86.38777467
Quarterly,2020-06-30,Asia,519044884.7999999523,8.47930992
Quarterly,2020-06-30,Other,457206950.2599999905,8.66849035
Quarterly,2020-09-30,North America,11771015363.9200000763,191.04730874
Quarterly,2020-09-30,Europe,3680272561.0399999619,66.75813573
Quarterly,2020-09-30,Asia,1273095143.8100001812,19.98637824
Quarterly,2020-09-30,Other,363312210.6999999881,6.10007327
Quarterly,2020-12-31,North America,-4976127291.4099998474,-86.1550948
Quarterly,2020-12-31,Europe,-2103487634.4700000286,-30.11594597
Quarterly,2020-12-31,Asia,-218021081.1899999976,-4.74211394
Quarterly,2020-12-31,Other,-249796777.9500000179,-4.34584677
Quarterly,2021-03-31,North America,-8142489666.3000001907,-145.34898921
Quarterly,2021-03-31,Europe,-2204067486.6700000763,-50.06575089
Quarterly,2021-03-31,Asia,1045965246.3400000334,17.77751195
Quarterly,2021-03-31,Other,92384780.1899999976,1.50182796
Quarterly,2021-06-30,North America,1138602956.1099998951,16.06248605
Quarterly,2021-06-30,Europe,1630578435.9700000286,28.33172626
Quarterly,2021-06-30,Asia,-91626112.1499999911,-1.77609415
Quarterly,2021-06-30,Other,-89072485.9599999934,-1.88130105
Quarterly,2021-09-30,North America,-2552070491.7600002289,-45.63721633
Quarterly,2021-09-30,Europe,990782631.8300000429,11.78747268
Quarterly,2021-09-30,Asia,233780984.5799999833,4.14503689
Quarterly,2021-09-30,Other,13328066.5299999993,-0.10357153
Quarterly,2021-12-31,North America,-1323620315.1600000858,-26.35967316
Quarterly,2021-12-31,Europe,61877821.5900000036,-1.87038813
Quarterly,2021-12-31,Asia,281096529.7599999905,4.88002656
Quarterly,2021-12-31,Other,96066.25,-0.06178095
Quarterly,2022-03-31,North America,10577820798.5100002289,172.17652472
Quarterly,2022-03-31,Europe,7249861128.1199998856,113.26062312
Quarterly,2022-03-31,Asia,-869193812.3200000525,-14.76412372
Quarterly,2022-03-31,Other,115811487.3400000036,1.90116871
Quarterly,2022-06-30,North America,-2421108352.0699996948,-44.24744107
Quarterly,2022-06-30,Europe,562036960.5,-2.87207795
Quarterly,2022-06-30,Asia,-46319181.7800000012,-1.11754811
Quarterly,2022-06-30,Other,15692064.9199999999,0.22616801
Quarterly,2022-09-30,North America,-8199839091.4800004959,-150.33445981
Quarterly,2022-09-30,Europe,-4298107547.1900005341,-92.69728001
Quarterly,2022-09-30,Asia,21711585.1100000031,0.53688114
Quarterly,2022-09-30,Other,-23752628.7199999988,-1.22765699
Quarterly,2022-12-31,North America,-2674456822.8299999237,-52.21363199
Quarterly,2022-12-31,Europe,-2448410059.3899998665,-30.69370789
Quarterly,2022-12-31,Asia,-296861481.2299999595,-5.51815543
Quarterly,2022-12-31,Other,-56944701.9799999967,-0.67107656
Quarterly,2023-03-31,North America,828969607.8500000238,10.33639419
Quarterly,2023-03-31,Europe,-2377666276.2199997902,-40.00304734
Quarterly,2023-03-31,Asia,-36659013.3400000036,-0.63644478
Quarterly,2023-03-31,Other,124449271.200000003,1.8466479
Quarterly,2023-06-30,North America,724285770.7199999094,9.46603353
Quarterly,2023-06-30,Europe,-1822889688.6699998379,-28.68958881
Quarterly,2023-06-30,Asia,107126390.200000003,1.55790309
Quarterly,2023-06-30,Other,-195170841.380000025,-3.14830952
Quarterly,2023-09-30,North America,-5806473486.4300003052,-95.80648694
Quarterly,2023-09-30,Europe,-2904434640.6700000763,-53.93181812
Quarterly,2023-09-30,Asia,884430180.7199999094,13.51646332
Quarterly,2023-09-30,Other,-69511075.2600000054,-1.52185683
Quarterly,2023-12-31,North America,-224042584.2699999809,-5.93250214
Quarterly,2023-12-31,Europe,-4267154240.8499999046,-56.29218522
Quarterly,2023-12-31,Asia,375320880.6200000048,5.51789668
Quarterly,2023-12-31,Other,70421887,1.68850239
Quarterly,2024-03-31,North America,-4310000928.8299999237,-68.18475262
Quarterly,2024-03-31,Europe,-2870022400.5,-54.25771001
Quarterly,2024-03-31,Asia,723636367.6599999666,10.29035459
Quarterly,2024-03-31,Other,7391659,-0.43933526
Quarterly,2024-06-30,North America,-586976433.75,-9.39627692
Quarterly,2024-06-30,Europe,-2017024089.3499999046,-28.74436473
Quarterly,2024-06-30,Asia,2501565313.9600000381,32.11769006
Quarterly,2024-06-30,Other,-45384517.9400000051,-0.61528499
Quarterly,2024-09-30,North America,4800489562.4899997711,59.07643514
Quarterly,2024-09-30,Europe,1287785838.0499999523,22.89693766
Quarterly,2024-09-30,Asia,664317340.1799999475,7.79884847
Quarterly,2024-09-30,Other,463768562.5600000024,6.03987854
Quarterly,2024-12-31,North America,2430889456.8199996948,26.53560754
Quarterly,2024-12-31,Europe,-2156990878.6699995995,-37.9336682
Quarterly,2024-12-31,Asia,2846321891.6199998856,31.97819281
Quarterly,2024-12-31,Other,42912286.6000000015,-0.28212696
Quarterly,2025-03-31,North America,12851253261.0799999237,133.81486881
Quarterly,2025-03-31,Europe,4659555066.25,55.69135731
Quarterly,2025-03-31,Asia,3685253090.3000001907,37.6425402
Quarterly,2025-03-31,Other,323461744.3899999857,3.61483252
Quarterly,2025-06-30,North America,7826045477.8299999237,72.94885587
Quarterly,2025-06-30,Europe,1419480537.8299999237,24.18647448
Quarterly,2025-06-30,Asia,7470518132.2999992371,70.44668458
Quarterly,2025-06-30,Other,334143855.2400000095,3.55492104
Quarterly,2025-09-30,North America,16135212178.2700004578,138.93633395
Quarterly,2025-09-30,Europe,8170245122.529999733,69.66684536
Quarterly,2025-09-30,Asia,1969620670.4600000381,17.30302155
Quarterly,2025-09-30,Other,28155745.6999999993,-0.22242973
Quarterly,2025-12-31,North America,13781943254.3400001526,98.97364059
Quarterly,2025-12-31,Europe,-2336204983.2899999619,-16.43461385
Quarterly,2025-12-31,Asia,12615261750.3400001526,91.25772797
Quarterly,2025-12-31,Other,218682649.0699999928,1.9357798
Quarterly,2026-03-31,North America,-2026614827,-15.70850703
Quarterly,2026-03-31,Europe,-3304021.1499999999,-7.79490082
Quarterly,2026-03-31,Asia,14107867578.7800006866,84.21355833
Quarterly,2026-03-31,Other,285210395.6200000048,1.7200062
Quarterly,2026-06-30,North America,-5639623816.470000267,-44.82850552
Quarterly,2026-06-30,Europe,2884674390.7199997902,13.81390226
Quarterly,2026-06-30,Asia,-1675443509.2999999523,-14.84013392
Quarterly,2026-06-30,Other,-172463774.1600000262,-1.47988128
Quarterly,2026-07-31,North America,70635015.5100000054,0.28355354
Quarterly,2026-07-31,Europe,2139518871.1699998379,17.34367476
Quarterly,2026-07-31,Asia,616002962.2200000286,4.86552257
Quarterly,2026-07-31,Other,139748642.8599999845,0.99205609
Monthly,2003-02-28,North America,0,0
Monthly,2003-02-28,Europe,0,0
Monthly,2003-02-28,Asia,0,0
Monthly,2003-02-28,Other,0,0
Monthly,2003-03-31,North America,89750618.5300000012,8.19719947
Monthly,2003-03-31,Europe,0,0
Monthly,2003-03-31,Asia,0,0
Monthly,2003-03-31,Other,330640,0.03111834
Monthly,2003-04-30,North America,11717773.5999999996,1.11092288
Monthly,2003-04-30,Europe,0,0
Monthly,2003-04-30,Asia,0,0
Monthly,2003-04-30,Other,7189010,0.67084487
Monthly,2003-05-31,North America,0,0
Monthly,2003-05-31,Europe,0,0
Monthly,2003-05-31,Asia,0,0
Monthly,2003-05-31,Other,19093189.8000000007,1.67878765
Monthly,2003-06-30,North America,0,0
Monthly,2003-06-30,Europe,0,0
Monthly,2003-06-30,Asia,0,0
Monthly,2003-06-30,Other,6096913.6699999999,0.5165326
Monthly,2003-07-31,North America,0,0
Monthly,2003-07-31,Europe,0,0
Monthly,2003-07-31,Asia,0,0
Monthly,2003-07-31,Other,6941450.04,0.62207331
Monthly,2003-08-31,North America,0,0
Monthly,2003-08-31,Europe,0,0
Monthly,2003-08-31,Asia,0,0
Monthly,2003-08-31,Other,5953741.4899999993,0.52499601
Monthly,2003-09-30,North America,0,0
Monthly,2003-09-30,Europe,0,0
Monthly,2003-09-30,Asia,0,0
Monthly,2003-09-30,Other,25156222.2300000004,2.07525155
Monthly,2003-10-31,North America,0,0
Monthly,2003-10-31,Europe,0,0
Monthly,2003-10-31,Asia,0,0
Monthly,2003-10-31,Other,14509009.5099999998,1.16375254
Monthly,2003-11-30,North America,0,0
Monthly,2003-11-30,Europe,0,0
Monthly,2003-11-30,Asia,0,0
Monthly,2003-11-30,Other,9484180,0.76374525
Monthly,2003-12-31,North America,3143443.1100000003,0.23969475
Monthly,2003-12-31,Europe,307989921.9599999785,23.48493829
Monthly,2003-12-31,Asia,0,0
Monthly,2003-12-31,Other,17940896.5,1.37053574
Monthly,2004-01-31,North America,0,0
Monthly,2004-01-31,Europe,10273910.9299999997,0.77197212
Monthly,2004-01-31,Asia,0,0
Monthly,2004-01-31,Other,0,-0.01898188
Monthly,2004-02-29,North America,0,0
Monthly,2004-02-29,Europe,20168409.8399999999,1.54937646
Monthly,2004-02-29,Asia,0,0
Monthly,2004-02-29,Other,7101010,0.55207617
Monthly,2004-03-31,North America,0,0
Monthly,2004-03-31,Europe,186974145.7199999988,14.30049746
Monthly,2004-03-31,Asia,0,0
Monthly,2004-03-31,Other,-5260759.5500000007,-0.42423534
Monthly,2004-04-30,North America,0,0
Monthly,2004-04-30,Europe,291135775.0199999809,22.37341545
Monthly,2004-04-30,Asia,0,0
Monthly,2004-04-30,Other,-752674.1,-0.0155042
Monthly,2004-05-31,North America,0,0
Monthly,2004-05-31,Europe,-222913107.5800000131,-18.03430037
Monthly,2004-05-31,Asia,0,0
Monthly,2004-05-31,Other,-133928.9,-0.02184591
Monthly,2004-06-30,North America,0,0
Monthly,2004-06-30,Europe,-43478084.6400000006,-3.44651783
Monthly,2004-06-30,Asia,0,0
Monthly,2004-06-30,Other,71001.43,-0.04714624
Monthly,2004-07-31,North America,0,0
Monthly,2004-07-31,Europe,-34704395.0700000003,-2.71150967
Monthly,2004-07-31,Asia,0,0
Monthly,2004-07-31,Other,30247710,2.37184892
Monthly,2004-08-31,North America,0,0
Monthly,2004-08-31,Europe,3401456.6199999996,0.26401879
Monthly,2004-08-31,Asia,0,0
Monthly,2004-08-31,Other,-31449136.1100000031,-2.34631288
Monthly,2004-09-30,North America,0,0
Monthly,2004-09-30,Europe,7885572.25,0.60519084
Monthly,2004-09-30,Asia,0,0
Monthly,2004-09-30,Other,614841.2599999999,0.01310915
Monthly,2004-10-31,North America,0,0
Monthly,2004-10-31,Europe,151929946.5,11.23888454
Monthly,2004-10-31,Asia,0,0
Monthly,2004-10-31,Other,-7985710,-0.62257972
Monthly,2004-11-30,North America,1483326000,103.55173506
Monthly,2004-11-30,Europe,-49854112.3299999982,-3.52918628
Monthly,2004-11-30,Asia,0,0
Monthly,2004-11-30,Other,38125345.6199999973,2.73176168
Monthly,2004-12-31,North America,-126343144.3199999928,-8.49642055
Monthly,2004-12-31,Europe,61903486.7899999991,4.35695379
Monthly,2004-12-31,Asia,0,0
Monthly,2004-12-31,Other,6632367.9299999997,0.49274049
Monthly,2005-01-31,North America,800040999.9600000381,58.23533507
Monthly,2005-01-31,Europe,-27114520,-2.09689098
Monthly,2005-01-31,Asia,0,0
Monthly,2005-01-31,Other,-22662.26,-0.02212525
Monthly,2005-02-28,North America,703343000,51.84267766
Monthly,2005-02-28,Europe,-65466430,-4.62226502
Monthly,2005-02-28,Asia,0,0
Monthly,2005-02-28,Other,1643423.6499999999,0.11501936
Monthly,2005-03-31,North America,-264209999.9999999702,-19.177838
Monthly,2005-03-31,Europe,61439500,4.34286881
Monthly,2005-03-31,Asia,0,0
Monthly,2005-03-31,Other,-1711985.24,-0.11922547
Monthly,2005-04-30,North America,77474000,5.49459838
Monthly,2005-04-30,Europe,-24770160,-2.00798176
Monthly,2005-04-30,Asia,0,0
Monthly,2005-04-30,Other,5081970,0.39378156
Monthly,2005-05-31,North America,4186099.9999999995,0.46590588
Monthly,2005-05-31,Europe,-24167860,-1.62779135
Monthly,2005-05-31,Asia,0,0
Monthly,2005-05-31,Other,-289100.24,-0.06115984
Monthly,2005-06-30,North America,86516634.1400000006,6.02618992
Monthly,2005-06-30,Europe,-1451140,-0.17916223
Monthly,2005-06-30,Asia,0,0
Monthly,2005-06-30,Other,46796.23,0.00072833
Monthly,2005-07-31,North America,187445000,13.7332029
Monthly,2005-07-31,Europe,12846050,0.96242586
Monthly,2005-07-31,Asia,0,0
Monthly,2005-07-31,Other,0,0.04171813
Monthly,2005-08-31,North America,94578000,6.82454391
Monthly,2005-08-31,Europe,2168320,0.12277857
Monthly,2005-08-31,Asia,0,0
Monthly,2005-08-31,Other,955564.5900000001,0.05561246
Monthly,2005-09-30,North America,219617000,14.79891827
Monthly,2005-09-30,Europe,11638400,0.438192
Monthly,2005-09-30,Asia,0,0
Monthly,2005-09-30,Other,1168273.5799999998,0.07741631
Monthly,2005-10-31,North America,102441800,6.68622242
Monthly,2005-10-31,Europe,46879320,2.86343714
Monthly,2005-10-31,Asia,0,0
Monthly,2005-10-31,Other,2402657.29,0.1310259
Monthly,2005-11-30,North America,294320100,18.98049966
Monthly,2005-11-30,Europe,120074450,6.86963426
Monthly,2005-11-30,Asia,0,0
Monthly,2005-11-30,Other,4155672.5500000003,0.2968494
Monthly,2005-12-31,North America,599895000,36.8283423
Monthly,2005-12-31,Europe,89515680,7.25863757
Monthly,2005-12-31,Asia,0,0
Monthly,2005-12-31,Other,80304060,4.92879646
Monthly,2006-01-31,North America,1363259106.0799999237,76.91560253
Monthly,2006-01-31,Europe,44448030,1.93106737
Monthly,2006-01-31,Asia,0,0
Monthly,2006-01-31,Other,32530114.3000000007,1.88021356
Monthly,2006-02-28,North America,280770000,15.0636921
Monthly,2006-02-28,Europe,81474800,5.04632397
Monthly,2006-02-28,Asia,0,0
Monthly,2006-02-28,Other,20269375.8300000019,1.10979122
Monthly,2006-03-31,North America,109348900,5.83637404
Monthly,2006-03-31,Europe,60658556.200000003,3.75542935
Monthly,2006-03-31,Asia,0,0
Monthly,2006-03-31,Other,5975896.3600000003,0.35341248
Monthly,2006-04-30,North America,278800000,14.70543085
Monthly,2006-04-30,Europe,188356356.5,10.31349591
Monthly,2006-04-30,Asia,0,0
Monthly,2006-04-30,Other,8565220,0.45610079
Monthly,2006-05-31,North America,-132777300,-6.47599834
Monthly,2006-05-31,Europe,13168783,-1.06134508
Monthly,2006-05-31,Asia,0,0
Monthly,2006-05-31,Other,11329044.4299999997,0.3437602
Monthly,2006-06-30,North America,398694300,21.52144123
Monthly,2006-06-30,Europe,147444349.75,8.69721426
Monthly,2006-06-30,Asia,0,0
Monthly,2006-06-30,Other,5113765.1699999999,0.31755039
Monthly,2006-07-31,North America,284367800,13.89935336
Monthly,2006-07-31,Europe,-5606310.1499999994,0.17322286
Monthly,2006-07-31,Asia,0,0
Monthly,2006-07-31,Other,4442192.8099999996,0.2557722
Monthly,2006-08-31,North America,173346100,8.368547
Monthly,2006-08-31,Europe,19628613,0.68226542
Monthly,2006-08-31,Asia,0,0
Monthly,2006-08-31,Other,-18704912.620000001,-1.02950171
Monthly,2006-09-30,North America,-104246200,-5.92804543
Monthly,2006-09-30,Europe,-1676710,-0.36192153
Monthly,2006-09-30,Asia,0,0
Monthly,2006-09-30,Other,25403510,1.22622701
Monthly,2006-10-31,North America,33464200,1.80630732
Monthly,2006-10-31,Europe,86210043,5.19398775
Monthly,2006-10-31,Asia,0,0
Monthly,2006-10-31,Other,-5223191.9800000004,-0.07703092
Monthly,2006-11-30,North America,1072513200.0000001192,52.92662241
Monthly,2006-11-30,Europe,163605495.1099999845,7.39899967
Monthly,2006-11-30,Asia,0,0
Monthly,2006-11-30,Other,7489540.71,0.3113376
Monthly,2006-12-31,North America,275933200,13.51702119
Monthly,2006-12-31,Europe,-62351115.8100000024,-2.55147892
Monthly,2006-12-31,Asia,0,0
Monthly,2006-12-31,Other,11472350,0.55545306
Monthly,2007-01-31,North America,2557876.1099999999,-3.16187046
Monthly,2007-01-31,Europe,14970577.9900000002,0.95532324
Monthly,2007-01-31,Asia,0,0
Monthly,2007-01-31,Other,6682128.8099999996,0.37551432
Monthly,2007-02-28,North America,610946100,31.84255792
Monthly,2007-02-28,Europe,27025637,1.3506723
Monthly,2007-02-28,Asia,0,0
Monthly,2007-02-28,Other,24703730.879999999,1.12378848
Monthly,2007-03-31,North America,72279600,2.80246673
Monthly,2007-03-31,Europe,37918028.3900000006,1.66406697
Monthly,2007-03-31,Asia,22071957.3599999994,1.02838461
Monthly,2007-03-31,Other,15722700,0.66982921
Monthly,2007-04-30,North America,205118000,9.51697544
Monthly,2007-04-30,Europe,61609369.3999999985,3.00112079
Monthly,2007-04-30,Asia,1429990,1.4673815
Monthly,2007-04-30,Other,2557701.4899999998,0.21096037
Monthly,2007-05-31,North America,-505418400,-23.99443072
Monthly,2007-05-31,Europe,34347592.200000003,1.25318531
Monthly,2007-05-31,Asia,5633370,0.27034926
Monthly,2007-05-31,Other,40553991.6199999973,1.81457052
Monthly,2007-06-30,North America,-72427800,-4.1521238
Monthly,2007-06-30,Europe,127872358.0799999982,5.89226899
Monthly,2007-06-30,Asia,4403060,0.20312329
Monthly,2007-06-30,Other,15485640,0.73393252
Monthly,2007-07-31,North America,701166000,33.01688754
Monthly,2007-07-31,Europe,51818784.6899999976,2.20401336
Monthly,2007-07-31,Asia,590050,0.01998892
Monthly,2007-07-31,Other,31610986.120000001,1.66754681
Monthly,2007-08-31,North America,423945400,19.6313882
Monthly,2007-08-31,Europe,12023853.5599999987,2.53311315
Monthly,2007-08-31,Asia,9070788.040000001,0.38576505
Monthly,2007-08-31,Other,56992943.2899999991,2.54156217
Monthly,2007-09-30,North America,1471415200,65.25779431
Monthly,2007-09-30,Europe,209253817.0900000036,8.86742164
Monthly,2007-09-30,Asia,894197.62,0.02442999
Monthly,2007-09-30,Other,48920460,2.01677665
Monthly,2007-10-31,North America,527763700,21.94070308
Monthly,2007-10-31,Europe,215424174.8100000024,8.84511148
Monthly,2007-10-31,Asia,138556.8,-0.00348945
Monthly,2007-10-31,Other,52655951.799999997,2.23177254
Monthly,2007-11-30,North America,172881100,5.68378575
Monthly,2007-11-30,Europe,81042465.8999999911,2.83737943
Monthly,2007-11-30,Asia,28625786,1.10218559
Monthly,2007-11-30,Other,43224843.7700000033,1.56343737
Monthly,2007-12-31,North America,726887151.8300000429,27.71192726
Monthly,2007-12-31,Europe,50774767.3300000057,2.31558367
Monthly,2007-12-31,Asia,-3165395.9500000002,-0.11341903
Monthly,2007-12-31,Other,130123787.3599999994,4.91537501
Monthly,2008-01-31,North America,229119500,7.99608574
Monthly,2008-01-31,Europe,436335480.9399999976,15.69208133
Monthly,2008-01-31,Asia,-10052869.4000000004,-0.3433731
Monthly,2008-01-31,Other,127510720.0700000077,4.86296882
Monthly,2008-02-29,North America,258813200,8.4535604
Monthly,2008-02-29,Europe,271004619.4099999666,9.09246135
Monthly,2008-02-29,Asia,-1384864.45,-0.03968818
Monthly,2008-02-29,Other,46007139.1099999994,1.07472753
Monthly,2008-03-31,North America,258772900,4.87615972
Monthly,2008-03-31,Europe,550691035.9400000572,17.27182381
Monthly,2008-03-31,Asia,-2795032.4900000002,-0.10020917
Monthly,2008-03-31,Other,103174935,3.41177436
Monthly,2008-04-30,North America,-1811205000,-61.67918802
Monthly,2008-04-30,Europe,104359503.7900000066,3.37114778
Monthly,2008-04-30,Asia,259760,0.01263891
Monthly,2008-04-30,Other,-40804588.8400000036,-1.30052214
Monthly,2008-05-31,North America,463264000,18.10678404
Monthly,2008-05-31,Europe,139066654.9899999797,5.21697379
Monthly,2008-05-31,Asia,9758910.4000000004,0.31476329
Monthly,2008-05-31,Other,-269430520,-8.95789559
Monthly,2008-06-30,North America,1337735000,44.34634761
Monthly,2008-06-30,Europe,155849324.25,5.48157519
Monthly,2008-06-30,Asia,2139164.96,0.08320235
Monthly,2008-06-30,Other,-892525.79,-0.06176514
Monthly,2008-07-31,North America,916362200,29.17635793
Monthly,2008-07-31,Europe,1046023433.3700000048,35.34099912
Monthly,2008-07-31,Asia,2564320.6799999997,0.07017291
Monthly,2008-07-31,Other,66081105.5399999991,2.12356525
Monthly,2008-08-31,North America,-637871700,-23.69304591
Monthly,2008-08-31,Europe,61346056.5,2.39069627
Monthly,2008-08-31,Asia,12122046.4000000004,0.43875141
Monthly,2008-08-31,Other,-25688950,-1.08037471
Monthly,2008-09-30,North America,3121532600,103.56675858
Monthly,2008-09-30,Europe,168938865.7700000107,4.0557531
Monthly,2008-09-30,Asia,2346054.1300000004,0.13431795
Monthly,2008-09-30,Other,-55134495.9700000063,-2.14959108
Monthly,2008-10-31,North America,-16825100,-1.70101307
Monthly,2008-10-31,Europe,968838511.8899999857,38.88527537
Monthly,2008-10-31,Asia,-13157587.290000001,-1.2332669
Monthly,2008-10-31,Other,-19897855.4099999964,0.01608026
Monthly,2008-11-30,North America,257400100,11.23792852
Monthly,2008-11-30,Europe,100587094.5900000036,4.24856736
Monthly,2008-11-30,Asia,199917.36,0.0080887
Monthly,2008-11-30,Other,13928710,-0.29257728
Monthly,2008-12-31,North America,677990909.0500000715,25.71567553
Monthly,2008-12-31,Europe,501038474.969999969,19.09570565
Monthly,2008-12-31,Asia,46253064.1600000039,1.68064047
Monthly,2008-12-31,Other,26515189.129999999,1.27869068
Monthly,2009-01-31,North America,1816673800,64.49628753
Monthly,2009-01-31,Europe,977047628.5299999714,34.21164757
Monthly,2009-01-31,Asia,-6822094.7000000002,-0.17776347
Monthly,2009-01-31,Other,39221190,1.11119587
Monthly,2009-02-28,North America,5575634900,183.42272958
Monthly,2009-02-28,Europe,1189075861.3099999428,38.95186896
Monthly,2009-02-28,Asia,-4695924.7199999997,-0.1879622
Monthly,2009-02-28,Other,15405110,1.47137027
Monthly,2009-03-31,North America,2955662000,99.21631446
Monthly,2009-03-31,Europe,1007286972.2200000286,33.77387829
Monthly,2009-03-31,Asia,-5269570.8499999996,-0.1788196
Monthly,2009-03-31,Other,-23266942.5399999991,-0.50774558
Monthly,2009-04-30,North America,-619461400,-22.27945835
Monthly,2009-04-30,Europe,587017165.4199999571,20.6097261
Monthly,2009-04-30,Asia,167688,0.00306826
Monthly,2009-04-30,Other,2446824.3399999999,-0.75388414
Monthly,2009-05-31,North America,834289500.1000000238,26.32574128
Monthly,2009-05-31,Europe,289003587.0899999738,11.7619843
Monthly,2009-05-31,Asia,1178846.53,0.01053764
Monthly,2009-05-31,Other,137582840,4.16807477
Monthly,2009-06-30,North America,147477015.599999994,2.34606403
Monthly,2009-06-30,Europe,234748780.2599999905,6.18802585
Monthly,2009-06-30,Asia,27278995.3399999999,0.89104467
Monthly,2009-06-30,Other,167718490.9699999988,5.30529722
Monthly,2009-07-31,North America,-1368747300,-43.64628812
Monthly,2009-07-31,Europe,64818281.4200000018,5.08178326
Monthly,2009-07-31,Asia,2445438.0600000001,0.07544598
Monthly,2009-07-31,Other,167128534.0500000119,5.95915047
Monthly,2009-08-31,North America,-288357000,-11.54114605
Monthly,2009-08-31,Europe,784632976.0999999046,23.96010424
Monthly,2009-08-31,Asia,2133200.2200000002,0.04374665
Monthly,2009-08-31,Other,33268364.620000001,0.73410653
Monthly,2009-09-30,North America,1217381400,39.41382079
Monthly,2009-09-30,Europe,664362172.3899999857,22.44432818
Monthly,2009-09-30,Asia,18344402,0.57001824
Monthly,2009-09-30,Other,211171158.4200000167,6.8407365
Monthly,2009-10-31,North America,550514000,15.05997872
Monthly,2009-10-31,Europe,898035346.3200000525,26.94715734
Monthly,2009-10-31,Asia,6557720.8899999997,0.1739617
Monthly,2009-10-31,Other,95821700,1.79503964
Monthly,2009-11-30,North America,1526270300,40.91092568
Monthly,2009-11-30,Europe,42661832.0300000012,1.53923116
Monthly,2009-11-30,Asia,5827992.2700000005,0.12951036
Monthly,2009-11-30,Other,51890022.1400000006,2.02976549
Monthly,2009-12-31,North America,120680732.2100000083,2.06395795
Monthly,2009-12-31,Europe,-343134060.0400000215,-12.55250511
Monthly,2009-12-31,Asia,40909130.9699999988,1.15397653
Monthly,2009-12-31,Other,-5925787.0199999996,-0.05560938
Monthly,2010-01-31,North America,-770777700,-20.84554789
Monthly,2010-01-31,Europe,38847470.1600000039,-0.21405113
Monthly,2010-01-31,Asia,26839269.4200000018,0.77291044
Monthly,2010-01-31,Other,-33009030.0000000037,-0.85506934
Monthly,2010-02-28,North America,49707200,1.48964652
Monthly,2010-02-28,Europe,555132424.25,15.9769874
Monthly,2010-02-28,Asia,21559526.3599999994,0.54806302
Monthly,2010-02-28,Other,-25803020,-0.53793632
Monthly,2010-03-31,North America,611943080,16.28269177
Monthly,2010-03-31,Europe,421939450.1599999666,11.1227926
Monthly,2010-03-31,Asia,13858247.2300000004,0.44781986
Monthly,2010-03-31,Other,-87343185.8299999982,-2.22185619
Monthly,2010-04-30,North America,1140070600,30.50652238
Monthly,2010-04-30,Europe,753355892.2699999809,18.8354756
Monthly,2010-04-30,Asia,9800210.4400000013,0.24549649
Monthly,2010-04-30,Other,-25475501.4799999967,-1.39007238
Monthly,2010-05-31,North America,4828736880,125.20304764
Monthly,2010-05-31,Europe,1999183513.5199999809,47.6311033
Monthly,2010-05-31,Asia,1117562.1200000001,0.00181223
Monthly,2010-05-31,Other,-149365372.6599999964,-3.45424231
Monthly,2010-06-30,North America,2249533760,55.52039494
Monthly,2010-06-30,Europe,876067350.4799998999,23.23312354
Monthly,2010-06-30,Asia,235978.63,0.02604879
Monthly,2010-06-30,Other,163458409.5300000012,4.0266483
Monthly,2010-07-31,North America,-1220057910,-31.41612848
Monthly,2010-07-31,Europe,-228480194.099999994,-0.05649714
Monthly,2010-07-31,Asia,69875912.8900000006,1.77479512
Monthly,2010-07-31,Other,-6212840,-0.19653487
Monthly,2010-08-31,North America,1146596920,27.2715512
Monthly,2010-08-31,Europe,755759573.810000062,16.21924672
Monthly,2010-08-31,Asia,84076362.75,2.12840198
Monthly,2010-08-31,Other,63510577.450000003,1.46125674
Monthly,2010-09-30,North America,764696010,18.27454433
Monthly,2010-09-30,Europe,530800795.6599999666,17.34500712
Monthly,2010-09-30,Asia,71931551.5400000066,1.82627563
Monthly,2010-09-30,Other,-39720528.4900000021,-1.04886585
Monthly,2010-10-31,North America,-344056585,-7.80013362
Monthly,2010-10-31,Europe,140070232.9300000072,5.93461595
Monthly,2010-10-31,Asia,27064224.9399999976,0.5099694
Monthly,2010-10-31,Other,12723100,0.20783112
Monthly,2010-11-30,North America,62588030,-0.06797422
Monthly,2010-11-30,Europe,522250875.1100000143,5.96338984
Monthly,2010-11-30,Asia,85502357.3400000036,2.02018708
Monthly,2010-11-30,Other,39540302.5199999958,1.24693405
Monthly,2010-12-31,North America,266469117.9699999988,5.60385012
Monthly,2010-12-31,Europe,485120498.6499999762,16.37506826
Monthly,2010-12-31,Asia,53392986.3200000003,1.1630601
Monthly,2010-12-31,Other,-13400434.040000001,-0.25630787
Monthly,2011-01-31,North America,-2570449022.5999999046,-59.70322589
Monthly,2011-01-31,Europe,-656945932.7300000191,-15.2183675
Monthly,2011-01-31,Asia,34051495.5900000036,0.81870711
Monthly,2011-01-31,Other,-14491575.870000001,-0.57750075
Monthly,2011-02-28,North America,-280433238.3999999762,-6.15294269
Monthly,2011-02-28,Europe,161681694.2000000179,4.28143275
Monthly,2011-02-28,Asia,16202900.1699999999,0.2007693
Monthly,2011-02-28,Other,-73844143.7599999905,-1.98224393
Monthly,2011-03-31,North America,383991051.5999999642,8.00043695
Monthly,2011-03-31,Europe,644984809.5399999619,15.29343373
Monthly,2011-03-31,Asia,131160123.8700000048,2.86215086
Monthly,2011-03-31,Other,-55884080.8200000003,-1.02961539
Monthly,2011-04-30,North America,1683915149.0999999046,36.58239023
Monthly,2011-04-30,Europe,593740981.3000000715,23.44761164
Monthly,2011-04-30,Asia,72911780.7199999988,1.46268625
Monthly,2011-04-30,Other,57469100,1.07398947
Monthly,2011-05-31,North America,-739720660.8000000715,-17.04463433
Monthly,2011-05-31,Europe,-39814234.3999999985,-6.31259582
Monthly,2011-05-31,Asia,51338225.2899999991,1.04760323
Monthly,2011-05-31,Other,-79819221.3400000036,-1.48953027
Monthly,2011-06-30,North America,248711593.599999994,4.43388795
Monthly,2011-06-30,Europe,493129671,9.49528709
Monthly,2011-06-30,Asia,201570899.5900000036,4.0532946
Monthly,2011-06-30,Other,20210250.3099999987,0.37941474
Monthly,2011-07-31,North America,3839261999.7000002861,74.88486421
Monthly,2011-07-31,Europe,1848778376.129999876,41.90469499
Monthly,2011-07-31,Asia,29033680.9199999981,0.55308736
Monthly,2011-07-31,Other,4881940,0.00793483
Monthly,2011-08-31,North America,-1216688468.0999999046,-18.45286448
Monthly,2011-08-31,Europe,1250265243.3499999046,20.47219711
Monthly,2011-08-31,Asia,80688341.6600000113,1.38437153
Monthly,2011-08-31,Other,-151138002.5500000119,-2.46296962
Monthly,2011-09-30,North America,-15734675.5999999996,-4.4876044
Monthly,2011-09-30,Europe,409401304.8499999642,-8.0530747
Monthly,2011-09-30,Asia,406812532.1200000048,7.35577383
Monthly,2011-09-30,Other,255074822.5799999833,-0.9119001
Monthly,2011-10-31,North America,806520377.1000000238,14.88849059
Monthly,2011-10-31,Europe,1067874612.6599999666,23.16159899
Monthly,2011-10-31,Asia,138165578.75,2.60117196
Monthly,2011-10-31,Other,-415282678.4700000286,-2.55964408
Monthly,2011-11-30,North America,5328848579.0900001526,93.91325264
Monthly,2011-11-30,Europe,1174638809.8100001812,16.27886581
Monthly,2011-11-30,Asia,10336016.5599999987,0.1303496
Monthly,2011-11-30,Other,-89608633.9699999988,-1.41828209
Monthly,2011-12-31,North America,-2304098610.5,-43.00948528
Monthly,2011-12-31,Europe,813583566.0300000906,20.36622156
Monthly,2011-12-31,Asia,70941709.5400000066,1.52338197
Monthly,2011-12-31,Other,-13293750,-0.11172054
Monthly,2012-01-31,North America,1550756723.8500001431,25.57626701
Monthly,2012-01-31,Europe,158001941.6299999952,-7.13505967
Monthly,2012-01-31,Asia,10655430.8599999994,0.19472629
Monthly,2012-01-31,Other,-8324958.0999999996,-0.47244318
Monthly,2012-02-29,North America,1630610160,27.95889869
Monthly,2012-02-29,Europe,165267772,-1.59619902
Monthly,2012-02-29,Asia,-3770842.6099999999,-0.1477074
Monthly,2012-02-29,Other,-52611758.799999997,-0.8001751
Monthly,2012-03-31,North America,-404422415.6000000238,-6.60457151
Monthly,2012-03-31,Europe,752809233.6000000238,23.4613835
Monthly,2012-03-31,Asia,88332417.5700000077,2.04787474
Monthly,2012-03-31,Other,-1150690,0.11696224
Monthly,2012-04-30,North America,-457674070,-8.85804281
Monthly,2012-04-30,Europe,252024154.1100000143,4.00821391
Monthly,2012-04-30,Asia,61056646.2400000021,0.71089266
Monthly,2012-04-30,Other,-29935291.0500000007,-0.9108111
Monthly,2012-05-31,North America,-584896755.6000000238,-12.55572696
Monthly,2012-05-31,Europe,-710611617.1499999762,-27.22349346
Monthly,2012-05-31,Asia,6043415.1900000004,0.31997248
Monthly,2012-05-31,Other,-53843582.3200000003,-0.70173354
Monthly,2012-06-30,North America,766910927.3999999762,13.95917433
Monthly,2012-06-30,Europe,1454691327.5899999142,29.58613815
Monthly,2012-06-30,Asia,-32029596.4999999963,-1.00849281
Monthly,2012-06-30,Other,70765570,1.22042219
Monthly,2012-07-31,North America,-1274269490,-25.53179124
Monthly,2012-07-31,Europe,748891419.3399999142,8.35678412
Monthly,2012-07-31,Asia,5016526.2800000003,0.2398881
Monthly,2012-07-31,Other,79268584.2300000042,1.19731241
Monthly,2012-08-31,North America,2319973835.0999999046,45.37208204
Monthly,2012-08-31,Europe,1225127692.6600000858,34.56026522
Monthly,2012-08-31,Asia,-11881486.1400000006,-0.33588396
Monthly,2012-08-31,Other,16467409.6399999987,0.36435008
Monthly,2012-09-30,North America,2937327782.7000002861,50.00139283
Monthly,2012-09-30,Europe,1674686968.4800000191,25.68574054
Monthly,2012-09-30,Asia,53822620.3799999952,1.07850959
Monthly,2012-09-30,Other,121779260,2.35887622
Monthly,2012-10-31,North America,1396987200,23.89399833
Monthly,2012-10-31,Europe,931309619,18.79854144
Monthly,2012-10-31,Asia,36518016,0.7034568
Monthly,2012-10-31,Other,122559797.2900000066,2.0739979
Monthly,2012-11-30,North America,1041065702.6999999285,16.31470054
Monthly,2012-11-30,Europe,819793490.9800000191,13.09749978
Monthly,2012-11-30,Asia,51983096.8500000015,0.79985321
Monthly,2012-11-30,Other,51574629.75,0.63346724
Monthly,2012-12-31,North America,363104895.6899999976,8.45606009
Monthly,2012-12-31,Europe,-223521523.849999994,1.15107946
Monthly,2012-12-31,Asia,88705513.7899999917,1.56122408
Monthly,2012-12-31,Other,26231155.0899999999,0.55718171
Monthly,2013-01-31,North America,-1021630491.3000000715,-19.72240965
Monthly,2013-01-31,Europe,-243946593.6100000143,-3.9589277
Monthly,2013-01-31,Asia,22406836.7399999984,0.60912471
Monthly,2013-01-31,Other,40419026.2400000021,0.83739958
Monthly,2013-02-28,North America,-4070848207.8000001907,-76.79816629
Monthly,2013-02-28,Europe,-1572788045.9800000191,-38.84571043
Monthly,2013-02-28,Asia,-37604287.3800000027,-1.48889706
Monthly,2013-02-28,Other,-52906208.0300000012,-1.17442304
Monthly,2013-03-31,North America,-1787590864.2000000477,-38.90756935
Monthly,2013-03-31,Europe,-475309267.9900000095,-12.19686856
Monthly,2013-03-31,Asia,8772104.8699999992,0.93574607
Monthly,2013-03-31,Other,-9364200,-0.13428268
Monthly,2013-04-30,North America,-7609494100.9000005722,-160.47098354
Monthly,2013-04-30,Europe,-1191540638.4600000381,-20.60606532
Monthly,2013-04-30,Asia,11472788.5700000003,0.10287868
Monthly,2013-04-30,Other,84120031.2600000054,1.99145198
Monthly,2013-05-31,North America,-3433355294.3999996185,-77.03204714
Monthly,2013-05-31,Europe,-2791563832.3899998665,-67.89854297
Monthly,2013-05-31,Asia,-3704006.1999999997,-0.28834173
Monthly,2013-05-31,Other,-99348225.7199999988,-2.2505759
Monthly,2013-06-30,North America,-2299481476.0999999046,-52.88824551
Monthly,2013-06-30,Europe,-1937084380.2599999905,-37.37898648
Monthly,2013-06-30,Asia,-39946351.0799999982,-1.5775566
Monthly,2013-06-30,Other,-110452747.900000006,-3.29870757
Monthly,2013-07-31,North America,-1719713542.2999999523,-44.16664247
Monthly,2013-07-31,Europe,-1156102296.8299999237,-31.50444853
Monthly,2013-07-31,Asia,88637428.0400000066,2.32541261
Monthly,2013-07-31,Other,-24101728.7100000009,-0.9129007
Monthly,2013-08-31,North America,-284468610,-8.29273145
Monthly,2013-08-31,Europe,-462983318.9200000167,-13.12321241
Monthly,2013-08-31,Asia,-120411933.7199999988,-1.40323843
Monthly,2013-08-31,Other,-21290166.4000000022,-0.67171587
Monthly,2013-09-30,North America,-604933869.1000000238,-14.00883094
Monthly,2013-09-30,Europe,-524626844.6499999762,-8.38174566
Monthly,2013-09-30,Asia,-39970187.75,-2.15522963
Monthly,2013-09-30,Other,-58564589.2300000042,-0.93538747
Monthly,2013-10-31,North America,-1695377581.4000000954,-41.09737892
Monthly,2013-10-31,Europe,-453278839.8299999833,-11.31331045
Monthly,2013-10-31,Asia,-43389990.7100000009,-1.9762403
Monthly,2013-10-31,Other,-6407111.9000000004,-0.03818958
Monthly,2013-11-30,North America,-1308395809.3000001907,-32.87865619
Monthly,2013-11-30,Europe,-556777285.6499999762,-14.34754031
Monthly,2013-11-30,Asia,-16288398.6400000006,-1.33398921
Monthly,2013-11-30,Other,-7685765.4699999997,-0.0020114
Monthly,2013-12-31,North America,-2058884424.1600000858,-52.53065971
Monthly,2013-12-31,Europe,-1603159751.1400001049,-37.71923836
Monthly,2013-12-31,Asia,-527369.3099999999,0.17243824
Monthly,2013-12-31,Other,-14815903.7599999998,-0.48372653
Monthly,2014-01-31,North America,-427550282.7000000477,-12.0560658
Monthly,2014-01-31,Europe,-472247893.1399999857,-16.27457551
Monthly,2014-01-31,Asia,-52245393.7300000042,-0.69152625
Monthly,2014-01-31,Other,-22797188.8900000006,0.0462542
Monthly,2014-02-28,North America,412534004.5,9.96710445
Monthly,2014-02-28,Europe,-74440038.6099999994,1.97992178
Monthly,2014-02-28,Asia,-35361393.1200000048,0.04358257
Monthly,2014-02-28,Other,-34521820.7599999979,-1.54731652
Monthly,2014-03-31,North America,465998750.5,9.97666747
Monthly,2014-03-31,Europe,141602618.0699999928,1.35117791
Monthly,2014-03-31,Asia,-32892442.1400000006,-0.53249237
Monthly,2014-03-31,Other,-31579868.1499999985,-0.43897264
Monthly,2014-04-30,North America,-1079124833.3000001907,-25.75185404
Monthly,2014-04-30,Europe,420907262.7900000215,12.04961105
Monthly,2014-04-30,Asia,45526219.8800000027,-1.67995251
Monthly,2014-04-30,Other,44073874.4499999955,0.88543693
Monthly,2014-05-31,North America,-110105360,-2.98589974
Monthly,2014-05-31,Europe,-141630633.8500000238,-6.17865027
Monthly,2014-05-31,Asia,-46876254.4600000009,0.2165598
Monthly,2014-05-31,Other,32386800,0.61930683
Monthly,2014-06-30,North America,301763747.2999999523,7.30692715
Monthly,2014-06-30,Europe,-407535456.3999999762,-7.80863695
Monthly,2014-06-30,Asia,-20785246,-0.08538601
Monthly,2014-06-30,Other,22913560.4899999984,0.60648076
Monthly,2014-07-31,North America,516226610.0000000596,11.17760868
Monthly,2014-07-31,Europe,99811727.7399999946,-2.50195673
Monthly,2014-07-31,Asia,-13809818.25,-0.30772531
Monthly,2014-07-31,Other,-5225960.5699999994,-0.02361392
Monthly,2014-08-31,North America,-324806170,-8.02353004
Monthly,2014-08-31,Europe,133176255.9199999869,1.7865088
Monthly,2014-08-31,Asia,-18913282.7399999984,-0.41691148
Monthly,2014-08-31,Other,-160672000,-4.01532966
Monthly,2014-09-30,North America,-1113146714.5,-29.08887203
Monthly,2014-09-30,Europe,-441649944.0500000119,-17.15873491
Monthly,2014-09-30,Asia,5216265.8000000007,0.03896681
Monthly,2014-09-30,Other,38223942.1700000018,1.04642559
Monthly,2014-10-31,North America,-1177924062.2000000477,-29.54992934
Monthly,2014-10-31,Europe,-30527823.9000000022,0.054455
Monthly,2014-10-31,Asia,12754078.0099999998,0.36771878
Monthly,2014-10-31,Other,35396893.2200000063,0.64655794
Monthly,2014-11-30,North America,-907591147.0999999046,-25.62848991
Monthly,2014-11-30,Europe,-155491790.1200000048,-6.5991561
Monthly,2014-11-30,Asia,-7157698.3300000001,-0.24777571
Monthly,2014-11-30,Other,-147790700,-3.94978542
Monthly,2014-12-31,North America,-421525997.6200000048,-11.73049034
Monthly,2014-12-31,Europe,-127663337.5600000024,-5.10813937
Monthly,2014-12-31,Asia,-13417591.120000001,-0.13497274
Monthly,2014-12-31,Other,-83458457.8200000077,-1.91207272
Monthly,2015-01-31,North America,2227947223.1399998665,54.69382915
Monthly,2015-01-31,Europe,230102359.7699999809,6.7438798
Monthly,2015-01-31,Asia,-41801262.8200000003,-1.13052828
Monthly,2015-01-31,Other,-26639600,-0.79733315
Monthly,2015-02-28,North America,485024719.3899999857,10.88637147
Monthly,2015-02-28,Europe,621126677.9799998999,12.59721142
Monthly,2015-02-28,Asia,754541.46,0.03649704
Monthly,2015-02-28,Other,-122131890,-3.16731628
Monthly,2015-03-31,North America,-1360523819.7199997902,-36.04417821
Monthly,2015-03-31,Europe,-531065549.8900000453,-17.45599462
Monthly,2015-03-31,Asia,82232279.4300000072,1.83868557
Monthly,2015-03-31,Other,-22771584.7800000012,-0.38342682
Monthly,2015-04-30,North America,109433808.6799999923,3.07519878
Monthly,2015-04-30,Europe,103301644.2399999946,6.43855445
Monthly,2015-04-30,Asia,-17257330.5899999999,-0.12426848
Monthly,2015-04-30,Other,-75614440.0200000107,-2.04523065
Monthly,2015-05-31,North America,-869802292.5,-23.03426483
Monthly,2015-05-31,Europe,194765780.099999994,3.77190904
Monthly,2015-05-31,Asia,-29415779.1999999993,-0.73151677
Monthly,2015-05-31,Other,-10490700,-0.36759052
Monthly,2015-06-30,North America,-141952494.9600000083,-3.94356169
Monthly,2015-06-30,Europe,-119107757.3799999952,-2.60896695
Monthly,2015-06-30,Asia,23261134.1999999993,0.69801242
Monthly,2015-06-30,Other,-49999524.950000003,-1.21107191
Monthly,2015-07-31,North America,-1592180715.1400001049,-45.22151865
Monthly,2015-07-31,Europe,-829939008.1499999762,-26.84146093
Monthly,2015-07-31,Asia,17277928.6799999997,0.22253696
Monthly,2015-07-31,Other,-32303787.1399999969,-1.1109363
Monthly,2015-08-31,North America,318429325.5,8.01393478
Monthly,2015-08-31,Europe,-70213987.3700000048,-2.1665266
Monthly,2015-08-31,Asia,94546450.6800000072,2.47297828
Monthly,2015-08-31,Other,-70047037.9900000095,-1.69335473
Monthly,2015-09-30,North America,126063143.1799999923,3.11722355
Monthly,2015-09-30,Europe,-221560653.4499999881,-6.4965471
Monthly,2015-09-30,Asia,-18754411.4399999976,-0.22648062
Monthly,2015-09-30,Other,178767769.1599999964,4.73434252
Monthly,2015-10-31,North America,216713410,5.5266997
Monthly,2015-10-31,Europe,196202186.9900000095,3.41536404
Monthly,2015-10-31,Asia,-10591040.4499999993,-0.38194109
Monthly,2015-10-31,Other,22017100,0.62106459
Monthly,2015-11-30,North America,-1437104160.6800000668,-41.01359422
Monthly,2015-11-30,Europe,-124495020.5899999887,-7.9063098
Monthly,2015-11-30,Asia,55688677.2399999946,1.48588495
Monthly,2015-11-30,Other,-9701249.4399999995,-0.55101851
Monthly,2015-12-31,North America,-665773039.2800000906,-19.6964242
Monthly,2015-12-31,Europe,-426494473,-9.9683046
Monthly,2015-12-31,Asia,91212966.6799999923,2.65760003
Monthly,2015-12-31,Other,-32635879.5700000003,-0.33461392
Monthly,2016-01-31,North America,2194370679.1999998093,40.11138245
Monthly,2016-01-31,Europe,594481858.1800000668,14.8566976
Monthly,2016-01-31,Asia,32730471.6399999969,1.06850611
Monthly,2016-01-31,Other,0,-0.16637141
Monthly,2016-02-29,North America,5085709568.2899999619,131.09872682
Monthly,2016-02-29,Europe,2764698190.470000267,71.25813417
Monthly,2016-02-29,Asia,207471949.599999994,5.69449071
Monthly,2016-02-29,Other,2448123.4700000002,-0.0740888
Monthly,2016-03-31,North America,1557085686.9400000572,38.02470571
Monthly,2016-03-31,Europe,1190829369.6099998951,31.74052166
Monthly,2016-03-31,Asia,253383935.25,6.19780408
Monthly,2016-03-31,Other,176689662.8000000119,4.25392719
Monthly,2016-04-30,North America,-505937521.1999999881,-12.11745327
Monthly,2016-04-30,Europe,699344672.5699999332,19.53185296
Monthly,2016-04-30,Asia,-28885746.9400000013,-1.19014095
Monthly,2016-04-30,Other,49140650,1.0272406
Monthly,2016-05-31,North America,3113511418.009999752,75.04132667
Monthly,2016-05-31,Europe,866155079.0899999142,17.5713453
Monthly,2016-05-31,Asia,149376655.0699999928,3.7472383
Monthly,2016-05-31,Other,29136259.3599999994,0.97137713
Monthly,2016-06-30,North America,3879815798.0999999046,93.14718267
Monthly,2016-06-30,Europe,1503558650.3399999142,36.23008967
Monthly,2016-06-30,Asia,85559991.0100000054,2.43832046
Monthly,2016-06-30,Other,31794639.9800000004,0.70201435
Monthly,2016-07-31,North America,912055716.8999999762,20.79344806
Monthly,2016-07-31,Europe,2024165509.0899999142,47.38088015
Monthly,2016-07-31,Asia,417482530.5200000405,9.51242422
Monthly,2016-07-31,Other,110845300,2.61685893
Monthly,2016-08-31,North America,-280655247.25,-7.85948542
Monthly,2016-08-31,Europe,1412319608.7599999905,31.37945096
Monthly,2016-08-31,Asia,6734878.7999999998,-0.03933244
Monthly,2016-08-31,Other,103771464.2699999958,2.161292
Monthly,2016-09-30,North America,303514631.8899999857,6.32732509
Monthly,2016-09-30,Europe,1482632885.7000000477,35.2977373
Monthly,2016-09-30,Asia,38155252.7699999958,0.77786155
Monthly,2016-09-30,Other,-60668733.7700000033,-1.08769123
Monthly,2016-10-31,North America,-648871.48,0.00554669
Monthly,2016-10-31,Europe,853577971.4200000763,17.80510222
Monthly,2016-10-31,Asia,250490625,5.97278047
Monthly,2016-10-31,Other,9426955.8100000005,0.17260215
Monthly,2016-11-30,North America,-3395832761.4000000954,-87.90894627
Monthly,2016-11-30,Europe,-717873720.5899999142,-23.15696447
Monthly,2016-11-30,Asia,-70836746.7399999946,-1.09071915
Monthly,2016-11-30,Other,-150849616.6399999857,-4.0095969
Monthly,2016-12-31,North America,-2558009720.8299999237,-69.59260522
Monthly,2016-12-31,Europe,-977203708.7300000191,-29.11863168
Monthly,2016-12-31,Asia,278105693.5,7.06627131
Monthly,2016-12-31,Other,-37390296.950000003,-1.48773715
Monthly,2017-01-31,North America,-691383522.8799999952,-18.23005387
Monthly,2017-01-31,Europe,1254816025.7899999619,36.80043999
Monthly,2017-01-31,Asia,24039252.3000000007,0.50016097
Monthly,2017-01-31,Other,-14648740.5099999998,-0.28217793
Monthly,2017-02-28,North America,1751342072.2999999523,43.95890961
Monthly,2017-02-28,Europe,1775858232.8699998856,42.74781838
Monthly,2017-02-28,Asia,-7067130.9300000006,-0.08287273
Monthly,2017-02-28,Other,140216728.9799999893,3.50335239
Monthly,2017-03-31,North America,-438413548.9000000358,-10.99810527
Monthly,2017-03-31,Europe,732155074.689999938,18.59526986
Monthly,2017-03-31,Asia,-288804950.7699999809,-7.1643117
Monthly,2017-03-31,Other,3548096.6600000001,0.30804661
Monthly,2017-04-30,North America,1053541803.3999999762,25.12567534
Monthly,2017-04-30,Europe,67541253.0199999958,2.87558164
Monthly,2017-04-30,Asia,-208768527.5400000215,-5.10741033
Monthly,2017-04-30,Other,16777200,0.20957658
Monthly,2017-05-31,North America,-271540115.0899999738,-7.12005678
Monthly,2017-05-31,Europe,762812644.5399999619,21.73735913
Monthly,2017-05-31,Asia,-101190069.6299999952,-2.4942112
Monthly,2017-05-31,Other,-42090639.8699999973,-0.83733826
Monthly,2017-06-30,North America,533702428.1899999976,12.59245849
Monthly,2017-06-30,Europe,367227622.3100000024,10.20259426
Monthly,2017-06-30,Asia,205318976.4699999988,4.96866773
Monthly,2017-06-30,Other,8584678.1699999999,0.36805964
Monthly,2017-07-31,North America,-2411149275.4099998474,-60.54658434
Monthly,2017-07-31,Europe,445495840.1100000143,11.93201398
Monthly,2017-07-31,Asia,4709670.04,0.16505059
Monthly,2017-07-31,Other,-39910444.2199999988,-1.27273436
Monthly,2017-08-31,North America,1317895788.5499999523,31.72226146
Monthly,2017-08-31,Europe,305534805.5200000405,7.52696172
Monthly,2017-08-31,Asia,-86445502.799999997,-2.12899802
Monthly,2017-08-31,Other,-5901517.9000000004,-0.28930025
Monthly,2017-09-30,North America,2523765853.7899999619,59.07869866
Monthly,2017-09-30,Europe,-241900723.0900000036,-7.0690901
Monthly,2017-09-30,Asia,-309300258.9599999785,-7.28616154
Monthly,2017-09-30,Other,10951538.4800000004,0.43254196
Monthly,2017-10-31,North America,-304755414.8999999762,-7.78307914
Monthly,2017-10-31,Europe,568893509.2299998999,10.51914789
Monthly,2017-10-31,Asia,17219903.2400000021,0.312054
Monthly,2017-10-31,Other,-31647181.8999999985,-0.72901971
Monthly,2017-11-30,North America,-176044354.1399999857,-5.21527477
Monthly,2017-11-30,Europe,793726161.189999938,20.71812706
Monthly,2017-11-30,Asia,919904.66,0.06172322
Monthly,2017-11-30,Other,-31486839.450000003,-0.92235112
Monthly,2017-12-31,North America,1305780382.4099998474,32.48462491
Monthly,2017-12-31,Europe,160186239.6399999857,3.72187669
Monthly,2017-12-31,Asia,589577491.8500000238,14.2145483
Monthly,2017-12-31,Other,-42824691.4900000021,-1.10914905
Monthly,2018-01-31,North America,984287236.4900000095,22.65805105
Monthly,2018-01-31,Europe,102013127.6899999976,8.89625451
Monthly,2018-01-31,Asia,-45998960.7799999937,-1.08613138
Monthly,2018-01-31,Other,-7669950.5899999999,-0.10096018
Monthly,2018-02-28,North America,-181445335.9899999797,-5.65689092
Monthly,2018-02-28,Europe,-253361964.8400000036,-8.44963812
Monthly,2018-02-28,Asia,305434807.7400000095,7.10274772
Monthly,2018-02-28,Other,-26754136.4400000013,-0.66606047
Monthly,2018-03-31,North America,851054580.4199999571,19.70088444
Monthly,2018-03-31,Europe,60517366.6000000015,0.03770298
Monthly,2018-03-31,Asia,-532497964.4400000572,-12.27635278
Monthly,2018-03-31,Other,-44682997.7299999967,-0.94944396
Monthly,2018-04-30,North America,1876400409.4600000381,43.51981606
Monthly,2018-04-30,Europe,1115247908.7699999809,21.37624408
Monthly,2018-04-30,Asia,95838020,2.141213
Monthly,2018-04-30,Other,-48073588.0799999982,-1.00582523
Monthly,2018-05-31,North America,-1206692683.9600000381,-29.63968892
Monthly,2018-05-31,Europe,1274570037.2999999523,27.15038041
Monthly,2018-05-31,Asia,854737256.7400000095,20.34040483
Monthly,2018-05-31,Other,-85030907.3299999982,-2.28426347
Monthly,2018-06-30,North America,-1861432905.7699999809,-44.41377849
Monthly,2018-06-30,Europe,59942175.6300000027,0.31826738
Monthly,2018-06-30,Asia,-226934173.4799999893,-5.5408766
Monthly,2018-06-30,Other,-98974969.3800000101,-2.01277735
Monthly,2018-07-31,North America,-987316140,-25.05086081
Monthly,2018-07-31,Europe,-294198874.719999969,-7.96972143
Monthly,2018-07-31,Asia,-204198760.0699999928,-5.12449666
Monthly,2018-07-31,Other,-28540272.75,-0.92486944
Monthly,2018-08-31,North America,-1651868695.0999999046,-44.38173046
Monthly,2018-08-31,Europe,184868249.0800000131,4.82690174
Monthly,2018-08-31,Asia,46025421.3100000024,1.21646165
Monthly,2018-08-31,Other,-47967292.0700000003,-1.494115
Monthly,2018-09-30,North America,-259543530.9999999702,-6.11726055
Monthly,2018-09-30,Europe,-399295091.5,-10.87541757
Monthly,2018-09-30,Asia,-294770152.8299999833,-7.58845619
Monthly,2018-09-30,Other,-34347498.8099999949,-0.83087739
Monthly,2018-10-31,North America,561057588.3999999762,12.37998849
Monthly,2018-10-31,Europe,633935128.3099999428,10.59313201
Monthly,2018-10-31,Asia,-261843905.849999994,-6.62136442
Monthly,2018-10-31,Other,18335641.9499999993,0.41088084
Monthly,2018-11-30,North America,361181704.1999999881,8.64115008
Monthly,2018-11-30,Europe,355726005.7099999785,9.45748164
Monthly,2018-11-30,Asia,71626963.2099999934,1.71714694
Monthly,2018-11-30,Other,-5297025.1200000001,-0.09171683
Monthly,2018-12-31,North America,1469559729.5,36.07371832
Monthly,2018-12-31,Europe,1710564539.8900001049,43.50564183
Monthly,2018-12-31,Asia,17180605.1799999997,0.37359251
Monthly,2018-12-31,Other,-39550597.3100000024,-1.04058621
Monthly,2019-01-31,North America,2221128310.5999999046,53.23349808
Monthly,2019-01-31,Europe,1056310802.2799999714,24.18097929
Monthly,2019-01-31,Asia,-4567685.1299999999,-0.1301807
Monthly,2019-01-31,Other,-2433052.21,-0.06569905
Monthly,2019-02-28,North America,-1197843821.0999999046,-29.18239717
Monthly,2019-02-28,Europe,-31038397.8300000019,-1.83321686
Monthly,2019-02-28,Asia,-146333973.5799999833,-3.42632313
Monthly,2019-02-28,Other,-5701635.5300000003,-0.1781451
Monthly,2019-03-31,North America,111305369.299999997,2.66430593
Monthly,2019-03-31,Europe,17356114.4499999993,-1.2595289
Monthly,2019-03-31,Asia,-49805834.0799999982,-1.2288422
Monthly,2019-03-31,Other,6450020.29,0.16219498
Monthly,2019-04-30,North America,-1895678737.0399999619,-46.1254985
Monthly,2019-04-30,Europe,-320706719,-10.22530806
Monthly,2019-04-30,Asia,-112095015.7800000012,-2.7272889
Monthly,2019-04-30,Other,-8970751.5899999999,-0.20792265
Monthly,2019-05-31,North America,-553817519,-13.58359214
Monthly,2019-05-31,Europe,735586382.6499999762,17.8860103
Monthly,2019-05-31,Asia,-172505737.8199999928,-4.17176072
Monthly,2019-05-31,Other,-22884325.1499999985,-0.61487211
Monthly,2019-06-30,North America,2831487350,63.99489305
Monthly,2019-06-30,Europe,2812071369.1800003052,66.69759336
Monthly,2019-06-30,Asia,104286692.700000003,2.40670495
Monthly,2019-06-30,Other,15414712.9500000011,0.32787522
Monthly,2019-07-31,North America,2078268677.6199998856,43.25893892
Monthly,2019-07-31,Europe,688047261.25,11.7053027
Monthly,2019-07-31,Asia,34787536.0700000003,0.87250246
Monthly,2019-07-31,Other,79515227.1400000006,1.6993031
Monthly,2019-08-31,North America,3773166511.9000000954,78.11470335
Monthly,2019-08-31,Europe,1775057388.1099998951,35.04067575
Monthly,2019-08-31,Asia,484968540.9399999976,9.99894329
Monthly,2019-08-31,Other,222471563.8700000048,4.5913807
Monthly,2019-09-30,North America,3027767024.5,61.23081258
Monthly,2019-09-30,Europe,640515552.1599999666,11.3057604
Monthly,2019-09-30,Asia,166190094.6899999976,3.1217266
Monthly,2019-09-30,Other,85315245.6700000018,1.43355348
Monthly,2019-10-31,North America,581939606.9299999475,13.08241319
Monthly,2019-10-31,Europe,1234629292.8400001526,28.45706777
Monthly,2019-10-31,Asia,-2335164.1899999999,-0.40787711
Monthly,2019-10-31,Other,34046827.6399999931,0.72032182
Monthly,2019-11-30,North America,-731735774.0999999046,-16.7265268
Monthly,2019-11-30,Europe,-563797371.9599999189,-14.64039331
Monthly,2019-11-30,Asia,-119320785.349999994,-2.54256561
Monthly,2019-11-30,Other,143117323.2800000012,3.00484576
Monthly,2019-12-31,North America,-20531094.129999999,-1.29795499
Monthly,2019-12-31,Europe,691509807.2400000095,17.07248151
Monthly,2019-12-31,Asia,-88045653.5300000012,-1.83661893
Monthly,2019-12-31,Other,-13621638.3899999987,-0.24998388
Monthly,2020-01-31,North America,1441077291.0999999046,29.22613069
Monthly,2020-01-31,Europe,1728151444.1600000858,33.92402625
Monthly,2020-01-31,Asia,-35891608.6199999973,-0.85028631
Monthly,2020-01-31,Other,34604298.9899999946,0.54450598
Monthly,2020-02-29,North America,2274207859.9299998283,42.21832159
Monthly,2020-02-29,Europe,1969585648.4500000477,35.29844928
Monthly,2020-02-29,Asia,443082573.3999999762,7.9771687
Monthly,2020-02-29,Other,44478377.3900000006,0.70159295
Monthly,2020-03-31,North America,3186104513.5899996758,57.04327428
Monthly,2020-03-31,Europe,4540327506.4799995422,83.38891219
Monthly,2020-03-31,Asia,322717185.3199999928,6.74027615
Monthly,2020-03-31,Other,248698407.7600000203,4.69440087
Monthly,2020-04-30,North America,7910762686.6899995804,144.24116375
Monthly,2020-04-30,Europe,1393302158.0699999332,26.02830124
Monthly,2020-04-30,Asia,412956958.5899999738,8.53220033
Monthly,2020-04-30,Other,171657082.6399999857,3.04343313
Monthly,2020-05-31,North America,5619185401.6099996567,102.19053083
Monthly,2020-05-31,Europe,2479314721.6300001144,45.72251013
Monthly,2020-05-31,Asia,225157458.5200000107,4.46179641
Monthly,2020-05-31,Other,135821077.9600000083,2.64363402
Monthly,2020-06-30,North America,4623277310,83.14182435
Monthly,2020-06-30,Europe,711924116.7400000095,14.6369633
Monthly,2020-06-30,Asia,-122690447.1899999976,-4.51468682
Monthly,2020-06-30,Other,150148255.369999975,2.9814232
Monthly,2020-07-31,North America,7040827666.2700004578,117.60052236
Monthly,2020-07-31,Europe,2175270205.4200000763,44.17365883
Monthly,2020-07-31,Asia,368260595.8899999857,5.47720408
Monthly,2020-07-31,Other,232043026.2300000191,3.56447565
Monthly,2020-08-31,North America,2477330283.4099998474,38.71417319
Monthly,2020-08-31,Europe,-871146309.810000062,-10.79447281
Monthly,2020-08-31,Asia,494375135.1399999857,8.22705586
Monthly,2020-08-31,Other,108283333.6099999994,1.88916598
Monthly,2020-09-30,North America,2252573007.0499997139,34.73261319
Monthly,2020-09-30,Europe,2375390008.9600000381,33.37894971
Monthly,2020-09-30,Asia,414708365.6399999857,6.2821183
Monthly,2020-09-30,Other,23483043.8599999994,0.64643164
Monthly,2020-10-31,North America,180017504.6800000072,1.86194433
Monthly,2020-10-31,Europe,1432455972.7599999905,22.88524009
Monthly,2020-10-31,Asia,-9622031.1099999994,-0.34414209
Monthly,2020-10-31,Other,-144077571.2299999893,-2.78443327
Monthly,2020-11-30,North America,-3719388336.9899997711,-62.29738969
Monthly,2020-11-30,Europe,-2983513245.6100001335,-46.52802954
Monthly,2020-11-30,Asia,-87946069.5199999958,-2.25153012
Monthly,2020-11-30,Other,-126603954.9900000095,-2.04865458
Monthly,2020-12-31,North America,-1436737312.2900002003,-25.71964944
Monthly,2020-12-31,Europe,-552642249.310000062,-6.47315652
Monthly,2020-12-31,Asia,-121349529.7900000066,-2.14644173
Monthly,2020-12-31,Other,20897324.0599999987,0.48724108
Monthly,2021-01-31,North America,-297274507.8600000143,-6.19133836
Monthly,2021-01-31,Europe,1341221489.8600001335,21.30258665
Monthly,2021-01-31,Asia,19219663.4000000022,0.24415586
Monthly,2021-01-31,Other,181936680.0399999917,2.66761234
Monthly,2021-02-28,North America,-4067601159.3100004196,-70.38792337
Monthly,2021-02-28,Europe,-1053334714.4899998903,-20.95781914
Monthly,2021-02-28,Asia,596334406.8500000238,10.09400652
Monthly,2021-02-28,Other,-27003245.1999999993,-0.38597157
Monthly,2021-03-31,North America,-3777631762.0799999237,-68.76972748
Monthly,2021-03-31,Europe,-2487689747.9000000954,-50.4105184
Monthly,2021-03-31,Asia,427211853.8199999928,7.43934957
Monthly,2021-03-31,Other,-62390382.0700000003,-0.77981281
Monthly,2021-04-30,North America,-1583619786.0099999905,-28.44081102
Monthly,2021-04-30,Europe,508970889.5799999833,12.94987522
Monthly,2021-04-30,Asia,-19384539.3900000006,-0.51510304
Monthly,2021-04-30,Other,10125191.1699999999,0.019231
Monthly,2021-05-31,North America,2079040236.2000000477,34.55292751
Monthly,2021-05-31,Europe,1654460625.8500001431,31.11317534
Monthly,2021-05-31,Asia,-209936285.6099999845,-3.56555891
Monthly,2021-05-31,Other,-68791615.4899999946,-1.01874357
Monthly,2021-06-30,North America,645068007.5699999332,9.95036956
Monthly,2021-06-30,Europe,-532734609.4099999666,-15.7313243
Monthly,2021-06-30,Asia,136176837.6900000274,2.3045678
Monthly,2021-06-30,Other,-30436702.9600000009,-0.88178848
Monthly,2021-07-31,North America,-399829651.3500000238,-7.82802512
Monthly,2021-07-31,Europe,1030448166.3500000238,19.29397973
Monthly,2021-07-31,Asia,62933681.3999999985,1.09850621
Monthly,2021-07-31,Other,17471307.7899999991,0.11145065
Monthly,2021-08-31,North America,-1839946687.3299999237,-32.35912366
Monthly,2021-08-31,Europe,593598937.689999938,8.02497819
Monthly,2021-08-31,Asia,36214733.299999997,0.69941592
Monthly,2021-08-31,Other,-28611388.3599999994,-0.41340674
Monthly,2021-09-30,North America,-312440430.5199999809,-5.45006755
Monthly,2021-09-30,Europe,-632796562.8199999332,-15.53148524
Monthly,2021-09-30,Asia,134113378.4399999976,2.34711476
Monthly,2021-09-30,Other,24447240.1300000027,0.19838456
Monthly,2021-10-31,North America,-858733001.2200000286,-16.02044172
Monthly,2021-10-31,Europe,-683522079.8799999952,-11.0299817
Monthly,2021-10-31,Asia,106409005.5300000012,1.81237721
Monthly,2021-10-31,Other,10798281.6799999997,0.34545667
Monthly,2021-11-30,North America,759792136.3299999237,11.78819365
Monthly,2021-11-30,Europe,221379629.7300000191,0.77170788
Monthly,2021-11-30,Asia,-296998593.8299999833,-5.08287901
Monthly,2021-11-30,Other,57628624.4799999967,0.89921825
Monthly,2021-12-31,North America,-1225473702.1399998665,-22.12742509
Monthly,2021-12-31,Europe,523505001.8499999642,8.38788569
Monthly,2021-12-31,Asia,472740681.6800000072,8.15052836
Monthly,2021-12-31,Other,-68227151.7300000042,-1.30645587
Monthly,2022-01-31,North America,2902115700.3699998856,49.172826
Monthly,2022-01-31,Europe,448347210.9900000095,6.71946084
Monthly,2022-01-31,Asia,-589883150.6799999475,-9.99665735
Monthly,2022-01-31,Other,27116350.8500000015,0.59918404
Monthly,2022-02-28,North America,1403563084.3299999237,22.75158145
Monthly,2022-02-28,Europe,1524773708.2999999523,25.25016164
Monthly,2022-02-28,Asia,-448636807.5600000024,-7.40864778
Monthly,2022-02-28,Other,195920,-0.10343798
Monthly,2022-03-31,North America,6283528784.4000005722,100.25211727
Monthly,2022-03-31,Europe,5276495006.9300003052,81.29100064
Monthly,2022-03-31,Asia,173622642.6299999952,2.64115671
Monthly,2022-03-31,Other,88670316.2600000054,1.40542265
Monthly,2022-04-30,North America,1074556796.3999998569,15.84407212
Monthly,2022-04-30,Europe,1779508597.5,18.30792561
Monthly,2022-04-30,Asia,-38840920.8299999982,-0.95892939
Monthly,2022-04-30,Other,29550761.6799999997,0.27614591
Monthly,2022-05-31,North America,-1974156507.8500001431,-33.79537255
Monthly,2022-05-31,Europe,-976300957.9800000191,-14.20930939
Monthly,2022-05-31,Asia,-74014207.549999997,-1.2859602
Monthly,2022-05-31,Other,-22304261.9800000004,-0.21860617
Monthly,2022-06-30,North America,-1516025852.5900001526,-26.29614064
Monthly,2022-06-30,Europe,-240443782.5399999917,-6.97069417
Monthly,2022-06-30,Asia,69481220.1400000006,1.12734148
Monthly,2022-06-30,Other,8550827.1899999995,0.16862827
Monthly,2022-07-31,North America,-2769445257.5399999619,-49.23099564
Monthly,2022-07-31,Europe,-2100788944.129999876,-40.59994739
Monthly,2022-07-31,Asia,446588705.4600000381,8.10123537
Monthly,2022-07-31,Other,-44511681.8799999952,-1.12750884
Monthly,2022-08-31,North America,-2240328308.7800002098,-40.74292533
Monthly,2022-08-31,Europe,-297445980.5199999809,-10.60385969
Monthly,2022-08-31,Asia,-431893665.4600000381,-7.56747049
Monthly,2022-08-31,Other,71669785.8200000077,1.18600136
Monthly,2022-09-30,North America,-3189431664.3799996376,-60.36053884
Monthly,2022-09-30,Europe,-1899923462.3399999142,-41.49347293
Monthly,2022-09-30,Asia,6159636.0600000005,0.00311626
Monthly,2022-09-30,Other,-50754587.6499999985,-1.28614951
Monthly,2022-10-31,North America,-2109592713.7899997234,-39.98774125
Monthly,2022-10-31,Europe,-741685827.8400000334,-14.01145412
Monthly,2022-10-31,Asia,-255823925.1399999857,-4.81321255
Monthly,2022-10-31,Other,-467296.65,0.0356728
Monthly,2022-11-30,North America,-1094302738.7400000095,-20.94611941
Monthly,2022-11-30,Europe,-600877036.7099999189,-2.86642035
Monthly,2022-11-30,Asia,-90163182.5600000024,-1.5347183
Monthly,2022-11-30,Other,-37137254.4600000009,-0.49184798
Monthly,2022-12-31,North America,529851900.8600000143,8.72022867
Monthly,2022-12-31,Europe,-1104796712.9399998188,-13.81583342
Monthly,2022-12-31,Asia,46335810.6400000006,0.82977542
Monthly,2022-12-31,Other,-19557948.8399999999,-0.21490138
Monthly,2023-01-31,North America,559735215.9099999666,8.80252887
Monthly,2023-01-31,Europe,-2075492780.4099998474,-32.99728238
Monthly,2023-01-31,Asia,-242127969.6800000072,-3.91622812
Monthly,2023-01-31,Other,104281916.8700000048,1.7272593
Monthly,2023-02-28,North America,-537628515.1900000572,-9.98215953
Monthly,2023-02-28,Europe,-1227345807.6800000668,-25.39510752
Monthly,2023-02-28,Asia,-328046.21,-0.05152801
Monthly,2023-02-28,Other,82752864.1099999994,1.26462134
Monthly,2023-03-31,North America,806808141.7900000811,11.51602485
Monthly,2023-03-31,Europe,926922730.8700000048,18.38934256
Monthly,2023-03-31,Asia,205296861.650000006,3.33131135
Monthly,2023-03-31,Other,-62684040.5299999937,-1.14523274
Monthly,2023-04-30,North America,987416388.0700000525,15.08224612
Monthly,2023-04-30,Europe,-217238009.6999999881,-0.61297052
Monthly,2023-04-30,Asia,20623615.3599999994,0.23812619
Monthly,2023-04-30,Other,48507451.4900000021,0.79199681
Monthly,2023-05-31,North America,1403442433.8999998569,21.29899075
Monthly,2023-05-31,Europe,233205787.3599999845,-2.044247
Monthly,2023-05-31,Asia,11637977.7200000007,0.14849415
Monthly,2023-05-31,Other,24529154.7399999984,0.03914179
Monthly,2023-06-30,North America,-1666144906.3899998665,-26.91520334
Monthly,2023-06-30,Europe,-1839852499.7899999619,-26.03237129
Monthly,2023-06-30,Asia,74983421.9600000083,1.17128275
Monthly,2023-06-30,Other,-268230961.6800000072,-3.97944812
Monthly,2023-07-31,North America,-987133959.75,-16.28964557
Monthly,2023-07-31,Europe,-1306964317.5999999046,-18.63369815
Monthly,2023-07-31,Asia,134824534.5,1.98948162
Monthly,2023-07-31,Other,-93537881.6099999994,-1.66358801
Monthly,2023-08-31,North America,-2677634836.4000000954,-44.22046114
Monthly,2023-08-31,Europe,-303927443.0799999833,-8.04424536
Monthly,2023-08-31,Asia,433426916.8299999833,6.65085275
Monthly,2023-08-31,Other,23891387.7300000004,0.18918234
Monthly,2023-09-30,North America,-2141555603.3100001812,-35.29638023
Monthly,2023-09-30,Europe,-1293673335.9200000763,-27.25387461
Monthly,2023-09-30,Asia,315980017.75,4.87612895
Monthly,2023-09-30,Other,83403.64,-0.04745116
Monthly,2023-10-31,North America,-1599000385.3699998856,-27.51617039
Monthly,2023-10-31,Europe,-622175573.3300000429,-11.32992412
Monthly,2023-10-31,Asia,88814449.3000000119,1.3822285
Monthly,2023-10-31,Other,57567934.9600000009,0.97071658
Monthly,2023-11-30,North America,657306386.2899999619,10.36906997
Monthly,2023-11-30,Europe,-1594033918.8400001526,-19.96177353
Monthly,2023-11-30,Asia,56922631.5200000033,0.74572516
Monthly,2023-11-30,Other,-20928378.5300000012,-0.2935418
Monthly,2023-12-31,North America,715480927.9600000381,11.21459828
Monthly,2023-12-31,Europe,-2053326321.7200000286,-25.00048757
Monthly,2023-12-31,Asia,228453090.3100000024,3.38994302
Monthly,2023-12-31,Other,33394256.7699999996,1.01132761
Monthly,2024-01-31,North America,-2290066402.75,-36.21262725
Monthly,2024-01-31,Europe,-730170217.7099999189,-17.55768079
Monthly,2024-01-31,Asia,242521339.9900000095,3.47580174
Monthly,2024-01-31,Other,8096320.9199999999,-0.4346342
Monthly,2024-02-29,North America,-2381840940.9000000954,-36.75972553
Monthly,2024-02-29,Europe,-717530606.5500000715,-14.68373332
Monthly,2024-02-29,Asia,233181974.099999994,3.26406207
Monthly,2024-02-29,Other,-23963930.75,-0.46160815
Monthly,2024-03-31,North America,357836744.1099999547,4.78760016
Monthly,2024-03-31,Europe,-1423984203.8099999428,-22.0162959
Monthly,2024-03-31,Asia,244391218.9499999881,3.55049078
Monthly,2024-03-31,Other,23068610.1000000015,0.45690709
Monthly,2024-04-30,North America,124310286.299999997,1.11974564
Monthly,2024-04-30,Europe,-3705397339.0999999046,-52.31780903
Monthly,2024-04-30,Asia,1512110139.3099999428,19.49474401
Monthly,2024-04-30,Other,-64611940.2100000009,-1.03749708
Monthly,2024-05-31,North America,-138810908.7900000215,-2.29991065
Monthly,2024-05-31,Europe,286915520.25,5.65312545
Monthly,2024-05-31,Asia,417079895.1899999976,5.24595915
Monthly,2024-05-31,Other,-18095206.7300000004,-0.23186488
Monthly,2024-06-30,North America,-572537609.2300000191,-8.21611191
Monthly,2024-06-30,Europe,1401575435.6400001049,17.92031885
Monthly,2024-06-30,Asia,572604161.8999999762,7.3769869
Monthly,2024-06-30,Other,37355514.7800000012,0.65407697
Monthly,2024-07-31,North America,2016247948.3899998665,25.68710706
Monthly,2024-07-31,Europe,1160282574.9800000191,16.59716623
Monthly,2024-07-31,Asia,398950821.8000000119,4.87307689
Monthly,2024-07-31,Other,79233862.6099999994,0.89955972
Monthly,2024-08-31,North America,1423854439.2699999809,17.17231446
Monthly,2024-08-31,Europe,371506862.969999969,8.02244933
Monthly,2024-08-31,Asia,61650597.1300000027,0.64761002
Monthly,2024-08-31,Other,263864184.3400000036,3.1968603
Monthly,2024-09-30,North America,1360878568.6500000954,16.21701362
Monthly,2024-09-30,Europe,-244343136.8999999762,-1.7226779
Monthly,2024-09-30,Asia,200664976.900000006,2.27816156
Monthly,2024-09-30,Other,120285630.5400000066,1.94345852
Monthly,2024-10-31,North America,2694215856.3900003433,30.52975151
Monthly,2024-10-31,Europe,-564805093.4599999189,-11.19035958
Monthly,2024-10-31,Asia,2132387090.5399999619,24.19211739
Monthly,2024-10-31,Other,67644137.1599999964,0.55108323
Monthly,2024-11-30,North America,79128295.6299999952,0.75247986
Monthly,2024-11-30,Europe,-1929627659.1799998283,-26.37636911
Monthly,2024-11-30,Asia,-74817014.8799999952,-1.54697232
Monthly,2024-11-30,Other,-59851795.299999997,-0.79394076
Monthly,2024-12-31,North America,-341646946.3899999857,-4.74662383
Monthly,2024-12-31,Europe,337240250.1899999976,-0.36693951
Monthly,2024-12-31,Asia,789952040.1800000668,9.33304774
Monthly,2024-12-31,Other,34789163.1899999976,-0.03926943
Monthly,2025-01-31,North America,-499400710.4099999666,-5.86181684
Monthly,2025-01-31,Europe,3474065322.5199999809,39.69467712
Monthly,2025-01-31,Asia,118117747.6099999994,0.85627942
Monthly,2025-01-31,Other,66305120.5700000003,1.00286107
Monthly,2025-02-28,North America,6823419870.6400003433,72.23195708
Monthly,2025-02-28,Europe,163650143.1099999845,2.18628802
Monthly,2025-02-28,Asia,2469353419.8600001335,26.22120872
Monthly,2025-02-28,Other,159092837.900000006,1.26848938
Monthly,2025-03-31,North America,6537886805.3800001144,67.44472857
Monthly,2025-03-31,Europe,1020816703.0099999905,13.81039217
Monthly,2025-03-31,Asia,1076967198.6999998093,10.56505206
Monthly,2025-03-31,Other,98761840.3100000024,1.34348207
Monthly,2025-04-30,North America,4506531889.6700000763,44.21349798
Monthly,2025-04-30,Europe,-815315502.3700000048,-0.66452081
Monthly,2025-04-30,Asia,7318949635.3499994278,69.6336477
Monthly,2025-04-30,Other,213374590.4699999988,2.16056815
Monthly,2025-05-31,North America,-1539962226.8099999428,-15.58393743
Monthly,2025-05-31,Europe,228083927.0500000119,1.63297158
Monthly,2025-05-31,Asia,-476388737.719999969,-4.6580025
Monthly,2025-05-31,Other,-27058914.4299999997,-0.37022995
Monthly,2025-06-30,North America,4842974498.3900003433,44.31929532
Monthly,2025-06-30,Europe,2007555453.0799999237,23.21802371
Monthly,2025-06-30,Asia,627397498.9700000286,5.47103938
Monthly,2025-06-30,Other,147598737.4600000083,1.76458284
Monthly,2025-07-31,North America,1445249793.2899999619,12.46347794
Monthly,2025-07-31,Europe,1768335379.0399999619,10.94337174
Monthly,2025-07-31,Asia,75447792.6899999976,0.63322105
Monthly,2025-07-31,Other,-95230619.3299999982,-1.45506443
Monthly,2025-08-31,North America,4101692392.75,37.08063975
Monthly,2025-08-31,Europe,1997022524.0599999428,21.28582729
Monthly,2025-08-31,Asia,-436800631.7399999499,-4.1824848
Monthly,2025-08-31,Other,-49516949.4600000009,-0.20589899
Monthly,2025-09-30,North America,10597266897.609998703,89.39221626
Monthly,2025-09-30,Europe,4416124622.9899997711,37.43764633
Monthly,2025-09-30,Asia,2371932068.7300000191,20.8522853
Monthly,2025-09-30,Other,174939402.8799999952,1.43853369
Monthly,2025-10-31,North America,6490663979.9399995804,47.18754982
Monthly,2025-10-31,Europe,-4356159138.6199998856,-36.55020822
Monthly,2025-10-31,Asia,6452309881.4399995804,46.55425587
Monthly,2025-10-31,Other,55850261.9100000039,0.34392886
Monthly,2025-11-30,North America,1053718710.2699999809,7.3319885
Monthly,2025-11-30,Europe,981314616.9599999189,7.89051375
Monthly,2025-11-30,Asia,3575071118.2999997139,26.60197094
Monthly,2025-11-30,Other,-38228689.0199999958,-0.35120612
Monthly,2025-12-31,North America,6218736667.2300004959,44.45410227
Monthly,2025-12-31,Europe,1049604828.5100001097,12.22508062
Monthly,2025-12-31,Asia,2606763244.1699995995,18.10150116
Monthly,2025-12-31,Other,200134733.5300000012,1.94305706
Monthly,2026-01-31,North America,6786596528.6700000763,43.40294174
Monthly,2026-01-31,Europe,1941515860.5700001717,12.6949792
Monthly,2026-01-31,Asia,9709032308.1999988556,62.52367645
Monthly,2026-01-31,Other,295422101.7599999905,1.84949583
Monthly,2026-02-28,North America,4698232519.279999733,27.85944339
Monthly,2026-02-28,Europe,-1783710897.5599999428,-13.01592143
Monthly,2026-02-28,Asia,2374111941.5500001907,11.1120652
Monthly,2026-02-28,Other,16669404.25,0.27652879
Monthly,2026-03-31,North America,-13520527508.609998703,-86.97089216
Monthly,2026-03-31,Europe,-163969811.8299999833,-7.47395859
Monthly,2026-03-31,Asia,1969207828.3400001526,10.57781668
Monthly,2026-03-31,Other,-27605269.8999999985,-0.40601842
Monthly,2026-04-30,North America,1001941473.6100000143,6.05032549
Monthly,2026-04-30,Europe,3653892913.8899998665,26.85871289
Monthly,2026-04-30,Asia,1823661323.6999998093,11.3985355
Monthly,2026-04-30,Other,105902613.1300000101,0.88513715
Monthly,2026-05-31,North America,-1079035649.7799999714,-8.52191327
Monthly,2026-05-31,Europe,334332286.0299999714,1.21045513
Monthly,2026-05-31,Asia,-1173876625.7400000095,-8.38744738
Monthly,2026-05-31,Other,-14386558.4100000001,-0.06007072
Monthly,2026-06-30,North America,-5544743900.7100000381,-42.35691774
Monthly,2026-06-30,Europe,-1098558082.2899999619,-14.25526576
Monthly,2026-06-30,Asia,-2331373324.6199998856,-17.85122204
Monthly,2026-06-30,Other,-262174974.9799999893,-2.30494771
Monthly,2026-07-31,North America,70635015.5100000054,0.28355354
Monthly,2026-07-31,Europe,2139518871.1699998379,17.34367476
Monthly,2026-07-31,Asia,616002962.2200000286,4.86552257
Monthly,2026-07-31,Other,139748642.8599999845,0.99205609
Weekly,2018-01-05,North America,-7251213.2999999998,-0.39534062
Weekly,2018-01-05,Europe,145808359.8000000119,4.7665363
Weekly,2018-01-05,Asia,-9514745.5399999991,-0.22084098
Weekly,2018-01-05,Other,46136,0.26391002
Weekly,2018-01-12,North America,-120792920,-2.60170032
Weekly,2018-01-12,Europe,-54101438.6599999964,-0.50312626
Weekly,2018-01-12,Asia,-70291289.6600000113,-1.6422011
Weekly,2018-01-12,Other,-117505.94,-0.02753213
Weekly,2018-01-19,North America,978369791.3300000429,22.33415259
Weekly,2018-01-19,Europe,57903652.0900000036,2.43465012
Weekly,2018-01-19,Asia,-4555532.4500000002,-0.08819619
Weekly,2018-01-19,Other,-2926360.04,-0.08663972
Weekly,2018-01-26,North America,282175540,6.57193552
Weekly,2018-01-26,Europe,-44426536.3699999973,2.58885858
Weekly,2018-01-26,Asia,45652242.3500000015,1.03435304
Weekly,2018-01-26,Other,239649.89,0.06999964
Weekly,2018-02-02,North America,-152648324.0600000024,-3.90826869
Weekly,2018-02-02,Europe,-174395210.9399999976,-3.11357556
Weekly,2018-02-02,Asia,13359088.7899999991,0.30821793
Weekly,2018-02-02,Other,-14997630.3800000008,-0.45393147
Weekly,2018-02-09,North America,-785586700,-18.74745703
Weekly,2018-02-09,Europe,-76035429.6700000018,-4.52568249
Weekly,2018-02-09,Asia,57814919.0600000024,1.33894591
Weekly,2018-02-09,Other,4593796.5099999998,-0.03489976
Weekly,2018-02-16,North America,279865038.3999999762,5.80101302
Weekly,2018-02-16,Europe,-2708722,1.98205917
Weekly,2018-02-16,Asia,199923265.1599999964,4.65939469
Weekly,2018-02-16,Other,-7211708.8899999997,0.20076158
Weekly,2018-02-23,North America,215617600,5.46899301
Weekly,2018-02-23,Europe,-2509912.1100000003,-1.6631135
Weekly,2018-02-23,Asia,36750252.6999999955,0.8610108
Weekly,2018-02-23,Other,902157.6900000001,-0.28032849
Weekly,2018-03-02,North America,116713750.7300000042,2.5281429
Weekly,2018-03-02,Europe,-83797075.7199999988,-2.6473957
Weekly,2018-03-02,Asia,34538032.5599999949,0.80066094
Weekly,2018-03-02,Other,-12729964.0299999993,-0.21214892
Weekly,2018-03-09,North America,11865530,0.48603917
Weekly,2018-03-09,Europe,-61521677.6999999955,-2.48569591
Weekly,2018-03-09,Asia,70680600.8700000048,1.64850392
Weekly,2018-03-09,Other,-11031949.2199999988,-0.19421399
Weekly,2018-03-16,North America,327089701.4000000358,7.51724519
Weekly,2018-03-16,Europe,32067988.7599999979,0.40094149
Weekly,2018-03-16,Asia,43703514.3199999928,1.01399758
Weekly,2018-03-16,Other,-5274286.5200000005,-0.37191003
Weekly,2018-03-23,North America,655952150,14.99114898
Weekly,2018-03-23,Europe,114003123.1499999911,3.04544281
Weekly,2018-03-23,Asia,194375121.2100000083,4.52797001
Weekly,2018-03-23,Other,-20725116.5599999987,-0.18292139
Weekly,2018-03-30,North America,-147491953,-3.34385915
Weekly,2018-03-30,Europe,59509973.0600000024,0.20442032
Weekly,2018-03-30,Asia,-890808271.1499999762,-20.50155299
Weekly,2018-03-30,Other,-9865267.1999999993,-0.40660995
Weekly,2018-04-06,North America,837922690,19.35147514
Weekly,2018-04-06,Europe,470623902.8000000119,10.52439103
Weekly,2018-04-06,Asia,113243839.8700000048,2.61229115
Weekly,2018-04-06,Other,-4216879.5,-0.24739215
Weekly,2018-04-13,North America,487170660,11.54807023
Weekly,2018-04-13,Europe,294208509.6399999857,6.92513371
Weekly,2018-04-13,Asia,18581892.1099999994,0.42551283
Weekly,2018-04-13,Other,-40266608.3800000027,-0.84063259
Weekly,2018-04-20,North America,231321300,5.65612562
Weekly,2018-04-20,Europe,533319046.9500000477,10.9249535
Weekly,2018-04-20,Asia,-68907401.6999999881,-1.58449178
Weekly,2018-04-20,Other,7035565.9399999995,0.38902427
Weekly,2018-04-27,North America,311237627.2000000477,6.8496131
Weekly,2018-04-27,Europe,-2971798.6500000004,-2.60019099
Weekly,2018-04-27,Asia,37730515.9699999988,0.87550822
Weekly,2018-04-27,Other,-10189298.5899999999,-0.24088843
Weekly,2018-05-04,North America,-358428477.9800000191,-8.11885918
Weekly,2018-05-04,Europe,-172464724.7599999905,-6.00822173
Weekly,2018-05-04,Asia,167028174.869999975,3.85219151
Weekly,2018-05-04,Other,-9854030.6699999999,-0.53711671
Weekly,2018-05-11,North America,-132616400,-4.06663552
Weekly,2018-05-11,Europe,478208020.4599999785,10.8854175
Weekly,2018-05-11,Asia,206526131.5200000107,4.85172108
Weekly,2018-05-11,Other,-46888401.4299999997,-1.16721878
Weekly,2018-05-18,North America,-171992600,-3.28561109
Weekly,2018-05-18,Europe,272615704.3000000119,5.82990752
Weekly,2018-05-18,Asia,115712992.6000000089,2.76367821
Weekly,2018-05-18,Other,-966584.12,0.19645448
Weekly,2018-05-25,North America,-299431404.9000000358,-7.885977
Weekly,2018-05-25,Europe,-66906217.8999999985,-2.3853367
Weekly,2018-05-25,Asia,400192970.1000000238,9.60127235
Weekly,2018-05-25,Other,-21886735.5600000024,-0.56796857
Weekly,2018-06-01,North America,-655767499.1699999571,-15.77980193
Weekly,2018-06-01,Europe,888494390.8899999857,21.73959669
Weekly,2018-06-01,Asia,-72184749.3299999982,-1.68797091
Weekly,2018-06-01,Other,-4638979.3300000001,-0.13444649
Weekly,2018-06-08,North America,-699703262.0999999046,-16.2665239
Weekly,2018-06-08,Europe,-122729261.3599999994,-2.59296241
Weekly,2018-06-08,Asia,-62335767.6400000006,-1.52221887
Weekly,2018-06-08,Other,-3405654.8300000001,-0.13005501
Weekly,2018-06-15,North America,-130172900,-3.81484095
Weekly,2018-06-15,Europe,30876206.1000000015,-1.15710477
Weekly,2018-06-15,Asia,-40660006.0700000003,-0.96219557
Weekly,2018-06-15,Other,-26071587.950000003,-0.49574769
Weekly,2018-06-22,North America,-254264116.5,-5.94219247
Weekly,2018-06-22,Europe,-109868390.4399999976,-1.98217414
Weekly,2018-06-22,Asia,-26062292.1100000031,-0.65387136
Weekly,2018-06-22,Other,-34332356.1400000006,-0.86028042
Weekly,2018-06-29,North America,-356963123.2900000215,-8.7784934
Weekly,2018-06-29,Europe,-40415774.9699999988,-1.25851734
Weekly,2018-06-29,Asia,-63564900.0200000033,-1.63068563
Weekly,2018-06-29,Other,-36399003.8399999961,-0.66659796
Weekly,2018-07-06,North America,-787590130,-20.0596483
Weekly,2018-07-06,Europe,443369525.8100000024,11.37157287
Weekly,2018-07-06,Asia,-74219992.049999997,-1.84601844
Weekly,2018-07-06,Other,-24794436.2899999991,-0.69212059
Weekly,2018-07-13,North America,-307560900,-7.84043383
Weekly,2018-07-13,Europe,-195604371.2999999821,-6.40081861
Weekly,2018-07-13,Asia,-89107490.5199999958,-2.21682862
Weekly,2018-07-13,Other,-3498531.3100000001,-0.26443396
Weekly,2018-07-20,North America,45314400,1.16470767
Weekly,2018-07-20,Europe,-455644992.2699999809,-11.01514915
Weekly,2018-07-20,Asia,26435802.9399999976,0.66828984
Weekly,2018-07-20,Other,2460694.1999999997,-0.10166355
Weekly,2018-07-27,North America,92924900,2.10177609
Weekly,2018-07-27,Europe,-44541081.700000003,-1.36247067
Weekly,2018-07-27,Asia,-4159409.9699999997,-0.12279648
Weekly,2018-07-27,Other,1948057.8399999999,0.08400844
Weekly,2018-08-03,North America,-239651490,-6.28193092
Weekly,2018-08-03,Europe,-86075673.6200000048,-2.68807019
Weekly,2018-08-03,Asia,-103154337.4599999934,-2.62729209
Weekly,2018-08-03,Other,-3413178.1099999999,0.07876717
Weekly,2018-08-10,North America,-336213400,-8.91482762
Weekly,2018-08-10,Europe,-189484961.6699999869,-6.61611487
Weekly,2018-08-10,Asia,-2710307.79,-0.07706201
Weekly,2018-08-10,Other,-3545314.9700000002,-0.23539016
Weekly,2018-08-17,North America,-540377009.7999999523,-13.51502391
Weekly,2018-08-17,Europe,64291083.4799999967,1.860456
Weekly,2018-08-17,Asia,118943792.3299999982,3.09626426
Weekly,2018-08-17,Other,-22601936.0899999999,-0.58763231
Weekly,2018-08-24,North America,-288440985.3000000119,-7.73369166
Weekly,2018-08-24,Europe,108669698.6000000089,4.89274249
Weekly,2018-08-24,Asia,-37025058.7700000033,-0.95175743
Weekly,2018-08-24,Other,-24407681.6799999997,-0.74848023
Weekly,2018-08-31,North America,-277590220,-8.35351879
Weekly,2018-08-31,Europe,245699353.4199999869,6.81503244
Weekly,2018-08-31,Asia,6851403.5900000008,0.16916596
Weekly,2018-08-31,Other,1342047.2000000002,0.04796075
Weekly,2018-09-07,North America,-430762270,-11.88390086
Weekly,2018-09-07,Europe,-135337842.8000000119,-3.65285186
Weekly,2018-09-07,Asia,-54627913.8000000045,-1.41109252
Weekly,2018-09-07,Other,-10544993.3599999994,-0.43889526
Weekly,2018-09-14,North America,-24118411,-1.2137181
Weekly,2018-09-14,Europe,-23683074.9400000013,-0.06760258
Weekly,2018-09-14,Asia,-18277909.1800000034,-0.48239836
Weekly,2018-09-14,Other,-18001433.3399999999,-0.35950305
Weekly,2018-09-21,North America,54617500,2.37569556
Weekly,2018-09-21,Europe,-36065894.7800000012,0.21740389
Weekly,2018-09-21,Asia,-144085287.4500000179,-3.72664702
Weekly,2018-09-21,Other,-15684269.0299999993,-0.14395332
Weekly,2018-09-28,North America,140719650,4.60466285
Weekly,2018-09-28,Europe,-204232942.2599999905,-7.37236702
Weekly,2018-09-28,Asia,-77771519.8199999928,-1.96831829
Weekly,2018-09-28,Other,9875472.3900000006,0.11147424
Weekly,2018-10-05,North America,-556233920,-15.24464414
Weekly,2018-10-05,Europe,-25667326.5700000003,-2.66124084
Weekly,2018-10-05,Asia,34300,-0.00572843
Weekly,2018-10-05,Other,5058197.8700000001,0.07451311
Weekly,2018-10-12,North America,569186968.3999999762,14.27098364
Weekly,2018-10-12,Europe,73003017.9200000018,2.29521099
Weekly,2018-10-12,Asia,70228972.0199999958,1.81210238
Weekly,2018-10-12,Other,-3950579.1699999999,-0.07946963
Weekly,2018-10-19,North America,143028300,3.42229797
Weekly,2018-10-19,Europe,313909969.2900000215,6.99197302
Weekly,2018-10-19,Asia,-294515342.5899999738,-7.45585129
Weekly,2018-10-19,Other,5128581.1800000006,0.13100638
Weekly,2018-10-26,North America,218974100,5.5521349
Weekly,2018-10-26,Europe,175657914.3300000131,3.37507054
Weekly,2018-10-26,Asia,-26184868.9100000001,-0.66838533
Weekly,2018-10-26,Other,5528495.4199999999,0.17628349
Weekly,2018-11-02,North America,402132660,10.27021341
Weekly,2018-11-02,Europe,153849450.2199999988,3.1673097
Weekly,2018-11-02,Asia,-33906587.7400000021,-0.86235485
Weekly,2018-11-02,Other,7095592.0099999998,0.14957152
Weekly,2018-11-09,North America,-89494968.5,-2.95108104
Weekly,2018-11-09,Europe,134667848.150000006,2.76015515
Weekly,2018-11-09,Asia,17601235.5199999996,0.4013635
Weekly,2018-11-09,Other,2729711.8900000001,0.05062547
Weekly,2018-11-16,North America,123906152.099999994,3.34366357
Weekly,2018-11-16,Europe,41204612.75,2.05155995
Weekly,2018-11-16,Asia,57376322.2299999967,1.48362367
Weekly,2018-11-16,Other,1571992.54,0.12969921
Weekly,2018-11-23,North America,132887200,3.13896781
Weekly,2018-11-23,Europe,52147167.1700000018,0.60283491
Weekly,2018-11-23,Asia,-309266.83,-0.01345012
Weekly,2018-11-23,Other,-11972188.1099999994,-0.3564337
Weekly,2018-11-30,North America,-22147199.4000000022,-0.78139755
Weekly,2018-11-30,Europe,70018887.0199999958,1.46774023
Weekly,2018-11-30,Asia,19447888.7600000016,0.40446299
Weekly,2018-11-30,Other,1919175.8800000001,0.04336816
Weekly,2018-12-07,North America,-73519697.6999999881,-1.99693444
Weekly,2018-12-07,Europe,192070497.3599999845,5.67345946
Weekly,2018-12-07,Asia,19186755.620000001,0.45742755
Weekly,2018-12-07,Other,-15524118.0099999998,-0.4269865
Weekly,2018-12-14,North America,264571500,6.6555814
Weekly,2018-12-14,Europe,544275130.6000000238,12.37210259
Weekly,2018-12-14,Asia,-30654507.6899999976,-0.76031647
Weekly,2018-12-14,Other,-12929542.4499999993,-0.30485548
Weekly,2018-12-21,North America,425577717.1999999881,9.68878919
Weekly,2018-12-21,Europe,496067895.5400000215,12.72721116
Weekly,2018-12-21,Asia,60161536.9900000021,1.48264772
Weekly,2018-12-21,Other,-2085989.0499999998,-0.13279452
Weekly,2018-12-28,North America,822576300,20.99461967
Weekly,2018-12-28,Europe,389474192.7200000286,10.55719545
Weekly,2018-12-28,Asia,53963914.4900000021,1.26809815
Weekly,2018-12-28,Other,-8834572.75,-0.16978923
Weekly,2019-01-04,North America,506885070,12.81179665
Weekly,2019-01-04,Europe,352405811.1100000143,8.22280948
Weekly,2019-01-04,Asia,-17421661.9199999981,-0.35992546
Weekly,2019-01-04,Other,-1381733.03,-0.00372895
Weekly,2019-01-11,North America,293265010,6.48623051
Weekly,2019-01-11,Europe,263437361.4200000167,6.9401778
Weekly,2019-01-11,Asia,-19985930.5599999987,-0.48899286
Weekly,2019-01-11,Other,573146.3100000001,0.01336589
Weekly,2019-01-18,North America,619819560.6000000238,14.6817457
Weekly,2019-01-18,Europe,307193088.5899999738,5.48059605
Weekly,2019-01-18,Asia,-16735707.3599999994,-0.40608356
Weekly,2019-01-18,Other,-557904.45,-0.0524159
Weekly,2019-01-25,North America,222031410,6.25015975
Weekly,2019-01-25,Europe,69098280.2700000107,2.36272359
Weekly,2019-01-25,Asia,-12822236.8200000003,-0.31927784
Weekly,2019-01-25,Other,-1627680.4300000002,-0.00610015
Weekly,2019-02-01,North America,323209730,6.99622841
Weekly,2019-02-01,Europe,164178760.4099999964,3.73488297
Weekly,2019-02-01,Asia,-39934642.3200000003,-0.96715438
Weekly,2019-02-01,Other,429313.05,0.01706524
Weekly,2019-02-08,North America,-376321481.6000000238,-9.09551404
Weekly,2019-02-08,Europe,-96208384.5,-3.58348201
Weekly,2019-02-08,Asia,215000,-0.00023467
Weekly,2019-02-08,Other,-1070340.6300000001,-0.06297168
Weekly,2019-02-15,North America,-238477439.5,-5.44574274
Weekly,2019-02-15,Europe,159844115.8000000119,2.75967456
Weekly,2019-02-15,Asia,-114531630.6299999952,-2.70920686
Weekly,2019-02-15,Other,-856053.65,-0.01911877
Weekly,2019-02-22,North America,-81044000,-2.31446552
Weekly,2019-02-22,Europe,117626928.3900000006,3.70936811
Weekly,2019-02-22,Asia,-18779235.3900000006,-0.48443674
Weekly,2019-02-22,Other,694613.79,0.0201691
Weekly,2019-03-01,North America,-721041089.1999999285,-18.77832983
Weekly,2019-03-01,Europe,-288535512.1100000143,-7.04037913
Weekly,2019-03-01,Asia,1922987.02,0.11725984
Weekly,2019-03-01,Other,-4544816.75,-0.16240438
Weekly,2019-03-08,North America,-199637681.5,-3.41117973
Weekly,2019-03-08,Europe,-362032871.3999999762,-10.02060876
Weekly,2019-03-08,Asia,10241976.3600000013,0.24014357
Weekly,2019-03-08,Other,151551.39,0.03106771
Weekly,2019-03-15,North America,226670700,5.14727462
Weekly,2019-03-15,Europe,243864376.900000006,6.57041852
Weekly,2019-03-15,Asia,29612836.4200000018,0.68779737
Weekly,2019-03-15,Other,-4666271.8700000001,-0.11395927
Weekly,2019-03-22,North America,408480700,9.86495025
Weekly,2019-03-22,Europe,129034105.9300000072,3.30360212
Weekly,2019-03-22,Asia,-29398525.0899999999,-0.70787489
Weekly,2019-03-22,Other,4130009.9499999997,0.08163829
Weekly,2019-03-29,North America,181103280,4.25391531
Weekly,2019-03-29,Europe,71927421.6700000018,0.8241234
Weekly,2019-03-29,Asia,-61330697.3299999982,-1.46162399
Weekly,2019-03-29,Other,6849267.3100000005,0.16958322
Weekly,2019-04-05,North America,-902448322.4000000954,-21.34413068
Weekly,2019-04-05,Europe,527194394.1099999547,12.21478307
Weekly,2019-04-05,Asia,3437698.3700000001,0.06649167
Weekly,2019-04-05,Other,-4830980.9299999997,-0.11703944
Weekly,2019-04-12,North America,-121853327.5,-3.67811294
Weekly,2019-04-12,Europe,51775535.5600000024,1.39043141
Weekly,2019-04-12,Asia,26302829.2099999972,0.62773945
Weekly,2019-04-12,Other,-894009.25,-0.00762515
Weekly,2019-04-19,North America,-488965300,-11.46980318
Weekly,2019-04-19,Europe,-369602980.8500000238,-10.71683852
Weekly,2019-04-19,Asia,55894698.200000003,1.32975327
Weekly,2019-04-19,Other,-610791.98,-0.04284555
Weekly,2019-04-26,North America,-284550100,-6.91423249
Weekly,2019-04-26,Europe,-451019294.0500000119,-11.51222916
Weekly,2019-04-26,Asia,-121567085.3799999952,-2.91977629
Weekly,2019-04-26,Other,-2252508.7799999998,-0.043962
Weekly,2019-05-03,North America,-438824075.1299999952,-11.13709852
Weekly,2019-05-03,Europe,-49403951.7800000012,-0.83666977
Weekly,2019-05-03,Asia,-76839664.2199999988,-1.85470732
Weekly,2019-05-03,Other,-15837157.3499999996,-0.39623864
Weekly,2019-05-10,North America,-532960000.0000000596,-13.3743187
Weekly,2019-05-10,Europe,126567140.8799999952,3.24462878
Weekly,2019-05-10,Asia,-44351657.0900000036,-1.06607324
Weekly,2019-05-10,Other,-1798673.27,-0.04730124
Weekly,2019-05-17,North America,51406900,0.74679193
Weekly,2019-05-17,Europe,280444441.6700000167,5.95731742
Weekly,2019-05-17,Asia,-141683922.8400000036,-3.39617301
Weekly,2019-05-17,Other,6016734.7800000003,0.09723563
Weekly,2019-05-24,North America,67243200,1.5674586
Weekly,2019-05-24,Europe,23926599.0700000003,1.40354474
Weekly,2019-05-24,Asia,-33407311.4600000009,-0.80935729
Weekly,2019-05-24,Other,-9824081.6399999987,-0.22094749
Weekly,2019-05-31,North America,201572240,5.89435534
Weekly,2019-05-31,Europe,275023145.8000000119,6.51573427
Weekly,2019-05-31,Asia,47617243.6299999952,1.12305314
Weekly,2019-05-31,Other,-1813519.9299999999,-0.04407088
Weekly,2019-06-07,North America,554712478,12.21215245
Weekly,2019-06-07,Europe,1833344301.6399998665,44.56485052
Weekly,2019-06-07,Asia,43129532.3100000024,0.99106978
Weekly,2019-06-07,Other,4253179.9399999995,0.09426256
Weekly,2019-06-14,North America,486739834,10.29646402
Weekly,2019-06-14,Europe,258185804.4200000167,3.80748659
Weekly,2019-06-14,Asia,-23462138.5,-0.5463222
Weekly,2019-06-14,Other,-5432551.4100000001,-0.17481398
Weekly,2019-06-21,North America,1762452358,40.0459351
Weekly,2019-06-21,Europe,201798973.0500000119,7.43769046
Weekly,2019-06-21,Asia,15816967.0600000005,0.37890532
Weekly,2019-06-21,Other,7285076.1400000006,0.20818984
Weekly,2019-06-28,North America,27582680,1.44034148
Weekly,2019-06-28,Europe,518628688.0500000715,10.88756579
Weekly,2019-06-28,Asia,67446596.2199999988,1.58305205
Weekly,2019-06-28,Other,9344693.5,0.2002368
Weekly,2019-07-05,North America,117796809.6899999976,3.16319325
Weekly,2019-07-05,Europe,15049708.2699999996,-1.80826067
Weekly,2019-07-05,Asia,-33133975.870000001,-0.7301249
Weekly,2019-07-05,Other,-9828821.209999999,-0.20839469
Weekly,2019-07-12,North America,218239750,4.55468384
Weekly,2019-07-12,Europe,49049754.4600000009,1.98565647
Weekly,2019-07-12,Asia,14252414.6600000001,0.33724327
Weekly,2019-07-12,Other,6520902.2799999993,0.15933669
Weekly,2019-07-19,North America,1042511880,21.90617678
Weekly,2019-07-19,Europe,279584397.5299999714,5.6951339
Weekly,2019-07-19,Asia,23646805.8300000019,0.51023687
Weekly,2019-07-19,Other,10745514.2299999986,0.22415399
Weekly,2019-07-26,North America,133950899.9999999851,3.86288882
Weekly,2019-07-26,Europe,205152479.9699999988,2.64582265
Weekly,2019-07-26,Asia,25761391.2100000009,0.54538562
Weekly,2019-07-26,Other,35804994.3599999994,0.74084301
Weekly,2019-08-02,North America,988978009.7200000286,19.44392985
Weekly,2019-08-02,Europe,490980452.8299999833,11.35989226
Weekly,2019-08-02,Asia,18437898.0800000019,0.5168888
Weekly,2019-08-02,Other,43674766.5899999961,0.95545116
Weekly,2019-08-09,North America,602512642.9199999571,12.37100192
Weekly,2019-08-09,Europe,1032297224.8500000238,22.62669152
Weekly,2019-08-09,Asia,127321503.3999999911,2.64653137
Weekly,2019-08-09,Other,46533896.2399999946,0.95908617
Weekly,2019-08-16,North America,432165910,8.7507595
Weekly,2019-08-16,Europe,297618025.1399999857,4.43298474
Weekly,2019-08-16,Asia,238838722.6099999845,4.89334624
Weekly,2019-08-16,Other,53912590.4400000051,1.14431537
Weekly,2019-08-23,North America,1002781001.0199999809,22.43346682
Weekly,2019-08-23,Europe,-121321337.3900000006,-1.53228188
Weekly,2019-08-23,Asia,60792378.6899999976,1.22587401
Weekly,2019-08-23,Other,86878924.799999997,1.72960764
Weekly,2019-08-30,North America,1312408317.9600000381,24.88754149
Weekly,2019-08-30,Europe,214624269.2700000107,1.34033946
Weekly,2019-08-30,Asia,43964468.4100000039,0.92606447
Weekly,2019-08-30,Other,27776302.5799999982,0.58628446
Weekly,2019-09-06,North America,736423710,14.26457355
Weekly,2019-09-06,Europe,64656450.9699999914,1.71906745
Weekly,2019-09-06,Asia,135214871.5200000107,2.7048035
Weekly,2019-09-06,Other,37785692.4199999943,0.79545885
Weekly,2019-09-13,North America,-643378080.1000000238,-13.64710692
Weekly,2019-09-13,Europe,-165258582.6399999857,-3.52622213
Weekly,2019-09-13,Asia,11497890.1099999994,0.23172846
Weekly,2019-09-13,Other,32580960.7199999988,0.40549615
Weekly,2019-09-20,North America,1144833612.4000000954,25.69631722
Weekly,2019-09-20,Europe,129241796.3899999857,2.27667186
Weekly,2019-09-20,Asia,56976128.1800000072,1.17277597
Weekly,2019-09-20,Other,-2856806.8599999999,-0.1551681
Weekly,2019-09-27,North America,1696749582.2000000477,33.7909894
Weekly,2019-09-27,Europe,547127256.8999999762,10.88521907
Weekly,2019-09-27,Asia,-20192849.4100000001,-0.43094068
Weekly,2019-09-27,Other,6822662.0599999996,0.12916286
Weekly,2019-10-04,North America,376770674.2400000095,8.28792833
Weekly,2019-10-04,Europe,428205080.5200000405,8.59713012
Weekly,2019-10-04,Asia,-13770516.4799999986,-0.50322782
Weekly,2019-10-04,Other,12862121.8800000008,0.32030889
Weekly,2019-10-11,North America,285203248.5,6.35982741
Weekly,2019-10-11,Europe,651943887.5700000525,14.1691376
Weekly,2019-10-11,Asia,10335481.25,0.20597119
Weekly,2019-10-11,Other,3087917.8500000001,0.07093902
Weekly,2019-10-18,North America,298245900,5.45558162
Weekly,2019-10-18,Europe,7135848.25,1.91946354
Weekly,2019-10-18,Asia,-18809988.0899999999,-0.40312668
Weekly,2019-10-18,Other,10532898.1799999997,0.20228745
Weekly,2019-10-25,North America,-200400250,-4.59363925
Weekly,2019-10-25,Europe,-111111867.3400000036,-4.47840193
Weekly,2019-10-25,Asia,13234894.7300000004,0.24828557
Weekly,2019-10-25,Other,4276482.2699999996,0.05695867
Weekly,2019-11-01,North America,-80371655.7599999905,-0.96802108
Weekly,2019-11-01,Europe,372638296.8899999857,9.30997679
Weekly,2019-11-01,Asia,-8443068.2899999991,-0.47392869
Weekly,2019-11-01,Other,14721066.5700000003,0.35260934
Weekly,2019-11-08,North America,-540080071.3999999762,-12.96157806
Weekly,2019-11-08,Europe,-240165422.9600000083,-7.34502546
Weekly,2019-11-08,Asia,-57612549.9099999964,-1.20651803
Weekly,2019-11-08,Other,21739891.1999999993,0.42578527
Weekly,2019-11-15,North America,-231716900,-4.58177937
Weekly,2019-11-15,Europe,-640741767.1399999857,-12.84301587
Weekly,2019-11-15,Asia,-42576031.299999997,-0.90462513
Weekly,2019-11-15,Other,-1069874.6299999999,-0.02257996
Weekly,2019-11-22,North America,-153908818,-3.54099619
Weekly,2019-11-22,Europe,184030360.3199999928,2.76053448
Weekly,2019-11-22,Asia,-32881476.820000004,-0.69656626
Weekly,2019-11-22,Other,2736056.9500000002,0.03589299
Weekly,2019-11-29,North America,190389789.2900000215,4.02460231
Weekly,2019-11-29,Europe,83758099.9599999934,1.67789934
Weekly,2019-11-29,Asia,11808292.1099999994,0.22665248
Weekly,2019-11-29,Other,119324837.2300000042,2.54156963
Weekly,2019-12-06,North America,-400123410,-8.1151198
Weekly,2019-12-06,Europe,81433793.3200000077,2.89261818
Weekly,2019-12-06,Asia,-31584686.9600000009,-0.66831643
Weekly,2019-12-06,Other,537221.96,0.06945239
Weekly,2019-12-13,North America,87149300,2.58173909
Weekly,2019-12-13,Europe,153322341.5500000119,4.11246531
Weekly,2019-12-13,Asia,-13511211.870000001,-0.28824098
Weekly,2019-12-13,Other,10828834.540000001,0.31852901
Weekly,2019-12-20,North America,-83360564,-2.37630398
Weekly,2019-12-20,Europe,102604060.4699999988,2.27830947
Weekly,2019-12-20,Asia,-43026685.0300000012,-0.91222179
Weekly,2019-12-20,Other,-14465551.129999999,-0.42411883
Weekly,2019-12-27,North America,348179137.5999999642,7.35915172
Weekly,2019-12-27,Europe,245613507.0500000119,6.00743878
Weekly,2019-12-27,Asia,46209594.3699999973,0.93940322
Weekly,2019-12-27,Other,-26508082.2199999988,-0.55151794
Weekly,2020-01-03,North America,256690045.3100000024,4.42601773
Weekly,2020-01-03,Europe,183495716.8100000024,3.36516027
Weekly,2020-01-03,Asia,-134737714.4799999893,-2.71423885
Weekly,2020-01-03,Other,19019937.5599999987,0.33060164
Weekly,2020-01-10,North America,-742203860,-14.63724485
Weekly,2020-01-10,Europe,350804897.9700000286,6.43282256
Weekly,2020-01-10,Asia,8862790.4399999995,0.17217531
Weekly,2020-01-10,Other,11472400,0.23852806
Weekly,2020-01-17,North America,1205526675.5,23.60295746
Weekly,2020-01-17,Europe,-54710685.799999997,-1.26220878
Weekly,2020-01-17,Asia,27449761.5800000019,0.55310615
Weekly,2020-01-17,Other,-7142519.79,-0.1409846
Weekly,2020-01-24,North America,261224020,5.39522796
Weekly,2020-01-24,Europe,502102399.2600000501,9.43528552
Weekly,2020-01-24,Asia,-10778391.1099999994,-0.23186594
Weekly,2020-01-24,Other,-2047466.4100000001,-0.08074129
Weekly,2020-01-31,North America,487052369.5,9.69175037
Weekly,2020-01-31,Europe,855301404.4900000095,17.73461645
Weekly,2020-01-31,Asia,27041532.1400000006,0.46329407
Weekly,2020-01-31,Other,29352394.0799999982,0.53477366
Weekly,2020-02-07,North America,542845870,10.09831121
Weekly,2020-02-07,Europe,463285827.6100000143,6.28747566
Weekly,2020-02-07,Asia,3364085.77,0.04690657
Weekly,2020-02-07,Other,-7915237.25,-0.19254862
Weekly,2020-02-14,North America,669006665,13.40293732
Weekly,2020-02-14,Europe,363087577.7399999499,6.51094691
Weekly,2020-02-14,Asia,15521123.3499999996,0.30659359
Weekly,2020-02-14,Other,-14021167.5299999993,-0.31545117
Weekly,2020-02-21,North America,694065675,13.35880884
Weekly,2020-02-21,Europe,418903698.7599999905,8.34012924
Weekly,2020-02-21,Asia,-17110006.3599999994,-0.34222115
Weekly,2020-02-21,Other,5017360,0.2321601
Weekly,2020-02-28,North America,368270751.1100000143,5.35826422
Weekly,2020-02-28,Europe,724652218.9700000286,14.15989747
Weekly,2020-02-28,Asia,441569368.1899999976,7.96588969
Weekly,2020-02-28,Other,61991184.6300000027,0.97743264
Weekly,2020-03-06,North America,1672342180,31.66786591
Weekly,2020-03-06,Europe,1680516191.9100000858,36.49772539
Weekly,2020-03-06,Asia,119910642.8900000006,2.35104414
Weekly,2020-03-06,Other,46176760,0.87595251
Weekly,2020-03-13,North America,-782625073.5999999046,-19.02602507
Weekly,2020-03-13,Europe,1761467584.9000000954,28.90820555
Weekly,2020-03-13,Asia,69750619.5600000024,1.31672356
Weekly,2020-03-13,Other,36403970,0.74579766
Weekly,2020-03-20,North America,-1524526143.6000001431,-31.12431422
Weekly,2020-03-20,Europe,-1095566116.4900000095,-29.59700959
Weekly,2020-03-20,Asia,9969564.5200000014,0.06996921
Weekly,2020-03-20,Other,80574060,1.27433283
Weekly,2020-03-27,North America,3187586110,63.69325048
Weekly,2020-03-27,Europe,1678707436.5799999237,40.02742082
Weekly,2020-03-27,Asia,112419467.0799999982,2.66703352
Weekly,2020-03-27,Other,37453200,1.02303718
Weekly,2020-04-03,North America,1556604777.5199999809,32.04650032
Weekly,2020-04-03,Europe,1076390192.9000000954,15.73613889
Weekly,2020-04-03,Asia,-38623748.9100000039,-0.05938528
Weekly,2020-04-03,Other,74037397.9400000125,1.18131052
Weekly,2020-04-10,North America,2454784913.5999999046,54.41121461
Weekly,2020-04-10,Europe,548758870.0400000811,12.69241408
Weekly,2020-04-10,Asia,-16010368.5800000019,-0.13583702
Weekly,2020-04-10,Other,16263600,0.42664463
Weekly,2020-04-17,North America,1585096695.2999999523,16.5177085
Weekly,2020-04-17,Europe,383346923.5399999619,5.8763116
Weekly,2020-04-17,Asia,120573427.3599999994,2.36649428
Weekly,2020-04-17,Other,1605300,0.00654499
Weekly,2020-04-24,North America,2122839234.9000000954,39.70209692
Weekly,2020-04-24,Europe,-464828755.9200000167,-9.75008556
Weekly,2020-04-24,Asia,69544799.7199999988,1.38619546
Weekly,2020-04-24,Other,16182160,0.38376259
Weekly,2020-05-01,North America,1533170959.9099998474,28.15668303
Weekly,2020-05-01,Europe,425763641.6299999952,10.45462115
Weekly,2020-05-01,Asia,289179247.0299999714,5.4766337
Weekly,2020-05-01,Other,112246417.3100000024,1.77092662
Weekly,2020-05-08,North America,1343688580,23.83524008
Weekly,2020-05-08,Europe,600291550.2799999714,9.26649615
Weekly,2020-05-08,Asia,-695043.23,0.6068363
Weekly,2020-05-08,Other,21899500,0.786686
Weekly,2020-05-15,North America,2270677820,41.94358366
Weekly,2020-05-15,Europe,707216366.6100000143,11.98957483
Weekly,2020-05-15,Asia,-10085525.5999999996,-0.07220293
Weekly,2020-05-15,Other,1955970,-0.22038924
Weekly,2020-05-22,North America,557500740,10.11992663
Weekly,2020-05-22,Europe,978825226.1999999285,18.13973995
Weekly,2020-05-22,Asia,49959814.8800000027,0.90338407
Weekly,2020-05-22,Other,66171700,1.51002953
Weekly,2020-05-29,North America,738591830.25,11.53123801
Weekly,2020-05-29,Europe,132667595.1700000018,4.8981703
Weekly,2020-05-29,Asia,185343911.9399999976,2.85738388
Weekly,2020-05-29,Other,45810021.3000000045,0.6168322
Weekly,2020-06-05,North America,457489230,8.38132787
Weekly,2020-06-05,Europe,-284884060.4200000167,-3.48163242
Weekly,2020-06-05,Asia,6932324.1699999999,0.01603869
Weekly,2020-06-05,Other,22676062.6000000015,0.71900961
Weekly,2020-06-12,North America,903074780,15.33470859
Weekly,2020-06-12,Europe,-116443731.3400000036,-2.40636905
Weekly,2020-06-12,Asia,4811684.2599999998,0.06428379
Weekly,2020-06-12,Other,-21608200,-0.65186921
Weekly,2020-06-19,North America,1572978880,28.8620425
Weekly,2020-06-19,Europe,149998256.150000006,2.69047527
Weekly,2020-06-19,Asia,-69894621.4199999869,-1.2876138
Weekly,2020-06-19,Other,67431740,1.45063329
Weekly,2020-06-26,North America,1487629290,26.98295703
Weekly,2020-06-26,Europe,867896244.4099999666,16.21795199
Weekly,2020-06-26,Asia,-54190356.8899999931,-1.00722286
Weekly,2020-06-26,Other,30237074.4199999981,0.62761842
Weekly,2020-07-03,North America,1074305270,17.89048105
Weekly,2020-07-03,Europe,528779430.2999999523,9.14731441
Weekly,2020-07-03,Asia,-37217396.9700000063,-2.8837097
Weekly,2020-07-03,Other,59338644.7299999967,0.89488096
Weekly,2020-07-10,North America,1028676410,17.70878577
Weekly,2020-07-10,Europe,489376856.3700000048,9.06998615
Weekly,2020-07-10,Asia,-23266401.9600000009,-0.43025198
Weekly,2020-07-10,Other,47662170,0.82879179
Weekly,2020-07-17,North America,866968383.1100000143,15.72627301
Weekly,2020-07-17,Europe,429096281.3100000024,8.85061226
Weekly,2020-07-17,Asia,37247032.2699999958,0.6375812
Weekly,2020-07-17,Other,56896310,0.97032214
Weekly,2020-07-24,North America,2479768175.0599999428,43.161792
Weekly,2020-07-24,Europe,806461499.5399999619,16.61071106
Weekly,2020-07-24,Asia,28316682.0600000024,0.45840614
Weekly,2020-07-24,Other,31546990,0.47741865
Weekly,2020-07-31,North America,1793166447.1700000763,26.69397889
Weekly,2020-07-31,Europe,19632928.0500000007,2.11157246
Weekly,2020-07-31,Asia,354399733.5700000525,5.39500578
Weekly,2020-07-31,Other,89083285.8800000101,1.2290932
Weekly,2020-08-07,North America,2237828814.3999996185,36.32142174
Weekly,2020-08-07,Europe,-619088009.9700000286,-9.96168033
Weekly,2020-08-07,Asia,73039151.3200000077,1.13707914
Weekly,2020-08-07,Other,17100750,0.38859373
Weekly,2020-08-14,North America,-526171686,-9.17323969
Weekly,2020-08-14,Europe,-788691648.060000062,-10.92635033
Weekly,2020-08-14,Asia,48878410.6199999973,0.76389387
Weekly,2020-08-14,Other,17238550,0.32906013
Weekly,2020-08-21,North America,600285754.7999999523,10.72255061
Weekly,2020-08-21,Europe,124921574.1200000048,0.92901546
Weekly,2020-08-21,Asia,110185205.2800000012,1.90558835
Weekly,2020-08-21,Other,33784950,0.69323517
Weekly,2020-08-28,North America,126149853.1999999881,1.59867023
Weekly,2020-08-28,Europe,397608839.4300000072,8.18365069
Weekly,2020-08-28,Asia,83041628.099999994,1.3920356
Weekly,2020-08-28,Other,14235190,0.3648508
Weekly,2020-09-04,North America,501554790.2400000095,5.91518199
Weekly,2020-09-04,Europe,658460929.3199999332,9.12473203
Weekly,2020-09-04,Asia,210603841.5600000024,3.47000049
Weekly,2020-09-04,Other,50354264.9399999976,0.82373018
Weekly,2020-09-11,North America,144203115.900000006,0.96055224
Weekly,2020-09-11,Europe,453632513.8799999952,6.65664842
Weekly,2020-09-11,Asia,85032795.9699999988,1.3073235
Weekly,2020-09-11,Other,12370600,-0.0593723
Weekly,2020-09-18,North America,836220421.3500000238,13.61075299
Weekly,2020-09-18,Europe,572034164.2099999189,9.683792
Weekly,2020-09-18,Asia,-39908502.3200000003,-0.67712302
Weekly,2020-09-18,Other,8875640,0.23859659
Weekly,2020-09-25,North America,492193980,5.51279386
Weekly,2020-09-25,Europe,259774703.9399999976,-0.16567857
Weekly,2020-09-25,Asia,8213095.4799999995,0.13448551
Weekly,2020-09-25,Other,-20793030,-0.64746209
Weekly,2020-10-02,North America,928092894.1399999857,17.94145657
Weekly,2020-10-02,Europe,609023558.3500000238,11.89033916
Weekly,2020-10-02,Asia,324411744.2599999905,5.0760156
Weekly,2020-10-02,Other,-42763583.6600000039,-0.53866677
Weekly,2020-10-09,North America,-87909538.7100000083,0.07573295
Weekly,2020-10-09,Europe,488991173.2699999809,8.6804518
Weekly,2020-10-09,Asia,-9070186.120000001,-0.17569492
Weekly,2020-10-09,Other,-865000,0.00967028
Weekly,2020-10-16,North America,367088916.7700000405,4.43532065
Weekly,2020-10-16,Europe,54931127.8299999982,0.29740219
Weekly,2020-10-16,Asia,1336515.9099999999,0.00413086
Weekly,2020-10-16,Other,14349820,0.20683311
Weekly,2020-10-23,North America,-413144830,-6.25736283
Weekly,2020-10-23,Europe,291293766.1399999857,7.02370435
Weekly,2020-10-23,Asia,-39409426.349999994,-0.66034035
Weekly,2020-10-23,Other,12940700,0.28313642
Weekly,2020-10-30,North America,-296543145.0199999809,-6.3551006
Weekly,2020-10-30,Europe,433044847.5099999905,4.05369012
Weekly,2020-10-30,Asia,37190734.5799999982,0.48763744
Weekly,2020-10-30,Other,-129477526.3500000089,-2.3410409
Weekly,2020-11-06,North America,467324569.8199999928,9.42936017
Weekly,2020-11-06,Europe,-37835744.0500000045,3.38350628
Weekly,2020-11-06,Asia,55415152.25,0.91221878
Weekly,2020-11-06,Other,-829060,0.31252427
Weekly,2020-11-13,North America,-1488894249.5599999428,-26.07385343
Weekly,2020-11-13,Europe,-545635279.75,-10.78056342
Weekly,2020-11-13,Asia,6273203.5800000001,0.0700807
Weekly,2020-11-13,Other,-1537000,-0.02026394
Weekly,2020-11-20,North America,-1071860600,-18.16753563
Weekly,2020-11-20,Europe,-561983301.7800000906,-8.94347388
Weekly,2020-11-20,Asia,13104186.2899999991,0.21260603
Weekly,2020-11-20,Other,675400,-0.029705
Weekly,2020-11-27,North America,-1573565900,-26.31315891
Weekly,2020-11-27,Europe,-1707829930.1300001144,-27.81372775
Weekly,2020-11-27,Asia,-77935927.4100000113,-1.34169857
Weekly,2020-11-27,Other,-86875766.5400000066,-1.48129682
Weekly,2020-12-04,North America,-1266836394.1099998951,-22.64820335
Weekly,2020-12-04,Europe,-742107449.6999999285,-10.06135252
Weekly,2020-12-04,Asia,-113889008.299999997,-2.6734312
Weekly,2020-12-04,Other,-48383636.7700000033,-0.86664849
Weekly,2020-12-11,North America,99869369.7199999988,1.48819166
Weekly,2020-12-11,Europe,-65997690.9300000072,-1.73697464
Weekly,2020-12-11,Asia,-107651150.6199999899,-1.81540916
Weekly,2020-12-11,Other,-1110200,-0.03598881
Weekly,2020-12-18,North America,-704705667.5,-10.74768914
Weekly,2020-12-18,Europe,93063348.4899999946,3.44320067
Weekly,2020-12-18,Asia,-12945471.879999999,-0.24252267
Weekly,2020-12-18,Other,-13068200,-0.04452832
Weekly,2020-12-25,North America,15986472.7000000011,0.83423729
Weekly,2020-12-25,Europe,-21415665.6600000001,-1.1998955
Weekly,2020-12-25,Asia,-9842526.8900000006,-0.1760402
Weekly,2020-12-25,Other,30837600,0.46651114
Weekly,2021-01-01,North America,292428719.4300000072,4.15644975
Weekly,2021-01-01,Europe,55426868.450000003,0.7080947
Weekly,2021-01-01,Asia,41619148.5399999991,0.65622444
Weekly,2021-01-01,Other,14905549.4500000011,0.13798247
Weekly,2021-01-08,North America,995680883.2000000477,15.97447972
Weekly,2021-01-08,Europe,583903512.3400000334,9.67628525
Weekly,2021-01-08,Asia,-117624111.099999994,-1.9262836
Weekly,2021-01-08,Other,81792120,1.99781092
Weekly,2021-01-15,North America,-119499530,-2.07986126
Weekly,2021-01-15,Europe,737798943.2300000191,11.2529099
Weekly,2021-01-15,Asia,35757001.700000003,0.59055888
Weekly,2021-01-15,Other,37431250,0.27997009
Weekly,2021-01-22,North America,-310249249.1999999881,-5.39159523
Weekly,2021-01-22,Europe,-119669892.8700000048,-1.01535318
Weekly,2021-01-22,Asia,63761699.049999997,1.06740786
Weekly,2021-01-22,Other,11212100,-0.07099332
Weekly,2021-01-29,North America,-861860161.4599999189,-14.66919913
Weekly,2021-01-29,Europe,139019378.5,1.38874468
Weekly,2021-01-29,Asia,36996932.200000003,0.51247272
Weekly,2021-01-29,Other,51489721.0900000036,0.46082465
Weekly,2021-02-05,North America,-172162000,-2.75383615
Weekly,2021-02-05,Europe,236529294.2599999905,2.71554417
Weekly,2021-02-05,Asia,57132703.6000000015,0.94723991
Weekly,2021-02-05,Other,8023999.9999999991,0.81831565
Weekly,2021-02-12,North America,-793925002.4000000954,-13.41624201
Weekly,2021-02-12,Europe,-451321037.3399999738,-5.90830802
Weekly,2021-02-12,Asia,52016199.299999997,0.87623684
Weekly,2021-02-12,Other,742200,0.06447179
Weekly,2021-02-19,North America,-906105472,-15.77857048
Weekly,2021-02-19,Europe,-437604142.9499999881,-7.99616878
Weekly,2021-02-19,Asia,98714382.2599999905,1.70903319
Weekly,2021-02-19,Other,-10201100,-0.3843883
Weekly,2021-02-26,North America,-2195232293.9099998474,-38.43927473
Weekly,2021-02-26,Europe,-400808947.75,-9.76888651
Weekly,2021-02-26,Asia,387839567.1100000143,6.56149658
Weekly,2021-02-26,Other,-25495822.5399999991,-0.88437071
Weekly,2021-03-05,North America,-1873022692.4000000954,-33.99460344
Weekly,2021-03-05,Europe,-1393531707.4699997902,-28.04991667
Weekly,2021-03-05,Asia,205886532.9399999976,3.6497943
Weekly,2021-03-05,Other,-6335800,0.21675104
Weekly,2021-03-12,North America,-975833014.3999999762,-17.541441
Weekly,2021-03-12,Europe,-280177330.3700000048,-4.37952876
Weekly,2021-03-12,Asia,103384697.9599999934,1.87848606
Weekly,2021-03-12,Other,-23327362.7899999991,0.01592646
Weekly,2021-03-19,North America,70621800,1.15062769
Weekly,2021-03-19,Europe,-283322651.7400000095,-5.55379129
Weekly,2021-03-19,Asia,33645788.6000000015,0.56756679
Weekly,2021-03-19,Other,-6533700,-0.40986381
Weekly,2021-03-26,North America,-886827333.6000000238,-16.33119306
Weekly,2021-03-26,Europe,-450443631.1399999857,-10.3348659
Weekly,2021-03-26,Asia,-4960652.8200000003,-0.09442784
Weekly,2021-03-26,Other,-22451400,-0.64822636
Weekly,2021-04-02,North America,-377016296.1600000262,-6.91775795
Weekly,2021-04-02,Europe,-256244963.2700000405,-4.80805805
Weekly,2021-04-02,Asia,75867136.0099999905,1.21252861
Weekly,2021-04-02,Other,-7834870.8900000006,-0.02325438
Weekly,2021-04-09,North America,-482761923.8600000143,-8.62910336
Weekly,2021-04-09,Europe,280146600.8400000334,6.78805799
Weekly,2021-04-09,Asia,2934511.1099999999,0.04138644
Weekly,2021-04-09,Other,3274520,-0.01352533
Weekly,2021-04-16,North America,-502963609.969999969,-8.96120377
Weekly,2021-04-16,Europe,73175338.0300000012,2.38579076
Weekly,2021-04-16,Asia,-38310647.7700000033,-0.70263251
Weekly,2021-04-16,Other,1989030,0.11158277
Weekly,2021-04-23,North America,17008200,0.22298714
Weekly,2021-04-23,Europe,102920548.1700000018,3.25081361
Weekly,2021-04-23,Asia,-38710525.3599999994,-0.66725338
Weekly,2021-04-23,Other,5713500,0.16977216
Weekly,2021-04-30,North America,-350573402.0899999738,-6.20885075
Weekly,2021-04-30,Europe,228792428.1699999869,3.24085513
Weekly,2021-04-30,Asia,69254320.5700000077,1.03879806
Weekly,2021-04-30,Other,3293591.5900000003,-0.17974436
Weekly,2021-05-07,North America,547834900,9.28744427
Weekly,2021-05-07,Europe,98018677.1099999994,4.0671202
Weekly,2021-05-07,Asia,-6738492.0700000003,-0.12768614
Weekly,2021-05-07,Other,-40554690,-0.53928787
Weekly,2021-05-14,North America,262899576.0000000298,4.38682701
Weekly,2021-05-14,Europe,658266892.5399999619,11.19982479
Weekly,2021-05-14,Asia,-117453952.049999997,-1.99369562
Weekly,2021-05-14,Other,-28109200,-0.54355014
Weekly,2021-05-21,North America,1055828724,17.46230728
Weekly,2021-05-21,Europe,326087760.6799999475,5.67741495
Weekly,2021-05-21,Asia,-21086073.1900000013,-0.3635319
Weekly,2021-05-21,Other,-22522090,-0.45051138
Weekly,2021-05-28,North America,155334908,2.41151385
Weekly,2021-05-28,Europe,526109354.0099999309,9.18683748
Weekly,2021-05-28,Asia,-50401416.5300000012,-0.83235256
Weekly,2021-05-28,Other,17785000,0.48110573
Weekly,2021-06-04,North America,178539683.4300000072,2.69548346
Weekly,2021-06-04,Europe,-220793532.5500000119,-4.12839729
Weekly,2021-06-04,Asia,-95685029.099999994,-1.59655634
Weekly,2021-06-04,Other,3454716.9000000004,0.11375199
Weekly,2021-06-11,North America,236497510.849999994,3.70038371
Weekly,2021-06-11,Europe,41282194.6099999994,-0.07466119
Weekly,2021-06-11,Asia,-6220049.8200000003,-0.10575542
Weekly,2021-06-11,Other,-8389693.3900000006,-0.44652268
Weekly,2021-06-18,North America,554554644.8500000238,9.13971777
Weekly,2021-06-18,Europe,-246384955.8100000024,-8.36797368
Weekly,2021-06-18,Asia,-21451434.7800000012,-0.36943949
Weekly,2021-06-18,Other,-346126.94,-0.02825879
Weekly,2021-06-25,North America,-497234700,-8.61890415
Weekly,2021-06-25,Europe,-34698494.3999999985,-0.15480994
Weekly,2021-06-25,Asia,116885387.9600000083,2.02331946
Weekly,2021-06-25,Other,-25537410,-0.51263927
Weekly,2021-07-02,North America,55027906.3100000024,1.0688024
Weekly,2021-07-02,Europe,-86080938.5900000036,-2.45443794
Weekly,2021-07-02,Asia,179196913.6399999857,3.01902642
Weekly,2021-07-02,Other,11008294.6300000008,0.18102574
Weekly,2021-07-09,North America,-91684906.5900000036,-1.876221
Weekly,2021-07-09,Europe,500887340.8499999642,9.36676316
Weekly,2021-07-09,Asia,101178339.3900000006,1.7351623
Weekly,2021-07-09,Other,-2957800,-0.14638554
Weekly,2021-07-16,North America,-654012174.0700000525,-11.53193544
Weekly,2021-07-16,Europe,417848758.5400000215,5.79529327
Weekly,2021-07-16,Asia,-56222725.8400000036,-0.95693751
Weekly,2021-07-16,Other,-1274400,0.03756413
Weekly,2021-07-23,North America,51472900,0.75707284
Weekly,2021-07-23,Europe,-45474994.7400000021,-1.11368457
Weekly,2021-07-23,Asia,1889552.51,0.02239467
Weekly,2021-07-23,Other,15171470,0.01274046
Weekly,2021-07-30,North America,468555959.3700000048,7.79277995
Weekly,2021-07-30,Europe,217118299.6299999952,5.67654153
Weekly,2021-07-30,Asia,-36745205.2399999946,-0.61643277
Weekly,2021-07-30,Other,346714.22,0.05188622
Weekly,2021-08-06,North America,-350925900,-6.20153324
Weekly,2021-08-06,Europe,241159343.8199999928,2.26199365
Weekly,2021-08-06,Asia,-36804560.8099999949,-0.63352029
Weekly,2021-08-06,Other,7053200,0.01094531
Weekly,2021-08-13,North America,-219914842.9699999988,-4.14943147
Weekly,2021-08-13,Europe,94476952.2800000012,2.04269077
Weekly,2021-08-13,Asia,220344687.9399999976,3.88573198
Weekly,2021-08-13,Other,9883833.5199999996,0.42563372
Weekly,2021-08-20,North America,-715606900,-13.14587408
Weekly,2021-08-20,Europe,342798244.4099999666,4.60200109
Weekly,2021-08-20,Asia,34361718.7899999991,0.59369003
Weekly,2021-08-20,Other,-30858200,-0.83756515
Weekly,2021-08-27,North America,-511906600,-8.63690158
Weekly,2021-08-27,Europe,-50652599.4600000009,0.86233289
Weekly,2021-08-27,Asia,-122626781.0300000012,-2.12932691
Weekly,2021-08-27,Other,-8817600,0.30087907
Weekly,2021-09-03,North America,-35487141.1000000015,-0.14109558
Weekly,2021-09-03,Europe,-6345660.9300000006,0.14085782
Weekly,2021-09-03,Asia,-150436722.150000006,-2.58632458
Weekly,2021-09-03,Other,1809827.52,-0.389339
Weekly,2021-09-10,North America,94522220.5700000077,1.32159056
Weekly,2021-09-10,Europe,87574134.549999997,0.1762024
Weekly,2021-09-10,Asia,-153224686.5500000119,-2.63718009
Weekly,2021-09-10,Other,7496393.5899999999,0.17881901
Weekly,2021-09-17,North America,253035400,4.1080971
Weekly,2021-09-17,Europe,-103059095.0400000066,-4.30799587
Weekly,2021-09-17,Asia,-29993261.1899999976,-0.52187762
Weekly,2021-09-17,Other,-618300,-0.06195433
Weekly,2021-09-24,North America,-402257217.9399999976,-7.22025412
Weekly,2021-09-24,Europe,-125072367.7600000054,-1.67461381
Weekly,2021-09-24,Asia,90936739.8599999994,1.57483644
Weekly,2021-09-24,Other,7024010,0.15479832
Weekly,2021-10-01,North America,-463037134,-7.20274249
Weekly,2021-10-01,Europe,-512937695.1000000238,-10.71656941
Weekly,2021-10-01,Asia,316259726.25,5.49951702
Weekly,2021-10-01,Other,-604120.48,0.13638537
Weekly,2021-10-08,North America,-214179653.2800000012,-3.63027781
Weekly,2021-10-08,Europe,-251058131.3899999857,-4.80990641
Weekly,2021-10-08,Asia,64766870.2199999988,1.13888501
Weekly,2021-10-08,Other,825490,-0.13727828
Weekly,2021-10-15,North America,-486188600,-8.38697768
Weekly,2021-10-15,Europe,-66128067.1100000069,-0.11465365
Weekly,2021-10-15,Asia,102488065.5600000024,1.7893556
Weekly,2021-10-15,Other,-25421910,-0.30665318
Weekly,2021-10-22,North America,-191926200,-3.47409313
Weekly,2021-10-22,Europe,-404455627.9300000072,-6.32165689
Weekly,2021-10-22,Asia,-35964675.9299999997,-0.64881409
Weekly,2021-10-22,Other,24042006.0100000016,0.23411189
Weekly,2021-10-29,North America,233473006.4199999869,2.92986059
Weekly,2021-10-29,Europe,29670992.9199999981,-0.67717133
Weekly,2021-10-29,Asia,-24644665.4800000004,-0.46606461
Weekly,2021-10-29,Other,14685548.0700000003,0.42165174
Weekly,2021-11-05,North America,-286884600,-5.19252359
Weekly,2021-11-05,Europe,-108959091.400000006,-1.2565486
Weekly,2021-11-05,Asia,-2705649.48,-0.0621491
Weekly,2021-11-05,Other,16427579.9999999981,0.38370775
Weekly,2021-11-12,North America,-3410200,-0.26097693
Weekly,2021-11-12,Europe,215888138.3300000131,1.70536013
Weekly,2021-11-12,Asia,-300905294.6100000143,-5.07202409
Weekly,2021-11-12,Other,8637410,-0.06426211
Weekly,2021-11-19,North America,612145800,10.00036536
Weekly,2021-11-19,Europe,15598803.5200000014,-1.86070688
Weekly,2021-11-19,Asia,-253291392.0699999928,-4.24541916
Weekly,2021-11-19,Other,16015160.0000000019,0.12633066
Weekly,2021-11-26,North America,482356300,7.87901704
Weekly,2021-11-26,Europe,33263858.5500000007,0.80551999
Weekly,2021-11-26,Asia,68141954.8400000036,1.17052672
Weekly,2021-11-26,Other,2365440,0.10566855
Weekly,2021-12-03,North America,-569499126.0599999428,-9.83413776
Weekly,2021-12-03,Europe,-53758059.8699999973,-0.22647438
Weekly,2021-12-03,Asia,424429224.25,7.20242112
Weekly,2021-12-03,Other,22434882.2699999996,0.0512291
Weekly,2021-12-10,North America,-141877700,-2.57655277
Weekly,2021-12-10,Europe,206765006.8300000131,3.25386709
Weekly,2021-12-10,Asia,357102958.7900000215,6.18753122
Weekly,2021-12-10,Other,-69458600,-0.84324506
Weekly,2021-12-17,North America,-317603451.4200000167,-5.81536804
Weekly,2021-12-17,Europe,269480849.0899999738,3.41420971
Weekly,2021-12-17,Asia,141878636.4100000262,2.4242978
Weekly,2021-12-17,Other,-19252300,-0.387163
Weekly,2021-12-24,North America,-411380300,-6.98563448
Weekly,2021-12-24,Europe,123344802.7199999988,4.29157051
Weekly,2021-12-24,Asia,-93468834.150000006,-1.60660003
Weekly,2021-12-24,Other,20753890,1.01961318
Weekly,2021-12-31,North America,171287017.8899999857,2.44657973
Weekly,2021-12-31,Europe,43260323.9699999988,-0.967204
Weekly,2021-12-31,Asia,-166742086.4600000083,-2.93093513
Weekly,2021-12-31,Other,-8739518.620000001,-0.79911669
Weekly,2022-01-07,North America,139562573.9300000072,2.54674754
Weekly,2022-01-07,Europe,220975586.5399999917,5.20442024
Weekly,2022-01-07,Asia,-186473147.7299999893,-3.22387371
Weekly,2022-01-07,Other,-1884500,0.07023225
Weekly,2022-01-14,North America,124716900,2.08134727
Weekly,2022-01-14,Europe,14663279.1999999993,0.53681332
Weekly,2022-01-14,Asia,-27363763.129999999,-0.47025948
Weekly,2022-01-14,Other,5187210,-0.19508549
Weekly,2022-01-21,North America,1940677500,33.04715349
Weekly,2022-01-21,Europe,-30510084.5599999987,-0.53645535
Weekly,2022-01-21,Asia,-189390168.3000000119,-3.23054367
Weekly,2022-01-21,Other,-5823736.5099999998,0.1377807
Weekly,2022-01-28,North America,453380200,7.4299282
Weekly,2022-01-28,Europe,50746605.1700000018,-2.76404467
Weekly,2022-01-28,Asia,-123253420.549999997,-2.08374099
Weekly,2022-01-28,Other,20429704.2100000009,0.11950598
Weekly,2022-02-04,North America,-200208260.1399999857,-3.84398255
Weekly,2022-02-04,Europe,317843576.6000000238,8.41752439
Weekly,2022-02-04,Asia,-63103030.5100000054,-0.99035262
Weekly,2022-02-04,Other,3037723.29,0.19657009
Weekly,2022-02-11,North America,784294700,13.35330004
Weekly,2022-02-11,Europe,310111960.4800000191,4.81551906
Weekly,2022-02-11,Asia,10031971.8899999987,0.15677156
Weekly,2022-02-11,Other,-5901600,0.05864769
Weekly,2022-02-18,North America,624563827.5099999905,10.14128713
Weekly,2022-02-18,Europe,496555574.8599999547,8.01790545
Weekly,2022-02-18,Asia,-365435911.3599999547,-6.07377823
Weekly,2022-02-18,Other,1250841.6899999999,-0.24880934
Weekly,2022-02-25,North America,185702000,2.92519064
Weekly,2022-02-25,Europe,399736741.6999999881,4.87528211
Weekly,2022-02-25,Asia,-78159069.0900000036,-1.26927934
Weekly,2022-02-25,Other,-3286700,0.0419699
Weekly,2022-03-04,North America,2445458639.6900000572,39.73260744
Weekly,2022-03-04,Europe,605421554.4300000668,8.38832896
Weekly,2022-03-04,Asia,47614440.4200000018,0.78612244
Weekly,2022-03-04,Other,17910288.9400000013,0.64098046
Weekly,2022-03-11,North America,1043707763.8400001526,15.93770384
Weekly,2022-03-11,Europe,2359457668.5699996948,34.04494406
Weekly,2022-03-11,Asia,136163119.9399999976,2.12174096
Weekly,2022-03-11,Other,47691300,0.35400362
Weekly,2022-03-18,North America,1472773310.0999999046,23.61580582
Weekly,2022-03-18,Europe,883749094.8600000143,15.79813635
Weekly,2022-03-18,Asia,-86350309.6099999994,-1.40754997
Weekly,2022-03-18,Other,-973271.48,0.31663154
Weekly,2022-03-25,North America,1194505233.0900001526,19.11962894
Weekly,2022-03-25,Europe,1356141873.1599998474,21.2990052
Weekly,2022-03-25,Asia,-8528197.3099999987,-0.1350014
Weekly,2022-03-25,Other,12353002,0.2410437
Weekly,2022-04-01,North America,430169492.6600000262,6.85678123
Weekly,2022-04-01,Europe,342508834.219999969,5.99210439
Weekly,2022-04-01,Asia,56186278.7700000033,0.87227791
Weekly,2022-04-01,Other,29674891.879999999,0.27135313
Weekly,2022-04-08,North America,91658152.900000006,1.36596245
Weekly,2022-04-08,Europe,606101122.0399999619,7.77464147
Weekly,2022-04-08,Asia,57910128.3700000048,0.91298736
Weekly,2022-04-08,Other,10371176.2899999991,0.35100486
Weekly,2022-04-15,North America,717541470.6000000238,11.1950162
Weekly,2022-04-15,Europe,524220240.3999999762,7.07587559
Weekly,2022-04-15,Asia,92222205.0400000066,1.46738807
Weekly,2022-04-15,Other,17827078.1000000015,0.13439792
Weekly,2022-04-22,North America,453600059.6000000238,6.82496908
Weekly,2022-04-22,Europe,647178727.0099999905,7.67211335
Weekly,2022-04-22,Asia,-2488665.3199999998,-0.0583164
Weekly,2022-04-22,Other,4624500,-0.16081912
Weekly,2022-04-29,North America,-240878317.7800000012,-4.30884992
Weekly,2022-04-29,Europe,-85776367.4299999923,-5.04356519
Weekly,2022-04-29,Asia,-175136250.6099999845,-3.09765935
Weekly,2022-04-29,Other,-6937757.04,-0.15209327
Weekly,2022-05-06,North America,-772761869.1000000238,-13.06014638
Weekly,2022-05-06,Europe,18663163.3900000006,-1.51981978
Weekly,2022-05-06,Asia,-76377339.3999999911,-1.27608936
Weekly,2022-05-06,Other,5589600,0.13929491
Weekly,2022-05-13,North America,-1964877000,-33.4981282
Weekly,2022-05-13,Europe,-455692445.7599999905,-10.45548767
Weekly,2022-05-13,Asia,-72392666.9200000018,-1.2086246
Weekly,2022-05-13,Other,-23957330.4200000018,-0.41169846
Weekly,2022-05-20,North America,357740858.8000000119,6.09006881
Weekly,2022-05-20,Europe,-363088314.4200000167,-2.24453295
Weekly,2022-05-20,Asia,41751935.7299999967,0.70083092
Weekly,2022-05-20,Other,-14057500,-0.45149678
Weekly,2022-05-27,North America,477340278.8000000119,7.99605176
Weekly,2022-05-27,Europe,-237291340.3899999857,-1.36753879
Weekly,2022-05-27,Asia,42012819.8800000027,0.69137301
Weekly,2022-05-27,Other,7768534.6900000004,0.27330128
Weekly,2022-06-03,North America,-203656446.4299999774,-3.56840406
Weekly,2022-06-03,Europe,49590904.5700000003,-0.48624013
Weekly,2022-06-03,Asia,-2939060.0500000003,-0.09133669
Weekly,2022-06-03,Other,8188175.3199999994,0.27639788
Weekly,2022-06-10,North America,47017355,0.49983586
Weekly,2022-06-10,Europe,-289269940.969999969,-8.42298212
Weekly,2022-06-10,Asia,34408323.3900000006,0.56856364
Weekly,2022-06-10,Other,8425000,-0.11489319
Weekly,2022-06-17,North America,239825982,3.50152604
Weekly,2022-06-17,Europe,105881330.0799999982,2.28999509
Weekly,2022-06-17,Asia,-45594388.6199999973,-0.7814474
Weekly,2022-06-17,Other,-1923765.1000000001,0.05355817
Weekly,2022-06-24,North America,-954655100,-16.24776604
Weekly,2022-06-24,Europe,-192490347.4799999893,-1.7777731
Weekly,2022-06-24,Asia,37757431.7400000021,0.64092684
Weekly,2022-06-24,Other,-2792840.6000000001,-0.01450015
Weekly,2022-07-01,North America,-1202343697.1900000572,-20.27556471
Weekly,2022-07-01,Europe,95081531.299999997,0.10397748
Weekly,2022-07-01,Asia,57075395.9299999997,0.95226916
Weekly,2022-07-01,Other,-988047.9199999999,-0.02653413
Weekly,2022-07-08,North America,-1130482370.2699999809,-19.98276696
Weekly,2022-07-08,Europe,-451360475.6899999976,-11.76871202
Weekly,2022-07-08,Asia,16191848.6799999997,0.28736709
Weekly,2022-07-08,Other,-23470490.7399999984,-0.73595486
Weekly,2022-07-15,North America,-579857521.4900000095,-10.88006389
Weekly,2022-07-15,Europe,-91567575.1100000143,-2.67146458
Weekly,2022-07-15,Asia,216913320.599999994,3.87660595
Weekly,2022-07-15,Other,-10699700,-0.01586066
Weekly,2022-07-22,North America,-606259151.1299999952,-10.93501124
Weekly,2022-07-22,Europe,-1012687920.7899999619,-15.62084428
Weekly,2022-07-22,Asia,136559612.6400000155,2.46052465
Weekly,2022-07-22,Other,-4796600,-0.07609642
Weekly,2022-07-29,North America,32981367.6799999997,1.03786018
Weekly,2022-07-29,Europe,-493061614.3199999928,-7.8385281
Weekly,2022-07-29,Asia,56472968.7599999979,1.12165344
Weekly,2022-07-29,Other,-5540707.0300000003,-0.07300433
Weekly,2022-08-05,North America,-735161800,-13.14736109
Weekly,2022-08-05,Europe,125488404.2099999934,0.75578105
Weekly,2022-08-05,Asia,-75635793.5900000036,-1.32211127
Weekly,2022-08-05,Other,-1548200,-0.05251777
Weekly,2022-08-12,North America,-334283500,-5.65769019
Weekly,2022-08-12,Europe,-188702437.4300000072,-0.77849673
Weekly,2022-08-12,Asia,-136278627.0899999738,-2.37275588
Weekly,2022-08-12,Other,33647400,0.79890702
Weekly,2022-08-19,North America,-398584300,-7.42907104
Weekly,2022-08-19,Europe,-53321382.3999999985,-5.56210919
Weekly,2022-08-19,Asia,-155903359.099999994,-2.74101037
Weekly,2022-08-19,Other,26105100,0.26653165
Weekly,2022-08-26,North America,-218012700,-4.05631304
Weekly,2022-08-26,Europe,-113250884.5400000066,-3.81651808
Weekly,2022-08-26,Asia,-17835014.2399999984,-0.32206365
Weekly,2022-08-26,Other,7928200,-0.13624831
Weekly,2022-09-02,North America,-669780214.310000062,-12.67011529
Weekly,2022-09-02,Europe,-209264380.3599999845,-6.13880057
Weekly,2022-09-02,Asia,-45837774.0399999991,-0.81975282
Weekly,2022-09-02,Other,5530430.5700000003,0.04172881
Weekly,2022-09-09,North America,-583660400,-10.39974662
Weekly,2022-09-09,Europe,-150518888.2999999821,0.74965624
Weekly,2022-09-09,Asia,4405765.9500000002,0.08325381
Weekly,2022-09-09,Other,-15845800,0.03867813
Weekly,2022-09-16,North America,-439431000,-8.19746229
Weekly,2022-09-16,Europe,-118139256.0200000107,-4.11810765
Weekly,2022-09-16,Asia,-27029058.7800000012,-0.50452318
Weekly,2022-09-16,Other,-6999500,-0.33952153
Weekly,2022-09-23,North America,-980130300,-18.63288353
Weekly,2022-09-23,Europe,-525259677.3400000334,-16.21202091
Weekly,2022-09-23,Asia,28210926.25,0.51598619
Weekly,2022-09-23,Other,-11658800,-0.2609984
Weekly,2022-09-30,North America,-1070594471.8400001526,-20.91282108
Weekly,2022-09-30,Europe,-964363667.0299999714,-16.97671678
Weekly,2022-09-30,Asia,-232877.41,-0.08137706
Weekly,2022-09-30,Other,-16125571.7200000007,-0.45670775
Weekly,2022-10-07,North America,155903108.8000000119,3.07286129
Weekly,2022-10-07,Europe,-162388333.0600000024,-4.6694085
Weekly,2022-10-07,Asia,789900,0.02010045
Weekly,2022-10-07,Other,7780100,0.09183369
Weekly,2022-10-14,North America,-241560600,-5.04855225
Weekly,2022-10-14,Europe,-532231777.5400000811,-11.75125423
Weekly,2022-10-14,Asia,-178967351.9199999869,-3.28180437
Weekly,2022-10-14,Other,-20009900,-0.5563511
Weekly,2022-10-21,North America,-1290609236.9600000381,-24.43736156
Weekly,2022-10-21,Europe,-74884387.3099999875,1.87368768
Weekly,2022-10-21,Asia,-53948460.1799999997,-1.01187108
Weekly,2022-10-21,Other,1504400,0.66867709
Weekly,2022-10-28,North America,-622174832.9600000381,-11.75522854
Weekly,2022-10-28,Europe,-57200898.9799999967,0.06121
Weekly,2022-10-28,Asia,-60151415.2800000012,-1.11002337
Weekly,2022-10-28,Other,11502400,-0.15735541
Weekly,2022-11-04,North America,-1028127768.1299999952,-18.97316565
Weekly,2022-11-04,Europe,115452500.5699999928,1.37591162
Weekly,2022-11-04,Asia,6634623.3399999999,0.02155585
Weekly,2022-11-04,Other,-19888121.879999999,-0.2345461
Weekly,2022-11-11,North America,11271600,0.39850289
Weekly,2022-11-11,Europe,-533543791.1699999571,-0.52536799
Weekly,2022-11-11,Asia,29502348.6499999985,0.53456701
Weekly,2022-11-11,Other,-2998200,-0.02080711
Weekly,2022-11-18,North America,-364540300,-6.75425703
Weekly,2022-11-18,Europe,-168771931.1399999857,-4.74153172
Weekly,2022-11-18,Asia,-112299948.5600000024,-1.97672722
Weekly,2022-11-18,Other,-8496600,-0.20398622
Weekly,2022-11-25,North America,269998400,4.66854608
Weekly,2022-11-25,Europe,11890353.7700000014,2.18010868
Weekly,2022-11-25,Asia,44922607.1599999964,0.77477863
Weekly,2022-11-25,Other,8729400,0.2987287
Weekly,2022-12-02,North America,-277279244.2699999809,-5.23130249
Weekly,2022-12-02,Europe,-133204439.5800000131,-0.13636957
Weekly,2022-12-02,Asia,-24889267.8599999994,-0.34451254
Weekly,2022-12-02,Other,-6869437.3300000001,-0.09594381
Weekly,2022-12-09,North America,149335300,2.42653619
Weekly,2022-12-09,Europe,-423589105.3000000119,-7.62352997
Weekly,2022-12-09,Asia,-31812033.6400000006,-0.54480616
Weekly,2022-12-09,Other,-15703530,-0.33185032
Weekly,2022-12-16,North America,-50920600,-1.19152884
Weekly,2022-12-16,Europe,-195183149.0399999917,-3.51229045
Weekly,2022-12-16,Asia,-30192948.3500000015,-0.54385787
Weekly,2022-12-16,Other,-10712614.2200000007,-0.44561941
Weekly,2022-12-23,North America,290743900,5.14410249
Weekly,2022-12-23,Europe,-232983909.5099999905,-4.36407458
Weekly,2022-12-23,Asia,-1411730.3100000001,-0.03431476
Weekly,2022-12-23,Other,3324500,0.42160559
Weekly,2022-12-30,North America,323575940.0600000024,5.46721543
Weekly,2022-12-30,Europe,-61356144.9200000018,1.13920114
Weekly,2022-12-30,Asia,110973412.4299999923,1.97876
Weekly,2022-12-30,Other,-5437531.0700000003,-0.10546215
Weekly,2023-01-06,North America,95328000,1.44953206
Weekly,2023-01-06,Europe,-24207175.450000003,-1.69329193
Weekly,2023-01-06,Asia,-47914615.9200000018,-0.81033712
Weekly,2023-01-06,Other,13346300,0.40291611
Weekly,2023-01-13,North America,-44373400,-0.94673958
Weekly,2023-01-13,Europe,-466375898.0900000334,-6.75139076
Weekly,2023-01-13,Asia,-128671257.3199999928,-2.1016264
Weekly,2023-01-13,Other,-4923900,-0.18244275
Weekly,2023-01-20,North America,439069400,6.94455186
Weekly,2023-01-20,Europe,-913034085.3200000525,-14.18124889
Weekly,2023-01-20,Asia,14632984.2200000007,0.23680929
Weekly,2023-01-20,Other,42167527.1700000018,0.68199816
Weekly,2023-01-27,North America,202112900,3.18413664
Weekly,2023-01-27,Europe,-375688673.8900000453,-5.65813704
Weekly,2023-01-27,Asia,896200,0.00927028
Weekly,2023-01-27,Other,54376000,1.01143897
Weekly,2023-02-03,North America,177341771.4300000072,3.21897559
Weekly,2023-02-03,Europe,-888607734.0299999714,-16.50518406
Weekly,2023-02-03,Asia,-170521189.8100000024,-2.65704856
Weekly,2023-02-03,Other,96684.91,-0.4458883
Weekly,2023-02-10,North America,-160483035.6800000072,-2.89852271
Weekly,2023-02-10,Europe,41223503.5200000033,-0.49093605
Weekly,2023-02-10,Asia,38876388.8699999973,0.62165934
Weekly,2023-02-10,Other,5562300,0.21073046
Weekly,2023-02-17,North America,-325372200,-5.83160484
Weekly,2023-02-17,Europe,-140834910.6800000072,-2.37115469
Weekly,2023-02-17,Asia,27666793.5399999991,0.45489289
Weekly,2023-02-17,Other,10386735.6899999995,0.21610288
Weekly,2023-02-24,North America,-196274000,-3.57930162
Weekly,2023-02-24,Europe,-437734439.1800000072,-10.09754142
Weekly,2023-02-24,Asia,-9661653.5399999991,-0.17851432
Weekly,2023-02-24,Other,16931300,0.20547938
Weekly,2023-03-03,North America,-464232362.7200000286,-7.70016142
Weekly,2023-03-03,Europe,-273321838.8899999857,-3.57647837
Weekly,2023-03-03,Asia,51043809.3200000003,0.78775476
Weekly,2023-03-03,Other,47342413.1099999994,0.80968334
Weekly,2023-03-10,North America,-731694607.7000000477,-12.87787991
Weekly,2023-03-10,Europe,114726363.75,3.42494325
Weekly,2023-03-10,Asia,63530046.9800000042,1.04195765
Weekly,2023-03-10,Other,10570832.1099999994,0.01375895
Weekly,2023-03-17,North America,1073629700,17.32915576
Weekly,2023-03-17,Europe,248724573.8100000024,3.4922702
Weekly,2023-03-17,Asia,36642212.7299999967,0.57939532
Weekly,2023-03-17,Other,23198600,0.55249966
Weekly,2023-03-24,North America,273753027.4000000358,4.27909055
Weekly,2023-03-24,Europe,436823104.6799999475,7.97450996
Weekly,2023-03-24,Asia,85034163.8799999952,1.32498549
Weekly,2023-03-24,Other,-14862600,-0.38030662
Weekly,2023-03-31,North America,489939676.3999999762,7.76516181
Weekly,2023-03-31,Europe,305850492.8400000334,6.43059246
Weekly,2023-03-31,Asia,-1281785.75,0.0543566
Weekly,2023-03-31,Other,-80076531.8299999982,-1.24932234
Weekly,2023-04-07,North America,468155400,7.27172391
Weekly,2023-04-07,Europe,-104833052.0199999958,-0.05150501
Weekly,2023-04-07,Asia,-4711199.75,-0.05482687
Weekly,2023-04-07,Other,5481613.5600000005,0.19779533
Weekly,2023-04-14,North America,115202803,1.88760821
Weekly,2023-04-14,Europe,118462141.0099999905,1.88579078
Weekly,2023-04-14,Asia,1991169.3200000001,0.01076244
Weekly,2023-04-14,Other,15215099.1500000004,0.02183579
Weekly,2023-04-21,North America,113036400,1.65804544
Weekly,2023-04-21,Europe,-167800234.3400000036,-1.78480559
Weekly,2023-04-21,Asia,-2404058.5700000003,-0.04918878
Weekly,2023-04-21,Other,-7007700,-0.01725025
Weekly,2023-04-28,North America,290736062.8100000024,4.26486856
Weekly,2023-04-28,Europe,-62683256.5799999982,-0.6624507
Weekly,2023-04-28,Asia,25728637.3599999994,0.3313794
Weekly,2023-04-28,Other,34837489.8200000003,0.58961594
Weekly,2023-05-05,North America,542944506.0399999619,8.45801969
Weekly,2023-05-05,Europe,220544690,4.0944486
Weekly,2023-05-05,Asia,-17585133.7200000025,-0.26700414
Weekly,2023-05-05,Other,7168296.0800000001,0.21432748
Weekly,2023-05-12,North America,553236752.2400000095,8.10397192
Weekly,2023-05-12,Europe,-34906604.8599999994,-3.8130647
Weekly,2023-05-12,Asia,-33022064.2100000046,-0.5280518
Weekly,2023-05-12,Other,22380700,0.03080353
Weekly,2023-05-19,North America,438468729.6800000072,7.04241431
Weekly,2023-05-19,Europe,48576258.5700000003,1.20163644
Weekly,2023-05-19,Asia,10211349.8399999999,0.16627148
Weekly,2023-05-19,Other,2741300,0.2195152
Weekly,2023-05-26,North America,-41951618,-0.9673148
Weekly,2023-05-26,Europe,114682909.6899999976,-0.39776274
Weekly,2023-05-26,Asia,-2254861.5299999998,-0.04501839
Weekly,2023-05-26,Other,-17870400,-0.52817985
Weekly,2023-06-02,North America,-222849689.5099999905,-3.26311795
Weekly,2023-06-02,Europe,-88855787.0100000054,-1.90033477
Weekly,2023-06-02,Asia,48418148.6700000018,0.74069244
Weekly,2023-06-02,Other,4231053.5199999996,0.13810218
Weekly,2023-06-09,North America,-450309810.9399999976,-7.16008847
Weekly,2023-06-09,Europe,-113207883.3900000006,-0.71304184
Weekly,2023-06-09,Asia,-12576508.620000001,-0.2072384
Weekly,2023-06-09,Other,-13300900,-0.06434364
Weekly,2023-06-16,North America,-36627367.6400000006,-0.56854542
Weekly,2023-06-16,Europe,-252518739.5200000107,-1.63705412
Weekly,2023-06-16,Asia,-7190222.7999999998,-0.12705809
Weekly,2023-06-16,Other,-53951200,-0.64661672
Weekly,2023-06-23,North America,-564997600,-9.47015897
Weekly,2023-06-23,Europe,-923331637.4500000477,-16.11444762
Weekly,2023-06-23,Asia,487168.51,-0.0051695
Weekly,2023-06-23,Other,-190949747.6399999857,-3.33630434
Weekly,2023-06-30,North America,-481199929.4300000072,-7.7913929
Weekly,2023-06-30,Europe,-577334583.4100000858,-8.79699754
Weekly,2023-06-30,Asia,99974988.2100000083,1.5923533
Weekly,2023-06-30,Other,-4192426.4100000001,0.03238983
Weekly,2023-07-07,North America,-666725000,-10.91461249
Weekly,2023-07-07,Europe,-113238085.150000006,-0.344269
Weekly,2023-07-07,Asia,-60958976.5200000033,-0.98279842
Weekly,2023-07-07,Other,-3123200,-0.01815532
Weekly,2023-07-14,North America,-131830230.6799999923,-1.96579949
Weekly,2023-07-14,Europe,-161609628.1099999845,1.49149105
Weekly,2023-07-14,Asia,23409046.5399999991,0.37349904
Weekly,2023-07-14,Other,-13358900,-0.21471684
Weekly,2023-07-21,North America,314238400,4.86514516
Weekly,2023-07-21,Europe,-408933436.8500000238,-8.34901346
Weekly,2023-07-21,Asia,21843288.3399999999,0.3308083
Weekly,2023-07-21,Other,-55117000,-0.93601857
Weekly,2023-07-28,North America,-474106577.8199999928,-7.75833527
Weekly,2023-07-28,Europe,-520271081.3500000238,-9.17444372
Weekly,2023-07-28,Asia,107495645.4299999923,1.67941415
Weekly,2023-07-28,Other,-19703564.3900000006,-0.14035156
Weekly,2023-08-04,North America,-926063309.1100000143,-15.15995826
Weekly,2023-08-04,Europe,-112495108.8900000006,-2.35822988
Weekly,2023-08-04,Asia,42919656.5700000003,0.585323
Weekly,2023-08-04,Other,-3665963.2000000002,-0.20454038
Weekly,2023-08-11,North America,-445374736,-7.42526271
Weekly,2023-08-11,Europe,-173760347.5800000131,-4.5740205
Weekly,2023-08-11,Asia,52655610.2600000054,0.82396415
Weekly,2023-08-11,Other,1207700,-0.3884806
Weekly,2023-08-18,North America,-688755392.1999999285,-11.37057737
Weekly,2023-08-18,Europe,-116163875.3200000077,-2.61363182
Weekly,2023-08-18,Asia,113139285.7600000054,1.80922881
Weekly,2023-08-18,Other,7551900,0.25880305
Weekly,2023-08-25,North America,-778505900,-12.81545972
Weekly,2023-08-25,Europe,3426150,-1.11036961
Weekly,2023-08-25,Asia,141135231.25,2.23168192
Weekly,2023-08-25,Other,15175400,0.27096708
Weekly,2023-09-01,North America,180530510.7099999785,2.77287475
Weekly,2023-09-01,Europe,-24798051.1300000027,-0.97896048
Weekly,2023-09-01,Asia,132654194.5799999982,1.88014256
Weekly,2023-09-01,Other,4607804.6099999994,-0.06790487
Weekly,2023-09-08,North America,-338193105.4399999976,-5.78847515
Weekly,2023-09-08,Europe,-561584053.4400000572,-10.54758914
Weekly,2023-09-08,Asia,65551163.7900000066,1.01732599
Weekly,2023-09-08,Other,-6483400,-0.21874552
Weekly,2023-09-15,North America,-465681800,-7.53154067
Weekly,2023-09-15,Europe,-47129632.2599999979,-1.3095074
Weekly,2023-09-15,Asia,143820112.0800000131,2.23079274
Weekly,2023-09-15,Other,-2912200,0.14469015
Weekly,2023-09-22,North America,-236087000,-3.78757318
Weekly,2023-09-22,Europe,-70646027.5099999905,-2.63145544
Weekly,2023-09-22,Asia,33830693.7700000033,0.52273588
Weekly,2023-09-22,Other,2562400,-0.04153691
Weekly,2023-09-29,North America,-1149909037.7400000095,-18.92691254
Weekly,2023-09-29,Europe,-596569634.4900000095,-11.43181872
Weekly,2023-09-29,Asia,66963870.0200000033,1.0143452
Weekly,2023-09-29,Other,3642763.2199999997,0.03413346
Weekly,2023-10-06,North America,-715458777.3099999428,-12.60365858
Weekly,2023-10-06,Europe,-763880363.689999938,-11.9534882
Weekly,2023-10-06,Asia,17795050,0.32113315
Weekly,2023-10-06,Other,-5916600,0.16460389
Weekly,2023-10-13,North America,-398151600,-6.79095272
Weekly,2023-10-13,Europe,-396056526.4900000095,-6.89086752
Weekly,2023-10-13,Asia,90441298.4700000137,1.41051059
Weekly,2023-10-13,Other,43214900,0.39163702
Weekly,2023-10-20,North America,-167106200,-3.18239682
Weekly,2023-10-20,Europe,-1533451835.620000124,-23.05876453
Weekly,2023-10-20,Asia,96939154.0799999982,1.53588327
Weekly,2023-10-20,Other,6608975.25,0.14520982
Weekly,2023-10-27,North America,-203307362.5600000024,-3.41082345
Weekly,2023-10-27,Europe,2214746462.0900001526,33.26352129
Weekly,2023-10-27,Asia,-103507061.8999999911,-1.64416711
Weekly,2023-10-27,Other,1578000,-0.01183431
Weekly,2023-11-03,North America,145119198.6200000048,2.54923393
Weekly,2023-11-03,Europe,-897076849.2900000811,-11.81296345
Weekly,2023-11-03,Asia,-89306872.5,-1.43979396
Weekly,2023-11-03,Other,-259988.76,0.28234038
Weekly,2023-11-10,North America,295941705.1100000143,4.41568658
Weekly,2023-11-10,Europe,-670953722.1000000238,-11.97388574
Weekly,2023-11-10,Asia,-116066715.7300000042,-1.75562327
Weekly,2023-11-10,Other,-1916400,-0.21054866
Weekly,2023-11-17,North America,817050321.5999999046,13.11396609
Weekly,2023-11-17,Europe,-366169789.8000000119,-2.70425903
Weekly,2023-11-17,Asia,84276792.450000003,1.25383082
Weekly,2023-11-17,Other,-5035700,-0.01746046
Weekly,2023-11-24,North America,-213673521.599999994,-3.49604587
Weekly,2023-11-24,Europe,61922433.4099999964,2.06633155
Weekly,2023-11-24,Asia,73976201.2099999934,1.12397852
Weekly,2023-11-24,Other,120688300,2.00327882
Weekly,2023-12-01,North America,-346870819.6399999857,-5.29213778
Weekly,2023-12-01,Europe,234287697.0400000215,4.78775069
Weekly,2023-12-01,Asia,92964482.8299999982,1.28234062
Weekly,2023-12-01,Other,-118940853.950000003,-1.64289763
Weekly,2023-12-08,North America,317383867.5800000429,4.53575346
Weekly,2023-12-08,Europe,-999641627.1900000572,-18.17931215
Weekly,2023-12-08,Asia,-60746984.2100000009,-0.91332631
Weekly,2023-12-08,Other,-15290965.8599999994,-0.61225334
Weekly,2023-12-15,North America,324501700,5.20156798
Weekly,2023-12-15,Europe,-352118439.4900000095,-3.3024088
Weekly,2023-12-15,Asia,153386510.3400000036,2.3323448
Weekly,2023-12-15,Other,880200,0.27325286
Weekly,2023-12-22,North America,-91919600,-1.69769427
Weekly,2023-12-22,Europe,-679088234.3299999237,-9.5219738
Weekly,2023-12-22,Asia,56622683.3100000024,0.84797369
Weekly,2023-12-22,Other,-30801278.1400000006,-0.64376423
Weekly,2023-12-29,North America,8643083.6500000004,0.72499931
Weekly,2023-12-29,Europe,-123551087.0199999958,2.98813447
Weekly,2023-12-29,Asia,80470278.9200000018,1.16281187
Weekly,2023-12-29,Other,75625571.200000003,1.56693823
Weekly,2024-01-05,North America,-1175877100,-18.66603474
Weekly,2024-01-05,Europe,24179364.9100000001,-4.18363091
Weekly,2024-01-05,Asia,-15815376.3599999994,-0.26861813
Weekly,2024-01-05,Other,-2783200,-0.40822206
Weekly,2024-01-12,North America,-395589600,-6.16803908
Weekly,2024-01-12,Europe,-358269868.8700000048,-5.8647335
Weekly,2024-01-12,Asia,-28447462.7799999975,-0.45348507
Weekly,2024-01-12,Other,4522900,-0.03664672
Weekly,2024-01-19,North America,-216618200,-3.49522134
Weekly,2024-01-19,Europe,-84605856.950000003,-3.01179334
Weekly,2024-01-19,Asia,148396227.6100000143,2.23133152
Weekly,2024-01-19,Other,5997200,0.13640468
Weekly,2024-01-26,North America,-199604007.2000000179,-3.14438385
Weekly,2024-01-26,Europe,-217394607.6400000155,-3.12793096
Weekly,2024-01-26,Asia,74663961.549999997,1.11683794
Weekly,2024-01-26,Other,-4105200,-0.14749384
Weekly,2024-02-02,North America,-313823379.0099999905,-4.86035968
Weekly,2024-02-02,Europe,-60847198.7599999979,-2.33233997
Weekly,2024-02-02,Asia,93075902.200000003,1.28659721
Weekly,2024-02-02,Other,4474461.6900000004,-0.09290236
Weekly,2024-02-09,North America,-851782591.1999999285,-13.22088402
Weekly,2024-02-09,Europe,-189404782.8200000226,-3.4486705
Weekly,2024-02-09,Asia,-8424766.1800000016,-0.12643571
Weekly,2024-02-09,Other,-14027600,-0.10647003
Weekly,2024-02-16,North America,-457141010.0799999833,-7.07626972
Weekly,2024-02-16,Europe,-233948547.9600000083,-4.20038329
Weekly,2024-02-16,Asia,1840300,0.03456702
Weekly,2024-02-16,Other,-14440400,-0.05262621
Weekly,2024-02-23,North America,-649538200,-10.13241489
Weekly,2024-02-23,Europe,-269202048.1199999452,-3.81663412
Weekly,2024-02-23,Asia,58793206.7599999979,0.85483961
Weekly,2024-02-23,Other,1252900,-0.0181971
Weekly,2024-03-01,North America,-402382281.2400000095,-5.98987541
Weekly,2024-03-01,Europe,-142041386.9099999964,-2.28792623
Weekly,2024-03-01,Asia,149044955.5799999833,2.01922643
Weekly,2024-03-01,Other,3245013.4199999999,-0.02374379
Weekly,2024-03-08,North America,-647228610,-9.39079647
Weekly,2024-03-08,Europe,38596336.0100000054,1.68287763
Weekly,2024-03-08,Asia,-81770498.1800000072,-1.18536162
Weekly,2024-03-08,Other,23210000,0.2188655
Weekly,2024-03-15,North America,1198822745.2799999714,17.19242635
Weekly,2024-03-15,Europe,-1070840442.7400001287,-16.79912278
Weekly,2024-03-15,Asia,-42651308.9099999964,-0.60060042
Weekly,2024-03-15,Other,7806900,0.08390664
Weekly,2024-03-22,North America,260275300.0000000298,3.52120936
Weekly,2024-03-22,Europe,-395524808.7099999785,-7.94629384
Weekly,2024-03-22,Asia,46393747.8699999973,0.64283017
Weekly,2024-03-22,Other,-10915200,-0.11380671
Weekly,2024-03-29,North America,-466750283.6999999881,-6.75410913
Weekly,2024-03-29,Europe,87311480.1599999964,1.0788718
Weekly,2024-03-29,Asia,325468062.9599999785,4.73862564
Weekly,2024-03-29,Other,2915865.73,0.12159674
Weekly,2024-04-05,North America,-177641330.5900000036,-2.43690815
Weekly,2024-04-05,Europe,-480460951.8699999452,-6.05533642
Weekly,2024-04-05,Asia,384473064.9399999976,5.00320381
Weekly,2024-04-05,Other,-7448000,-0.00805413
Weekly,2024-04-12,North America,-53658200,-0.76491023
Weekly,2024-04-12,Europe,-1271408663.2999999523,-19.85755526
Weekly,2024-04-12,Asia,956615143.9499999285,12.37380378
Weekly,2024-04-12,Other,-1565000,-0.27406776
Weekly,2024-04-19,North America,363032100,4.68603302
Weekly,2024-04-19,Europe,-754810342.6500000954,-9.77682477
Weekly,2024-04-19,Asia,521999363.7200000286,6.78101464
Weekly,2024-04-19,Other,-32472299.9999999963,-0.35459058
Weekly,2024-04-26,North America,-155886922.2899999917,-2.14012335
Weekly,2024-04-26,Europe,-1109795773.7599999905,-14.9481743
Weekly,2024-04-26,Asia,-357290439.4000000358,-4.75083101
Weekly,2024-04-26,Other,-14611600,-0.20255804
Weekly,2024-05-03,North America,-209274594.9099999964,-3.01941788
Weekly,2024-05-03,Europe,-197106606.9699999988,-1.76879248
Weekly,2024-05-03,Asia,7307825.9399999995,0.1100583
Weekly,2024-05-03,Other,-10360203.5999999996,-0.03223186
Weekly,2024-05-10,North America,-31069994.5399999991,-0.3902914
Weekly,2024-05-10,Europe,-423095435.4500000477,-5.46293437
Weekly,2024-05-10,Asia,-11714926.9500000011,-0.21917419
Weekly,2024-05-10,Other,-13580000,-0.19734999
Weekly,2024-05-17,North America,784473500,10.2504971
Weekly,2024-05-17,Europe,283450250.7400000095,4.30052533
Weekly,2024-05-17,Asia,62636688.7199999988,0.80531998
Weekly,2024-05-17,Other,-9779900,-0.07154251
Weekly,2024-05-24,North America,-562234556.4099999666,-7.31125278
Weekly,2024-05-24,Europe,-248901609.400000006,-3.90062994
Weekly,2024-05-24,Asia,-1682160.77,-0.00481911
Weekly,2024-05-24,Other,8178500,0.04507712
Weekly,2024-05-31,North America,26900572.8999999985,-0.05379134
Weekly,2024-05-31,Europe,784079456.4699999094,10.80503863
Weekly,2024-05-31,Asia,366635659.9000000358,4.64212696
Weekly,2024-05-31,Other,-1028472.6799999999,-0.17404421
Weekly,2024-06-07,North America,348850946.5899999738,4.36352462
Weekly,2024-06-07,Europe,269571066.7599999905,4.09075491
Weekly,2024-06-07,Asia,230787427.2999999821,3.06442043
Weekly,2024-06-07,Other,10468200,0.28314812
Weekly,2024-06-14,North America,-879227900,-11.97177238
Weekly,2024-06-14,Europe,554259579.6299999952,7.11447057
Weekly,2024-06-14,Asia,40648222.7699999958,0.46024585
Weekly,2024-06-14,Other,2990100,0.11924616
Weekly,2024-06-21,North America,204118375.5200000107,2.7205832
Weekly,2024-06-21,Europe,-22356773.3299999982,-1.02106655
Weekly,2024-06-21,Asia,24703464.4499999993,0.36256736
Weekly,2024-06-21,Other,2683400,-0.07065561
Weekly,2024-06-28,North America,-246192186.5500000119,-3.32844735
Weekly,2024-06-28,Europe,600134411.1499999762,7.73615992
Weekly,2024-06-28,Asia,276105030.6800000072,3.48975326
Weekly,2024-06-28,Other,21209416.8399999999,0.3223383
Weekly,2024-07-05,North America,413712600,5.53483529
Weekly,2024-07-05,Europe,347654595.0899999738,5.62426901
Weekly,2024-07-05,Asia,-75426059.6200000048,-1.0191947
Weekly,2024-07-05,Other,7537100,0.23376992
Weekly,2024-07-12,North America,191309339,2.32233159
Weekly,2024-07-12,Europe,455524263.9599999785,6.81889475
Weekly,2024-07-12,Asia,-120659840.1099999994,-1.56862399
Weekly,2024-07-12,Other,6120500,0.00916472
Weekly,2024-07-19,North America,590099210.5599999428,7.19682784
Weekly,2024-07-19,Europe,276674800.1999999881,3.34685761
Weekly,2024-07-19,Asia,52213988.450000003,0.66103393
Weekly,2024-07-19,Other,1339200,-0.03543234
Weekly,2024-07-26,North America,423920300,5.30034164
Weekly,2024-07-26,Europe,44579630.7700000033,0.73440113
Weekly,2024-07-26,Asia,244947570.099999994,3.14562718
Weekly,2024-07-26,Other,53083800,0.59944158
Weekly,2024-08-02,North America,346969835.0199999809,4.54707728
Weekly,2024-08-02,Europe,204918630.4399999976,4.00354756
Weekly,2024-08-02,Asia,339046079.3299999833,4.27688861
Weekly,2024-08-02,Other,16805918.7899999991,0.0068306
Weekly,2024-08-09,North America,-622443425.0199999809,-8.12447943
Weekly,2024-08-09,Europe,-121007321.099999994,-1.58051167
Weekly,2024-08-09,Asia,191699849.650000006,2.45908855
Weekly,2024-08-09,Other,89950300,1.29905151
Weekly,2024-08-16,North America,595757041.5199999809,7.42388496
Weekly,2024-08-16,Europe,93699613.6099999994,1.40346778
Weekly,2024-08-16,Asia,-126921553.2200000137,-1.64840585
Weekly,2024-08-16,Other,124371700,1.67325279
Weekly,2024-08-23,North America,558044474.0399999619,7.02963006
Weekly,2024-08-23,Europe,134948513.5500000119,4.46132435
Weekly,2024-08-23,Asia,-292613173.5999999642,-3.64565462
Weekly,2024-08-23,Other,8498500,0.28336691
Weekly,2024-08-30,North America,946457070.3799999952,11.62897229
Weekly,2024-08-30,Europe,95386593.349999994,-0.19263496
Weekly,2024-08-30,Asia,246139036.5699999928,2.8599278
Weekly,2024-08-30,Other,35922394.3300000057,0.02697433
Weekly,2024-09-06,North America,86697800,0.77276451
Weekly,2024-09-06,Europe,-209364320,-1.60028889
Weekly,2024-09-06,Asia,2877581.4899999998,0.01016302
Weekly,2024-09-06,Other,30172000,0.33635467
Weekly,2024-09-13,North America,758312215.560000062,9.30601545
Weekly,2024-09-13,Europe,173882499.4399999976,1.63644366
Weekly,2024-09-13,Asia,28826187.3200000003,0.34102231
Weekly,2024-09-13,Other,13040000,0.40549396
Weekly,2024-09-20,North America,673212300,8.11334857
Weekly,2024-09-20,Europe,-439899358.9599999785,-4.34005977
Weekly,2024-09-20,Asia,-131393923.6400000006,-1.60005229
Weekly,2024-09-20,Other,57257500,0.98674707
Weekly,2024-09-27,North America,-137355447.880000025,-1.6984875
Weekly,2024-09-27,Europe,248122978.6200000048,2.89097713
Weekly,2024-09-27,Asia,232033846.349999994,2.7598119
Weekly,2024-09-27,Other,17782900,0.05623245
Weekly,2024-10-04,North America,818466861.9699999094,9.42879921
Weekly,2024-10-04,Europe,-501464489.1600000262,-8.73041868
Weekly,2024-10-04,Asia,72792692.3900000006,0.74781523
Weekly,2024-10-04,Other,8463881.9199999999,0.04859213
Weekly,2024-10-11,North America,205761500,2.14677739
Weekly,2024-10-11,Europe,-406648424.1200000048,-4.66939277
Weekly,2024-10-11,Asia,-330028772.4500000477,-3.96003599
Weekly,2024-10-11,Other,26389447.3599999994,0.40259667
Weekly,2024-10-18,North America,1150114000,13.24753303
Weekly,2024-10-18,Europe,520689945.0699999928,4.78275825
Weekly,2024-10-18,Asia,505576140.8700000048,5.92557613
Weekly,2024-10-18,Other,11631800,-0.01942341
Weekly,2024-10-25,North America,397873553.3199999928,4.45884967
Weekly,2024-10-25,Europe,-108597222.049999997,-2.03185497
Weekly,2024-10-25,Asia,1268946951.2100000381,14.46493349
Weekly,2024-10-25,Other,11524000,-0.06739865
Weekly,2024-11-01,North America,-63624515.299999997,-1.07309202
Weekly,2024-11-01,Europe,-195316740.3100000024,-2.53230878
Weekly,2024-11-01,Asia,791351459.9099999666,8.82559434
Weekly,2024-11-01,Other,12139163.2000000011,0.04868116
Weekly,2024-11-08,North America,-850794325.8000000715,-9.99657906
Weekly,2024-11-08,Europe,49284944.8500000015,-1.11367261
Weekly,2024-11-08,Asia,129513454.8100000173,1.35760025
Weekly,2024-11-08,Other,-5250900,-0.1293862
Weekly,2024-11-15,North America,78516173.5199999958,0.80146877
Weekly,2024-11-15,Europe,-1375413395.4500000477,-18.17694894
Weekly,2024-11-15,Asia,-464875938.1100000143,-5.60245195
Weekly,2024-11-15,Other,-49685800,-0.49209903
Weekly,2024-11-22,North America,920024490.6799999475,10.75994457
Weekly,2024-11-22,Europe,-493418439.8400000334,-7.29770187
Weekly,2024-11-22,Asia,10830856.3800000008,0.04454541
Weekly,2024-11-22,Other,-12819600,-0.0677418
Weekly,2024-11-29,North America,101134346.5900000036,1.2319024
Weekly,2024-11-29,Europe,-697019.36,1.89306165
Weekly,2024-11-29,Asia,146968669.4199999869,1.60878478
Weekly,2024-11-29,Other,7838497.8900000006,0.19195197
Weekly,2024-12-06,North America,-428848913.3599999547,-5.25447628
Weekly,2024-12-06,Europe,-155325405.5699999928,-2.19934795
Weekly,2024-12-06,Asia,-44239059.7100000009,-0.55480142
Weekly,2024-12-06,Other,1934200,-0.2420156
Weekly,2024-12-13,North America,-361827047.4000000358,-4.4949975
Weekly,2024-12-13,Europe,283124404.780000031,1.97201164
Weekly,2024-12-13,Asia,44348477.4100000039,0.55075355
Weekly,2024-12-13,Other,15954400,0.28904555
Weekly,2024-12-20,North America,896166866.4799998999,10.38935876
Weekly,2024-12-20,Europe,316202114.8100000024,3.53881313
Weekly,2024-12-20,Asia,344364137.0299999714,4.02242971
Weekly,2024-12-20,Other,6431500,0.06505698
Weekly,2024-12-27,North America,-385332383.6000000238,-4.72124512
Weekly,2024-12-27,Europe,137971500,0.15466556
Weekly,2024-12-27,Asia,328796517.4600000381,3.93367091
Weekly,2024-12-27,Other,15071900,0.0314711
Weekly,2025-01-03,North America,-115144864.2900000066,-1.35211851
Weekly,2025-01-03,Europe,-155430051.3899999857,-3.06816425
Weekly,2025-01-03,Asia,127360317.8100000024,1.47363859
Weekly,2025-01-03,Other,-15970546.4199999999,-0.19285384
Weekly,2025-01-10,North America,601147934.4000000954,6.95267546
Weekly,2025-01-10,Europe,386289582.0600000024,3.16545095
Weekly,2025-01-10,Asia,-318069123.719999969,-3.82601288
Weekly,2025-01-10,Other,-19345400,-0.35279142
Weekly,2025-01-17,North America,325705847.6000000238,3.53753851
Weekly,2025-01-17,Europe,1356480904.0099999905,15.57818783
Weekly,2025-01-17,Asia,-120235645.9099999964,-1.40718869
Weekly,2025-01-17,Other,102062200,1.26974084
Weekly,2025-01-24,North America,-1844092326.5299999714,-20.89090155
Weekly,2025-01-24,Europe,835831841.5999999046,11.8600203
Weekly,2025-01-24,Asia,131700807.1400000006,1.49874669
Weekly,2025-01-24,Other,-28378200,-0.29123137
Weekly,2025-01-31,North America,471354882.3000000119,5.22572556
Weekly,2025-01-31,Europe,806435979.9300000668,8.3261004
Weekly,2025-01-31,Asia,422662576.1399999857,4.4980907
Weekly,2025-01-31,Other,23697491.9399999976,0.3871694
Weekly,2025-02-07,North America,509124562.5600000024,5.40142254
Weekly,2025-02-07,Europe,509234834.4200000167,4.43892336
Weekly,2025-02-07,Asia,249815328.2599999905,3.03424376
Weekly,2025-02-07,Other,66828000,0.61316645
Weekly,2025-02-14,North America,4962409.6700000009,0.06061171
Weekly,2025-02-14,Europe,-337925971.2400000095,-1.66692311
Weekly,2025-02-14,Asia,926603527.2100000381,10.63951669
Weekly,2025-02-14,Other,6242100,0.11172849
Weekly,2025-02-21,North America,4615303567.5199995041,48.80056175
Weekly,2025-02-21,Europe,-360519378.4399999976,-3.56451614
Weekly,2025-02-21,Asia,720000440.4200000763,6.80442301
Weekly,2025-02-21,Other,25434200,0.33658107
Weekly,2025-02-28,North America,1694057686.2100000381,17.96936108
Weekly,2025-02-28,Europe,352870842.6800000072,2.97880391
Weekly,2025-02-28,Asia,575328915.439999938,5.74302526
Weekly,2025-02-28,Other,60607017.8800000027,0.20701337
Weekly,2025-03-07,North America,215609427,2.19982235
Weekly,2025-03-07,Europe,195068212.4900000095,5.79419837
Weekly,2025-03-07,Asia,22244022.6600000001,-0.00955889
Weekly,2025-03-07,Other,7956900,0.2577614
Weekly,2025-03-14,North America,2211143444.5900001526,23.26853189
Weekly,2025-03-14,Europe,706169113.3000000715,7.48928513
Weekly,2025-03-14,Asia,238759593.0800000131,2.49409435
Weekly,2025-03-14,Other,5991300,0.26503946
Weekly,2025-03-21,North America,3041055143.9600000381,31.19352364
Weekly,2025-03-21,Europe,-26873340.3300000019,-0.65278
Weekly,2025-03-21,Asia,98651325.3800000101,0.9308028
Weekly,2025-03-21,Other,23310400,0.27139578
Weekly,2025-03-28,North America,574726667.2099999189,5.79544571
Weekly,2025-03-28,Europe,11912882.1799999997,0.09488343
Weekly,2025-03-28,Asia,472354613.6499999762,4.70997705
Weekly,2025-03-28,Other,35612110,0.11763707
Weekly,2025-04-04,North America,727622312.4199999571,7.04745375
Weekly,2025-04-04,Europe,152259504.6399999857,3.0461574
Weekly,2025-04-04,Asia,1298199630.2599999905,12.85009632
Weekly,2025-04-04,Other,70799757.6099999994,0.30843638
Weekly,2025-04-11,North America,2727451100.2699999809,26.78194784
Weekly,2025-04-11,Europe,-120433688.200000003,3.67266528
Weekly,2025-04-11,Asia,2028733068.9800000191,20.25933214
Weekly,2025-04-11,Other,47141600,1.06312856
Weekly,2025-04-18,North America,802337456.3400000334,7.59740346
Weekly,2025-04-18,Europe,923348104.9700000286,9.09860882
Weekly,2025-04-18,Asia,1664312873.1100001335,15.83503128
Weekly,2025-04-18,Other,50986000,0.58729191
Weekly,2025-04-25,North America,4353707.6200000001,0.39622275
Weekly,2025-04-25,Europe,-900519957.6799999475,-8.93081026
Weekly,2025-04-25,Asia,2586439081.0300002098,23.36902299
Weekly,2025-04-25,Other,46986100,0.59422927
Weekly,2025-05-02,North America,809159356.0799999237,7.88491154
Weekly,2025-05-02,Europe,-690138493.1699999571,-7.40482968
Weekly,2025-05-02,Asia,-10215546.75,-0.14738128
Weekly,2025-05-02,Other,28835893.5099999979,-0.01383094
Weekly,2025-05-09,North America,-286028083.4000000358,-3.05635487
Weekly,2025-05-09,Europe,-374229005.3500000238,-3.77111029
Weekly,2025-05-09,Asia,289412428.9100000262,2.56188603
Weekly,2025-05-09,Other,-16848600,-0.08112318
Weekly,2025-05-16,North America,-2020094118.8399999142,-19.77429758
Weekly,2025-05-16,Europe,-386007044.5399999619,-5.11255569
Weekly,2025-05-16,Asia,-547340057.9599999189,-5.21511571
Weekly,2025-05-16,Other,-15533600,-0.14025646
Weekly,2025-05-23,North America,-210633556.5200000107,-1.78625271
Weekly,2025-05-23,Europe,377997968.1399999857,6.74805077
Weekly,2025-05-23,Asia,-171424703.7899999917,-1.79521295
Weekly,2025-05-23,Other,-13034300,0.10815564
Weekly,2025-05-30,North America,929700322.6000000238,8.52593135
Weekly,2025-05-30,Europe,566781239.2400000095,4.70707966
Weekly,2025-05-30,Asia,-47874301.5600000024,-0.30227687
Weekly,2025-05-30,Other,14389267.8499999996,-0.20404462
Weekly,2025-06-06,North America,669631749.5199999809,6.32897775
Weekly,2025-06-06,Europe,366977719.6000000238,3.29271101
Weekly,2025-06-06,Asia,-155635844.4900000095,-1.61385163
Weekly,2025-06-06,Other,51244100,0.67822438
Weekly,2025-06-13,North America,1339442482.120000124,12.28475184
Weekly,2025-06-13,Europe,513266024.3999999762,6.6160604
Weekly,2025-06-13,Asia,257272425.1899999678,2.32419136
Weekly,2025-06-13,Other,54163600,0.55990959
Weekly,2025-06-20,North America,1707038220.9600000381,15.49312062
Weekly,2025-06-20,Europe,313020299.2900000215,2.06937862
Weekly,2025-06-20,Asia,-158936631.3199999928,-1.52044637
Weekly,2025-06-20,Other,21825300,0.06297613
Weekly,2025-06-27,North America,1470658042.8199999332,13.76186985
Weekly,2025-06-27,Europe,659162473.9600000381,8.97248606
Weekly,2025-06-27,Asia,344228509.5299999714,3.33981147
Weekly,2025-06-27,Other,2643600,0.20863838
Weekly,2025-07-04,North America,-780845113.3799999952,-7.63867276
Weekly,2025-07-04,Europe,657623491.0599999428,6.49182544
Weekly,2025-07-04,Asia,564718773.0399999619,5.11374341
Weekly,2025-07-04,Other,19761273.1400000006,-0.04353424
Weekly,2025-07-11,North America,63976191.9600000009,0.44685255
Weekly,2025-07-11,Europe,13023882.3499999996,-0.87672093
Weekly,2025-07-11,Asia,198800099.3400000036,1.73431351
Weekly,2025-07-11,Other,-5070300,0.01006935
Weekly,2025-07-18,North America,137632100,1.25086773
Weekly,2025-07-18,Europe,831571209.8200000525,6.30023726
Weekly,2025-07-18,Asia,-61077974.5899999961,-0.63461028
Weekly,2025-07-18,Other,-225800,-0.17145795
Weekly,2025-07-25,North America,1843277065.6499998569,16.76966944
Weekly,2025-07-25,Europe,240614250.5200000107,3.26184325
Weekly,2025-07-25,Asia,-724772149.2300000191,-6.65210963
Weekly,2025-07-25,Other,-7701800,0.01551153
Weekly,2025-08-01,North America,-302590063.1000000238,-3.1854633
Weekly,2025-08-01,Europe,-8392090.3499999996,-3.26569192
Weekly,2025-08-01,Asia,574503640.0599999428,5.2342031
Weekly,2025-08-01,Other,-94650239.8799999952,-1.03668721
Weekly,2025-08-08,North America,2030931930.2400000095,18.62741041
Weekly,2025-08-08,Europe,-289349041.8600000143,-1.17852313
Weekly,2025-08-08,Asia,-319935856.4300000072,-2.75465103
Weekly,2025-08-08,Other,3251900,0.14054277
Weekly,2025-08-15,North America,534351121.8000000119,4.79538344
Weekly,2025-08-15,Europe,837718678.6399999857,8.25607239
Weekly,2025-08-15,Asia,-267338227.1299999952,-2.62320163
Weekly,2025-08-15,Other,-42794200,-0.4427312
Weekly,2025-08-22,North America,-1050700100,-9.86341847
Weekly,2025-08-22,Europe,439210317.0400000215,5.1713561
Weekly,2025-08-22,Asia,7398412.6299999999,0.08991002
Weekly,2025-08-22,Other,-39613000,-0.31427826
Weekly,2025-08-29,North America,2727871656.3099999428,24.79206391
Weekly,2025-08-29,Europe,1197987287.5499999523,10.33618819
Weekly,2025-08-29,Asia,7621696.5200000005,-0.11552667
Weekly,2025-08-29,Other,39960966.0300000012,0.43733003
Weekly,2025-09-05,North America,2943652389.4800000191,25.75797833
Weekly,2025-09-05,Europe,1522662148.7100000381,13.29129655
Weekly,2025-09-05,Asia,-187934843.0399999917,-1.72871923
Weekly,2025-09-05,Other,-15167100,-0.16508268
Weekly,2025-09-12,North America,341972680,2.83567002
Weekly,2025-09-12,Europe,923345298.6000000238,7.83973102
Weekly,2025-09-12,Asia,454019961.1499999762,4.05803739
Weekly,2025-09-12,Other,79260700,0.71964451
Weekly,2025-09-19,North America,3560691415.4600000381,30.20995257
Weekly,2025-09-19,Europe,643784996.1900000572,5.48338028
Weekly,2025-09-19,Asia,35438980.3099999949,0.28701672
Weekly,2025-09-19,Other,34996900,0.29412599
Weekly,2025-09-26,North America,2111269445.8000001907,17.39300531
Weekly,2025-09-26,Europe,754356305.310000062,5.22069381
Weekly,2025-09-26,Asia,608414030.1299999952,5.415418
Weekly,2025-09-26,Other,28964500,0.21015708
Weekly,2025-10-03,North America,2637052720.5899996758,21.08548834
Weekly,2025-10-03,Europe,1251876360,10.47823936
Weekly,2025-10-03,Asia,1574348456.9100000858,12.64955843
Weekly,2025-10-03,Other,77073525.950000003,0.66291628
Weekly,2025-10-10,North America,1224864702.6000001431,9.54462944
Weekly,2025-10-10,Europe,294038554.2599999905,1.47186532
Weekly,2025-10-10,Asia,592043901.2099999189,5.75167271
Weekly,2025-10-10,Other,441400,-0.63895625
Weekly,2025-10-17,North America,5414497363.6599998474,39.75961533
Weekly,2025-10-17,Europe,-36940999.7100000009,0.34361046
Weekly,2025-10-17,Asia,3035283669.3600001335,23.22617171
Weekly,2025-10-17,Other,4673400,0.51786218
Weekly,2025-10-24,North America,-117292228.0199999958,-1.87759118
Weekly,2025-10-24,Europe,-3620944215.6399998665,-28.30453515
Weekly,2025-10-24,Asia,2502557467.3299999237,16.28800435
Weekly,2025-10-24,Other,6351500,0.14550462
Weekly,2025-10-31,North America,-1026553394.6900000572,-8.12898208
Weekly,2025-10-31,Europe,-1656836131.5699999332,-14.93684354
Weekly,2025-10-31,Asia,236727362.4499999881,1.45938109
Weekly,2025-10-31,Other,12404966.4400000013,0.03539694
Weekly,2025-11-07,North America,-77615240.1199999899,-0.82960437
Weekly,2025-11-07,Europe,147744135.7899999917,1.7794747
Weekly,2025-11-07,Asia,347317001,2.87615932
Weekly,2025-11-07,Other,-38278700,-0.26034209
Weekly,2025-11-14,North America,736270775.7599999905,5.5095274
Weekly,2025-11-14,Europe,274826261.1100000143,2.80408076
Weekly,2025-11-14,Asia,1119851183.8100001812,8.63669258
Weekly,2025-11-14,Other,8492600,0.05342707
Weekly,2025-11-21,North America,-403612765.0400000215,-3.48862442
Weekly,2025-11-21,Europe,103678102.5699999928,-1.44167449
Weekly,2025-11-21,Asia,1153999952.7699999809,7.84658845
Weekly,2025-11-21,Other,10242900,0.03276865
Weekly,2025-11-28,North America,798517363.939999938,6.14068989
Weekly,2025-11-28,Europe,455855086.9100000262,4.74863278
Weekly,2025-11-28,Asia,959687051.4600000381,7.24253059
Weekly,2025-11-28,Other,-18532408.9600000009,-0.17446508
Weekly,2025-12-05,North America,1168902615.4799997807,8.78734808
Weekly,2025-12-05,Europe,279834928.6000000238,1.80751676
Weekly,2025-12-05,Asia,206603329.6800000072,1.15450591
Weekly,2025-12-05,Other,5371500,0.18282996
Weekly,2025-12-12,North America,1497070328.3199999332,11.22688277
Weekly,2025-12-12,Europe,1001845216.2699999809,8.53346718
Weekly,2025-12-12,Asia,242543228.099999994,1.410837
Weekly,2025-12-12,Other,39207600,0.35782707
Weekly,2025-12-19,North America,1278900573.3599998951,9.26152483
Weekly,2025-12-19,Europe,-917092438.6799999475,-6.30999718
Weekly,2025-12-19,Asia,65422619.4600000083,0.84780772
Weekly,2025-12-19,Other,21599500,0.11378929
Weekly,2025-12-26,North America,2322456612.9400000572,16.3451437
Weekly,2025-12-26,Europe,245441876.7400000095,2.46533332
Weekly,2025-12-26,Asia,542199393.8500000238,4.39064897
Weekly,2025-12-26,Other,6909400,-0.03870566
Weekly,2026-01-02,North America,-809747499.0599999428,-6.72466045
Weekly,2026-01-02,Europe,512561387.2100000381,5.71914237
Weekly,2026-01-02,Asia,1580073240.3599998951,10.9351633
Weekly,2026-01-02,Other,143461269.4200000167,1.13997525
Weekly,2026-01-09,North America,249301800.5200000107,1.61363985
Weekly,2026-01-09,Europe,940611969.8300000429,2.31419557
Weekly,2026-01-09,Asia,917248384.6600000858,5.33847598
Weekly,2026-01-09,Other,35036000,0.20514614
Weekly,2026-01-16,North America,3994913725.8800001144,27.23405236
Weekly,2026-01-16,Europe,948223844.1699999571,5.6151429
Weekly,2026-01-16,Asia,376416642.9800000191,2.70917624
Weekly,2026-01-16,Other,35491100,0.25154503
Weekly,2026-01-23,North America,1461003400.1199998856,9.5536439
Weekly,2026-01-23,Europe,943929158.8099999428,10.59063304
Weekly,2026-01-23,Asia,2188107840.0800004005,14.33365653
Weekly,2026-01-23,Other,56078000,0.58806034
Weekly,2026-01-30,North America,1878253584.1300001144,10.55946897
Weekly,2026-01-30,Europe,-956129863.060000062,-5.81537414
Weekly,2026-01-30,Asia,6505467594.5900001526,39.50490596
Weekly,2026-01-30,Other,159796858.7700000107,0.9894908
Weekly,2026-02-06,North America,-692620674.4400000572,-5.76052692
Weekly,2026-02-06,Europe,-3082705221.9100003242,-21.2507045
Weekly,2026-02-06,Asia,-135023929.349999994,-3.8304695
Weekly,2026-02-06,Other,34691000,0.39102181
Weekly,2026-02-13,North America,625038405.5599999428,3.89040532
Weekly,2026-02-13,Europe,918772947.560000062,7.25489544
Weekly,2026-02-13,Asia,960181842.2699999809,5.98461748
Weekly,2026-02-13,Other,-37196100,-0.10078627
Weekly,2026-02-20,North America,531130865.6800000668,3.14227856
Weekly,2026-02-20,Europe,289976748.9000000358,-0.39436584
Weekly,2026-02-20,Asia,18037400,-0.04930961
Weekly,2026-02-20,Other,-8441000,-0.20335727
Weekly,2026-02-27,North America,4236963868.220000267,26.58728643
Weekly,2026-02-27,Europe,89500144.2300000042,1.37425347
Weekly,2026-02-27,Asia,1543940042.75,9.00722683
Weekly,2026-02-27,Other,24957824.4899999984,0.18965052
Weekly,2026-03-06,North America,-5498803755.8100004196,-33.82399293
Weekly,2026-03-06,Europe,919569627.1799999475,3.42391531
Weekly,2026-03-06,Asia,1764716602.8099999428,10.32367061
Weekly,2026-03-06,Other,29488400,0.22299909
Weekly,2026-03-13,North America,-1658536369.5499999523,-10.58796085
Weekly,2026-03-13,Europe,377102811.1599999666,-0.39653037
Weekly,2026-03-13,Asia,749614916.3400000334,4.94901512
Weekly,2026-03-13,Other,1214700,-0.12965443
Weekly,2026-03-20,North America,-3986345386.1600003242,-26.4309315
Weekly,2026-03-20,Europe,-735034484.4300000668,-3.98091494
Weekly,2026-03-20,Asia,126777040.8100000024,1.2556397
Weekly,2026-03-20,Other,-11511800,0.14351395
Weekly,2026-03-27,North America,-1576933910.3399999142,-11.47593732
Weekly,2026-03-27,Europe,-1140301283.25,-9.64510385
Weekly,2026-03-27,Asia,-1601762833.5199999809,-12.37268629
Weekly,2026-03-27,Other,-63320800,-1.00258292
Weekly,2026-04-03,North America,363369175.4100000262,2.68823073
Weekly,2026-04-03,Europe,1449069631.2000000477,9.98340752
Weekly,2026-04-03,Asia,1448869260.0099999905,10.08333635
Weekly,2026-04-03,Other,50113764.3400000036,0.5817677
Weekly,2026-04-10,North America,825812698.6800000668,5.57516341
Weekly,2026-04-10,Europe,929971710.8999999762,7.95141208
Weekly,2026-04-10,Asia,300716369.3799999952,1.57626508
Weekly,2026-04-10,Other,30651200,0.20763408
Weekly,2026-04-17,North America,2124266457.1599998474,13.85179672
Weekly,2026-04-17,Europe,978354864.7999999523,7.8266637
Weekly,2026-04-17,Asia,2615967.8400000003,-0.0167182
Weekly,2026-04-17,Other,11222100,0.27755808
Weekly,2026-04-24,North America,-2106505540.3599998951,-14.05238092
Weekly,2026-04-24,Europe,564281942.9300000668,2.99449392
Weekly,2026-04-24,Asia,812586259.4699999094,5.20219891
Weekly,2026-04-24,Other,14071900,0.25414976
Weekly,2026-05-01,North America,-772661859.0099999905,-5.34329902
Weekly,2026-05-01,Europe,206873140.4300000072,1.27975102
Weekly,2026-05-01,Asia,173401939.25,0.9766437
Weekly,2026-05-01,Other,10706824.9900000002,0.0000513
Weekly,2026-05-08,North America,-472909983.9599999785,-3.16732232
Weekly,2026-05-08,Europe,-30754801.9600000009,0.30892216
Weekly,2026-05-08,Asia,254744798.0399999917,2.02735096
Weekly,2026-05-08,Other,2582486.1399999997,0.05624656
Weekly,2026-05-15,North America,824960133.560000062,5.3576662
Weekly,2026-05-15,Europe,180297816.2700000107,-0.97549108
Weekly,2026-05-15,Asia,-405310733.8100000024,-2.69712999
Weekly,2026-05-15,Other,7175300,-0.0029051
Weekly,2026-05-22,North America,-617497185.6800000668,-4.70066647
Weekly,2026-05-22,Europe,153677151.2199999988,1.31432527
Weekly,2026-05-22,Asia,-629448218.6999999285,-4.6536931
Weekly,2026-05-22,Other,-43343700,-0.28451645
Weekly,2026-05-29,North America,-1012844942,-7.33284567
Weekly,2026-05-29,Europe,-14723240.9000000004,0.51035869
Weekly,2026-05-29,Asia,-394449198.0799999833,-3.06498805
Weekly,2026-05-29,Other,18133347.379999999,0.09478639
Weekly,2026-06-05,North America,-1375918129.8399999142,-10.00083971
Weekly,2026-06-05,Europe,328684207.3299999833,-0.93571818
Weekly,2026-06-05,Asia,-535234739.3899999857,-3.50642471
Weekly,2026-06-05,Other,-74576600,-0.77309741
Weekly,2026-06-12,North America,-1144732836.5900001526,-8.75269579
Weekly,2026-06-12,Europe,-1544003254.4500000477,-10.66404454
Weekly,2026-06-12,Asia,-717953194.2200000286,-5.18705762
Weekly,2026-06-12,Other,-11048300,-0.07663318
Weekly,2026-06-19,North America,381276314.4800000191,2.56713444
Weekly,2026-06-19,Europe,870116119.9700000286,3.79378275
Weekly,2026-06-19,Asia,-7543062.4500000002,-0.43965643
Weekly,2026-06-19,Other,-98740400,-0.6755149
Weekly,2026-06-26,North America,-2988920604.2800002098,-23.58364598
Weekly,2026-06-26,Europe,-643788843.9900000095,-5.81364768
Weekly,2026-06-26,Asia,-1077406449.3999998569,-8.69747811
Weekly,2026-06-26,Other,10869900,-0.12458059
Weekly,2026-07-03,North America,-1196392259.0699999332,-8.53106831
Weekly,2026-07-03,Europe,471751121.1500000358,4.71524545
Weekly,2026-07-03,Asia,-255485781,-1.72789035
Weekly,2026-07-03,Other,-96993389.7199999988,-0.91833541
Weekly,2026-07-10,North America,104846543.1200000048,0.75151243
Weekly,2026-07-10,Europe,173028473.7299999893,1.09987058
Weekly,2026-07-10,Asia,-40498656.1600000039,-0.18835215
Weekly,2026-07-10,Other,112623100,0.89848712
Weekly,2026-07-17,North America,-355553553.9200000167,-2.94163444
Weekly,2026-07-17,Europe,591365179.1999999285,4.45153773
Weekly,2026-07-17,Asia,-179480457.0600000024,-1.43537482
Weekly,2026-07-17,Other,6499500,-0.00910244
Weekly,2026-07-24,North America,1566384256.0400002003,11.89713597
Weekly,2026-07-24,Europe,387584862.1499999762,1.40204542
Weekly,2026-07-24,Asia,622729455.9099999666,4.40106342
Weekly,2026-07-24,Other,38524300,0.32411154
Weekly,2026-07-31,North America,-454930496.2300000191,-3.47926281
Weekly,2026-07-31,Europe,406624583.5400000215,5.03933747
Weekly,2026-07-31,Asia,463547958.4199999571,3.7954713
Weekly,2026-07-31,Other,-8476139.6600000001,0.04177365
Weekly,2026-08-07,North America,1068149531.6699999571,7.9470329
Weekly,2026-08-07,Europe,1177253390.2799999714,8.50206768
Weekly,2026-08-07,Asia,805899868.2300000191,5.65847319
Weekly,2026-08-07,Other,-5803600,-0.08839157
