frequency,date,region,usd_aum,tonnes_holdings,gold_price_usd_per_oz
Yearly,2003-12-31,North America,127776032.7600000054,9.55,363.64
Yearly,2003-12-31,Europe,314293017.3000000119,23.48,363.64
Yearly,2003-12-31,Asia,,,363.64
Yearly,2003-12-31,Other,126294249.9699999988,9.42,363.64
Yearly,2004-12-31,North America,1473024124.75,104.6,409.61
Yearly,2004-12-31,Europe,721334000,51.22,409.61
Yearly,2004-12-31,Asia,,,409.61
Yearly,2004-12-31,Other,170147050.400000006,12.08,409.61
Yearly,2005-12-31,North America,5036102833.1800003052,305.34,445.06
Yearly,2005-12-31,Europe,1048112000,63.55,445.06
Yearly,2005-12-31,Asia,,,445.06
Yearly,2005-12-31,Other,295577110.6700000167,17.92,445.06
Yearly,2006-12-31,North America,10574367719.0900001526,517.5,604.02
Yearly,2006-12-31,Europe,2090121140,102.76,604.02
Yearly,2006-12-31,Asia,,,604.02
Yearly,2006-12-31,Other,482648195.3799999952,23.62,604.02
Yearly,2007-12-31,North America,18920687433.9700012207,703.59,696.54
Yearly,2007-12-31,Europe,3877168622.4400000572,144.48,696.54
Yearly,2007-12-31,Asia,118564500,4.38,696.54
Yearly,2007-12-31,Other,1169393174.4800000191,43.49,696.54
Yearly,2008-12-31,North America,24198284099.7900009155,870,871.77
Yearly,2008-12-31,Europe,8471802493.7399997711,304.63,871.77
Yearly,2008-12-31,Asia,149455540.0099999905,5.41,871.77
Yearly,2008-12-31,Other,1179874097.1800000668,42.41,871.77
Yearly,2009-12-31,North America,44928326762.9100036621,1265.79,972.81
Yearly,2009-12-31,Europe,18369940542.0600013733,517.54,972.81
Yearly,2009-12-31,Asia,284266470,7.92,972.81
Yearly,2009-12-31,Other,2502773469.2600002289,70.51,972.81
Yearly,2010-12-31,North America,67367409334.2300033569,1485.81,1225.59
Yearly,2010-12-31,Europe,31552999862.1800003052,695.91,1225.59
Yearly,2010-12-31,Asia,889973936.9400000572,19.38,1225.59
Yearly,2010-12-31,Other,3060196090.3400001526,67.49,1225.59
Yearly,2011-12-31,North America,79017006133.7200012207,1569.66,1571.21
Yearly,2011-12-31,Europe,41662416606.0400009155,841.03,1571.21
Yearly,2011-12-31,Asia,2207251467.3899998665,43.38,1571.21
Yearly,2011-12-31,Other,2794054702.0999999046,56.41,1571.21
Yearly,2012-12-31,North America,92426897784.0599975586,1727.64,1667.65
Yearly,2012-12-31,Europe,51561052727.7200012207,963.78,1667.65
Yearly,2012-12-31,Asia,2732943359.7399997711,49.54,1667.65
Yearly,2012-12-31,Other,3319542197.1900000572,62.05,1667.65
Yearly,2013-12-31,North America,42833848991.5599975586,1108.85,1410.37
Yearly,2013-12-31,Europe,25746474343.7700004578,666.5,1410.37
Yearly,2013-12-31,Asia,1935792763.8800001144,43.46,1410.37
Yearly,2013-12-31,Other,2123666545.5,54.98,1410.37
Yearly,2014-12-31,North America,38651702138.7399978638,1002.46,1265.31
Yearly,2014-12-31,Europe,23986023476.8300018311,622.1,1265.31
Yearly,2014-12-31,Asia,1645717869.2000000477,40.03,1265.31
Yearly,2014-12-31,Other,1809823097.4700000286,46.94,1265.31
Yearly,2015-12-31,North America,31379712545.7700004578,918.82,1159.25
Yearly,2015-12-31,Europe,19863523975.3699989319,581.62,1159.25
Yearly,2015-12-31,Asia,1687889006.5399999619,46.85,1159.25
Yearly,2015-12-31,Other,1387692485.4600000381,40.63,1159.25
Yearly,2016-12-31,North America,42702755738.1500015259,1145.89,1248.38
Yearly,2016-12-31,Europe,31765294099.7299995422,852.4,1248.38
Yearly,2016-12-31,Asia,3356475287.3800001144,87.01,1248.38
Yearly,2016-12-31,Other,1703518945.6600000858,45.71,1248.38
Yearly,2017-12-31,North America,51727574956.3700027466,1240.96,1257.43
Yearly,2017-12-31,Europe,43046621230.4499969482,1032.7,1257.43
Yearly,2017-12-31,Asia,3541528669.8499999046,82.96,1257.43
Yearly,2017-12-31,Other,1879590236.0799999237,45.09,1257.43
Yearly,2018-12-31,North America,50628809978.0500030518,1228.68,1269.01
Yearly,2018-12-31,Europe,46627492207.1399993896,1131.57,1269.01
Yearly,2018-12-31,Asia,3267175852.9299998283,77.62,1269.01
Yearly,2018-12-31,Other,1407272217.0499999523,34.1,1269.01
Yearly,2019-12-31,North America,70380154941.9600067139,1437.34,1392.47
Yearly,2019-12-31,Europe,64436643468.8799972534,1315.96,1392.47
Yearly,2019-12-31,Asia,3879947710.6599998474,77.55,1392.47
Yearly,2019-12-31,Other,2186593321.9200000763,44.72,1392.47
Yearly,2020-12-31,North America,121618344076.5700073242,2000.29,1769.94
Yearly,2020-12-31,Europe,96769665094.9199981689,1591.6,1769.94
Yearly,2020-12-31,Asia,7151927949.5,115.14,1769.94
Yearly,2020-12-31,Other,3714134752.7899999619,61.09,1769.94
Yearly,2021-12-31,North America,105273654335.2100067139,1799.01,1798.62
Yearly,2021-12-31,Europe,92444888862.3300018311,1579.78,1798.62
Yearly,2021-12-31,Asia,8424958955.8000001907,140.16,1798.62
Yearly,2021-12-31,Other,3542808343.4899997711,60.54,1798.62
Yearly,2022-12-31,North America,100477467660.4499969482,1724.39,1801.51
Yearly,2022-12-31,Europe,91293754206.9900054932,1566.78,1801.51
Yearly,2022-12-31,Asia,7332463158.2899999619,119.3,1801.51
Yearly,2022-12-31,Other,3541043380.1900000572,60.77,1801.51
Yearly,2023-12-31,North America,108907559363.7299957275,1642.45,1942.64
Yearly,2023-12-31,Europe,92026007850.3200073242,1387.86,1942.64
Yearly,2023-12-31,Asia,9723148445.0499992371,139.26,1942.64
Yearly,2023-12-31,Other,3954340968.9200000763,59.64,1942.64
Yearly,2024-12-31,North America,138548612358.2099914551,1650.48,2387.08
Yearly,2024-12-31,Europe,108268852784.1300048828,1289.82,2387.08
Yearly,2024-12-31,Asia,18926839622.25,221.44,2387.08
Yearly,2024-12-31,Other,5401193110.75,64.34,2387.08
Yearly,2025-12-31,North America,290190194380.2299804688,2095.16,3441.44
Yearly,2025-12-31,Europe,197081826987.5299987793,1422.93,3441.44
Yearly,2025-12-31,Asia,61996761279.4400024414,438.09,3441.44
Yearly,2025-12-31,Other,10142109635.8600006104,73.22,3441.44
Yearly,2026-07-31,North America,263450632543.299987793,2034.9,4594.11
Yearly,2026-07-31,Europe,187235004206.7699890137,1446.3,4594.11
Yearly,2026-07-31,Asia,69429262104.7799987793,512.39,4594.11
Yearly,2026-07-31,Other,9646798714.7399997711,74.45,4594.11
Quarterly,2003-03-31,North America,88248405.8700000048,8.2,351.95
Quarterly,2003-03-31,Europe,,,351.95
Quarterly,2003-03-31,Asia,,,351.95
Quarterly,2003-03-31,Other,335010,0.03,351.95
Quarterly,2003-06-30,North America,103545026.6800000072,9.31,346.55
Quarterly,2003-06-30,Europe,,,346.55
Quarterly,2003-06-30,Asia,,,346.55
Quarterly,2003-06-30,Other,32229839.9600000009,2.9,346.55
Quarterly,2003-09-30,North America,116114076.1700000018,9.31,363.1
Quarterly,2003-09-30,Europe,,,363.1
Quarterly,2003-09-30,Asia,,,363.1
Quarterly,2003-09-30,Other,76338941.0699999928,6.12,363.1
Quarterly,2003-12-31,North America,127776032.7600000054,9.55,392.35
Quarterly,2003-12-31,Europe,314293017.3000000119,23.48,392.35
Quarterly,2003-12-31,Asia,,,392.35
Quarterly,2003-12-31,Other,126294249.9699999988,9.42,392.35
Quarterly,2004-03-31,North America,130062958.8900000006,9.55,408.58
Quarterly,2004-03-31,Europe,546345498.5,40.11,408.58
Quarterly,2004-03-31,Asia,,,408.58
Quarterly,2004-03-31,Other,129772528.1299999952,9.53,408.58
Quarterly,2004-06-30,North America,121498503.799999997,9.55,394
Quarterly,2004-06-30,Europe,521728000,41,394
Quarterly,2004-06-30,Asia,,,394
Quarterly,2004-06-30,Other,120151959.0400000066,9.44,394
Quarterly,2004-09-30,North America,127591849.2199999988,9.55,401.36
Quarterly,2004-09-30,Europe,523274000,39.16,401.36
Quarterly,2004-09-30,Asia,,,401.36
Quarterly,2004-09-30,Other,126694206.4200000018,9.48,401.36
Quarterly,2004-12-31,North America,1473024124.75,104.6,434.24
Quarterly,2004-12-31,Europe,721334000,51.22,434.24
Quarterly,2004-12-31,Asia,,,434.24
Quarterly,2004-12-31,Other,170147050.400000006,12.08,434.24
Quarterly,2005-03-31,North America,2687084279.25,195.5,427.45
Quarterly,2005-03-31,Europe,671381000,48.85,427.45
Quarterly,2005-03-31,Asia,,,427.45
Quarterly,2005-03-31,Other,165706272.7899999917,12.06,427.45
Quarterly,2005-06-30,North America,2915875966.1500000954,207.49,427.38
Quarterly,2005-06-30,Europe,632846000,45.03,427.38
Quarterly,2005-06-30,Asia,,,427.38
Quarterly,2005-06-30,Other,174111997.1599999964,12.39,427.38
Quarterly,2005-09-30,North America,3694994786.1599998474,242.85,439.67
Quarterly,2005-09-30,Europe,708364000,46.56,439.67
Quarterly,2005-09-30,Asia,,,439.67
Quarterly,2005-09-30,Other,191170619.2700000107,12.56,439.67
Quarterly,2005-12-31,North America,5036102833.1800003052,305.34,485.54
Quarterly,2005-12-31,Europe,1048112000,63.55,485.54
Quarterly,2005-12-31,Asia,,,485.54
Quarterly,2005-12-31,Other,295577110.6700000167,17.92,485.54
Quarterly,2006-03-31,North America,7543774213.779999733,403.16,553.43
Quarterly,2006-03-31,Europe,1389915820,74.28,553.43
Quarterly,2006-03-31,Asia,,,553.43
Quarterly,2006-03-31,Other,397894232.6000000238,21.26,553.43
Quarterly,2006-06-30,North America,8538891876.1300001144,432.91,627.11
Quarterly,2006-06-30,Europe,1819185170,92.23,627.11
Quarterly,2006-06-30,Asia,,,627.11
Quarterly,2006-06-30,Other,441470106.9800000191,22.38,627.11
Quarterly,2006-09-30,North America,8655364874.1100006104,449.25,621.66
Quarterly,2006-09-30,Europe,1786439480,92.72,621.66
Quarterly,2006-09-30,Asia,,,621.66
Quarterly,2006-09-30,Other,439933879.6600000262,22.83,621.66
Quarterly,2006-12-31,North America,10574367719.0900001526,517.5,613.86
Quarterly,2006-12-31,Europe,2090121140,102.76,613.86
Quarterly,2006-12-31,Asia,,,613.86
Quarterly,2006-12-31,Other,482648195.3799999952,23.62,613.86
Quarterly,2007-03-31,North America,11679991058.6900005341,548.98,649.6
Quarterly,2007-03-31,Europe,2270866600,106.73,649.6
Quarterly,2007-03-31,Asia,22142030,1.03,649.6
Quarterly,2007-03-31,Other,548770340.8300000429,25.79,649.6
Quarterly,2007-06-30,North America,11091806650.9699993134,530.35,667.21
Quarterly,2007-06-30,Europe,2444467097,116.88,667.21
Quarterly,2007-06-30,Asia,62740760,2.97,667.21
Quarterly,2007-06-30,Other,597152622.7400000095,28.55,667.21
Quarterly,2007-09-30,North America,15485583558.8999996185,648.26,679.84
Quarterly,2007-09-30,Europe,3117051695,130.49,679.84
Quarterly,2007-09-30,Asia,81664900,3.4,679.84
Quarterly,2007-09-30,Other,830790701.5399999619,34.78,679.84
Quarterly,2007-12-31,North America,18920687433.9700012207,703.59,788.11
Quarterly,2007-12-31,Europe,3877168622.4400000572,144.48,788.11
Quarterly,2007-12-31,Asia,118564500,4.38,788.11
Quarterly,2007-12-31,Other,1169393174.4800000191,43.49,788.11
Quarterly,2008-03-31,North America,21774300794.5,724.92,923.5
Quarterly,2008-03-31,Europe,5603086195,186.54,923.5
Quarterly,2008-03-31,Asia,117792014.5,3.9,923.5
Quarterly,2008-03-31,Other,1586615383.0499999523,52.84,923.5
Quarterly,2008-06-30,North America,21704221210.5,725.69,896.11
Quarterly,2008-06-30,Europe,5999896249,200.61,896.11
Quarterly,2008-06-30,Asia,129556498.8299999982,4.31,896.11
Quarterly,2008-06-30,Other,1271651522.6700000763,42.52,896.11
Quarterly,2008-09-30,North America,23737893924.7400016785,834.74,870.88
Quarterly,2008-09-30,Europe,6893142917,242.4,870.88
Quarterly,2008-09-30,Asia,140092448.5800000131,4.96,870.88
Quarterly,2008-09-30,Other,1177648200.5499999523,41.41,870.88
Quarterly,2008-12-31,North America,24198284099.7900009155,870,797.73
Quarterly,2008-12-31,Europe,8471802493.7399997711,304.63,797.73
Quarterly,2008-12-31,Asia,149455540.0099999905,5.41,797.73
Quarterly,2008-12-31,Other,1179874097.1800000668,42.41,797.73
Quarterly,2009-03-31,North America,35864201877.7600021362,1217.13,907.73
Quarterly,2009-03-31,Europe,12127227178,411.56,907.73
Quarterly,2009-03-31,Asia,144504130,4.87,907.73
Quarterly,2009-03-31,Other,1310921692.3699998856,44.49,907.73
Quarterly,2009-06-30,North America,36760629705.5899963379,1223.52,920.9
Quarterly,2009-06-30,Europe,13523927451.5799999237,450.12,920.9
Quarterly,2009-06-30,Asia,175372223.2400000095,5.77,920.9
Quarterly,2009-06-30,Other,1598644010.7000000477,53.21,920.9
Quarterly,2009-09-30,North America,38665056144.5800018311,1207.75,959.93
Quarterly,2009-09-30,Europe,16058612267.5599994659,501.61,959.93
Quarterly,2009-09-30,Asia,209762390,6.46,959.93
Quarterly,2009-09-30,Other,2136702750.5599999428,66.74,959.93
Quarterly,2009-12-31,North America,44928326762.9100036621,1265.79,1099.92
Quarterly,2009-12-31,Europe,18369940542.0600013733,517.54,1099.92
Quarterly,2009-12-31,Asia,284266470,7.92,1099.92
Quarterly,2009-12-31,Other,2502773469.2600002289,70.51,1099.92
Quarterly,2010-03-31,North America,45286112092.5199966431,1262.71,1109.04
Quarterly,2010-03-31,Europe,19525527970.5800018311,544.43,1109.04
Quarterly,2010-03-31,Asia,351249970,9.69,1109.04
Quarterly,2010-03-31,Other,2399200050,66.9,1109.04
Quarterly,2010-06-30,North America,58951099002.5500030518,1473.94,1194.38
Quarterly,2010-06-30,Europe,25362357541.2799987793,634.13,1194.38
Quarterly,2010-06-30,Asia,403189417.8500000238,9.96,1194.38
Quarterly,2010-06-30,Other,2642872851.6700000763,66.08,1194.38
Quarterly,2010-09-30,North America,62530320337.3899993896,1488.07,1226.88
Quarterly,2010-09-30,Europe,28054815929.0499992371,667.64,1226.88
Quarterly,2010-09-30,Asia,668204799.8600000143,15.69,1226.88
Quarterly,2010-09-30,Other,2785786582.9299998283,66.3,1226.88
Quarterly,2010-12-31,North America,67367409334.2300033569,1485.81,1368.06
Quarterly,2010-12-31,Europe,31552999862.1800003052,695.91,1368.06
Quarterly,2010-12-31,Asia,889973936.9400000572,19.38,1368.06
Quarterly,2010-12-31,Other,3060196090.3400001526,67.49,1368.06
Quarterly,2011-03-31,North America,66064101033.7099990845,1427.95,1386.64
Quarterly,2011-03-31,Europe,32397806821.8400001526,700.27,1386.64
Quarterly,2011-03-31,Asia,1079652120.3299999237,23.26,1386.64
Quarterly,2011-03-31,Other,2956521171.5900001526,63.9,1386.64
Quarterly,2011-06-30,North America,70277396313.5399932861,1451.92,1507.38
Quarterly,2011-06-30,Europe,35183980410.0599975586,726.9,1507.38
Quarterly,2011-06-30,Asia,1464076091.7000000477,29.83,1507.38
Quarterly,2011-06-30,Other,3091408250.7800002098,63.87,1507.38
Quarterly,2011-09-30,North America,78327788997.7200012207,1503.87,1703.42
Quarterly,2011-09-30,Europe,40689292275.3099975586,781.22,1703.42
Quarterly,2011-09-30,Asia,2066326828.7899999619,39.12,1703.42
Quarterly,2011-09-30,Other,3151263002.9899997711,60.5,1703.42
Quarterly,2011-12-31,North America,79017006133.7200012207,1569.66,1682.55
Quarterly,2011-12-31,Europe,41662416606.0400009155,841.03,1682.55
Quarterly,2011-12-31,Asia,2207251467.3899998665,43.38,1682.55
Quarterly,2011-12-31,Other,2794054702.0999999046,56.41,1682.55
Quarterly,2012-03-31,North America,86407790604.8099975586,1616.59,1688.78
Quarterly,2012-03-31,Europe,45740796786.9499969482,855.76,1688.78
Quarterly,2012-03-31,Asia,2487712606.2399997711,45.47,1688.78
Quarterly,2012-03-31,Other,2953418085.4200000763,55.26,1688.78
Quarterly,2012-06-30,North America,82698301720.2400054932,1609.14,1610.57
Quarterly,2012-06-30,Europe,44307365405.9800033569,862.13,1610.57
Quarterly,2012-06-30,Asia,2388731471.9299998283,45.49,1610.57
Quarterly,2012-06-30,Other,2819020764.3699998856,54.86,1610.57
Quarterly,2012-09-30,North America,95869194580.4400024414,1678.98,1652.23
Quarterly,2012-09-30,Europe,53144526682.5699996948,930.73,1652.23
Quarterly,2012-09-30,Asia,2730540270.1700000763,46.48,1652.23
Quarterly,2012-09-30,Other,3356687448.6199998856,58.78,1652.23
Quarterly,2012-12-31,North America,92426897784.0599975586,1727.64,1718.22
Quarterly,2012-12-31,Europe,51561052727.7200012207,963.78,1718.22
Quarterly,2012-12-31,Asia,2732943359.7399997711,49.54,1718.22
Quarterly,2012-12-31,Other,3319542197.1900000572,62.05,1718.22
Quarterly,2013-03-31,North America,81815847463.5,1592.21,1631.75
Quarterly,2013-03-31,Europe,46697460834.9499969482,908.78,1631.75
Quarterly,2013-03-31,Asia,2653215274.6999998093,49.6,1631.75
Quarterly,2013-03-31,Other,3164316185.2300000191,61.58,1631.75
Quarterly,2013-06-30,North America,49890681256.9100036621,1301.82,1418.08
Quarterly,2013-06-30,Europe,30003377267.7200012207,782.89,1418.08
Quarterly,2013-06-30,Asia,2019250566.6600000858,47.83,1418.08
Quarterly,2013-06-30,Other,2223815864.5300002098,58.02,1418.08
Quarterly,2013-09-30,North America,52685391039.2300033569,1235.36,1327.06
Quarterly,2013-09-30,Europe,31128082127.1199989319,729.88,1327.06
Quarterly,2013-09-30,Asia,2182669564.75,46.6,1327.06
Quarterly,2013-09-30,Other,2367132561.7600002289,55.5,1327.06
Quarterly,2013-12-31,North America,42833848991.5599975586,1108.85,1271.41
Quarterly,2013-12-31,Europe,25746474343.7700004578,666.5,1271.41
Quarterly,2013-12-31,Asia,1935792763.8800001144,43.46,1271.41
Quarterly,2013-12-31,Other,2123666545.5,54.98,1271.41
Quarterly,2014-03-31,North America,46378871752.9000015259,1116.74,1291.63
Quarterly,2014-03-31,Europe,27142854363.9700012207,653.56,1291.63
Quarterly,2014-03-31,Asia,1946580080.4500000477,42.28,1291.63
Quarterly,2014-03-31,Other,2202654137.9899997711,53.04,1291.63
Quarterly,2014-06-30,North America,46307580133.0800018311,1095.31,1288.65
Quarterly,2014-06-30,Europe,27549472641.0600013733,651.62,1288.65
Quarterly,2014-06-30,Asia,1850390323.1300001144,40.73,1288.65
Quarterly,2014-06-30,Other,2331481984.6100001335,55.15,1288.65
Quarterly,2014-09-30,North America,41824567840.5500030518,1069.37,1281.87
Quarterly,2014-09-30,Europe,24786796921.5699996948,633.75,1281.87
Quarterly,2014-09-30,Asia,1678438436.8800001144,40.05,1281.87
Quarterly,2014-09-30,Other,2039740323.8099999428,52.15,1281.87
Quarterly,2014-12-31,North America,38651702138.7399978638,1002.46,1200.26
Quarterly,2014-12-31,Europe,23986023476.8300018311,622.1,1200.26
Quarterly,2014-12-31,Asia,1645717869.2000000477,40.03,1200.26
Quarterly,2014-12-31,Other,1809823097.4700000286,46.94,1200.26
Quarterly,2015-03-31,North America,39384067257.8399963379,1032,1218.15
Quarterly,2015-03-31,Europe,23812953685.7099990845,623.98,1218.15
Quarterly,2015-03-31,Asia,1654870873.1199998856,40.78,1218.15
Quarterly,2015-03-31,Other,1625312741.8199999332,42.59,1218.15
Quarterly,2015-06-30,North America,37953296587.3399963379,1008.1,1192.47
Quarterly,2015-06-30,Europe,23778155332.5499992371,631.58,1192.47
Quarterly,2015-06-30,Asia,1627299015.7400000095,40.62,1192.47
Quarterly,2015-06-30,Other,1467105803.2999999523,38.97,1192.47
Quarterly,2015-09-30,North America,34884890811.5199966431,974,1124.47
Quarterly,2015-09-30,Europe,21349093654.1199989319,596.08,1124.47
Quarterly,2015-09-30,Asia,1643681276.25,43.09,1124.47
Quarterly,2015-09-30,Other,1464866805.4600000381,40.9,1124.47
Quarterly,2015-12-31,North America,31379712545.7700004578,918.82,1104.21
Quarterly,2015-12-31,Europe,19863523975.3699989319,581.62,1104.21
Quarterly,2015-12-31,Asia,1687889006.5399999619,46.85,1104.21
Quarterly,2015-12-31,Other,1387692485.4600000381,40.63,1104.21
Quarterly,2016-03-31,North America,44863334650,1128.06,1181.89
Quarterly,2016-03-31,Europe,27818421202.25,699.47,1181.89
Quarterly,2016-03-31,Asia,2439708701.1100001335,59.81,1181.89
Quarterly,2016-03-31,Other,1775514592.0199999809,44.65,1181.89
Quarterly,2016-06-30,North America,54528028009.3300018311,1284.13,1259.36
Quarterly,2016-06-30,Europe,32815801295.25,772.81,1259.36
Quarterly,2016-06-30,Asia,2803171606.2199997902,64.81,1259.36
Quarterly,2016-06-30,Other,2010394609.7000000477,47.35,1259.36
Quarterly,2016-09-30,North America,55419255576.7600021362,1303.39,1334.53
Quarterly,2016-09-30,Europe,37708957842.0599975586,886.87,1334.53
Quarterly,2016-09-30,Asia,3286539346.9899997711,75.06,1334.53
Quarterly,2016-09-30,Other,2170236373.0999999046,51.04,1334.53
Quarterly,2016-12-31,North America,42702755738.1500015259,1145.89,1216.41
Quarterly,2016-12-31,Europe,31765294099.7299995422,852.4,1216.41
Quarterly,2016-12-31,Asia,3356475287.3800001144,87.01,1216.41
Quarterly,2016-12-31,Other,1703518945.6600000858,45.71,1216.41
Quarterly,2017-03-31,North America,46451464349.6999969482,1160.62,1218.56
Quarterly,2017-03-31,Europe,38043267592.8199996948,950.54,1218.56
Quarterly,2017-03-31,Asia,3307388656.7600002289,80.26,1218.56
Quarterly,2017-03-31,Other,1970691580.7999999523,49.24,1218.56
Quarterly,2017-06-30,North America,47576511201.7200012207,1191.22,1257.72
Quarterly,2017-06-30,Europe,39354317658.9800033569,985.35,1257.72
Quarterly,2017-06-30,Asia,3203904119.6399998665,77.63,1257.72
Quarterly,2017-06-30,Other,1956342414.7200000286,48.98,1257.72
Quarterly,2017-09-30,North America,50389082888.0500030518,1221.48,1278.02
Quarterly,2017-09-30,Europe,41159554786.3499984741,997.74,1278.02
Quarterly,2017-09-30,Asia,2916688883.1799998283,68.38,1278.02
Quarterly,2017-09-30,Other,1974184908.6400001049,47.85,1278.02
Quarterly,2017-12-31,North America,51727574956.3700027466,1240.96,1275.41
Quarterly,2017-12-31,Europe,43046621230.4499969482,1032.7,1275.41
Quarterly,2017-12-31,Asia,3541528669.8499999046,82.96,1275.41
Quarterly,2017-12-31,Other,1879590236.0799999237,45.09,1275.41
Quarterly,2018-03-31,North America,54380920943.25,1277.66,1328.7
Quarterly,2018-03-31,Europe,43975314040.8300018311,1033.19,1328.7
Quarterly,2018-03-31,Asia,3358909004.2100000381,76.7,1328.7
Quarterly,2018-03-31,Other,1846184758.0099999905,43.38,1328.7
Quarterly,2018-06-30,North America,50138263865.8600006104,1247.13,1306.28
Quarterly,2018-06-30,Europe,43500836656.9100036621,1082.03,1306.28
Quarterly,2018-06-30,Asia,3839822487.9400000572,93.64,1306.28
Quarterly,2018-06-30,Other,1530780095.2799999714,38.07,1306.28
Quarterly,2018-09-30,North America,44720375950.5500030518,1171.58,1212.96
Quarterly,2018-09-30,Europe,40767137649.0800018311,1068.01,1212.96
Quarterly,2018-09-30,Asia,3201656248.3699998856,82.15,1212.96
Quarterly,2018-09-30,Other,1351069831.3299999237,34.82,1212.96
Quarterly,2018-12-31,North America,50628809978.0500030518,1228.68,1228.71
Quarterly,2018-12-31,Europe,46627492207.1399993896,1131.57,1228.71
Quarterly,2018-12-31,Asia,3267175852.9299998283,77.62,1228.71
Quarterly,2018-12-31,Other,1407272217.0499999523,34.1,1228.71
Quarterly,2019-03-31,North America,52284619299.5599975586,1255.39,1303.44
Quarterly,2019-03-31,Europe,48006012677.4700012207,1152.66,1303.44
Quarterly,2019-03-31,Asia,3096117371.5100002289,72.83,1303.44
Quarterly,2019-03-31,Other,1429731873.0399999619,34.02,1303.44
Quarterly,2019-06-30,North America,57063863403.7399978638,1259.68,1307.46
Quarterly,2019-06-30,Europe,55584356753.8399963379,1227.02,1307.46
Quarterly,2019-06-30,Asia,3176393757.0799999237,68.34,1307.46
Quarterly,2019-06-30,Other,1527234702.3299999237,33.52,1307.46
Quarterly,2019-09-30,North America,68873981482.6799926758,1442.28,1472.95
Quarterly,2019-09-30,Europe,61366528054.4700012207,1285.07,1472.95
Quarterly,2019-09-30,Asia,4033633947.5300002098,82.33,1472.95
Quarterly,2019-09-30,Other,1974780714.1300001144,41.25,1472.95
Quarterly,2019-12-31,North America,70380154941.9600067139,1437.34,1482.05
Quarterly,2019-12-31,Europe,64436643468.8799972534,1315.96,1482.05
Quarterly,2019-12-31,Asia,3879947710.6599998474,77.55,1482.05
Quarterly,2019-12-31,Other,2186593321.9200000763,44.72,1482.05
Quarterly,2020-03-31,North America,80998570026.0200042725,1565.83,1581.88
Quarterly,2020-03-31,Europe,75967529743.9799957275,1468.57,1581.88
Quarterly,2020-03-31,Asia,4773631378.25,91.41,1581.88
Quarterly,2020-03-31,Other,2620490244.5199999809,50.66,1581.88
Quarterly,2020-06-30,North America,107745428302.6699981689,1895.4,1710.42
Quarterly,2020-06-30,Europe,88392667517.0500030518,1554.96,1710.42
Quarterly,2020-06-30,Asia,5806519741.970000267,99.89,1710.42
Quarterly,2020-06-30,Other,3373098829.9499998093,59.33,1710.42
Quarterly,2020-09-30,North America,126574858120.7599945068,2086.45,1909.3
Quarterly,2020-09-30,Europe,98381737483.8200073242,1621.72,1909.3
Quarterly,2020-09-30,Asia,7389795829.4600000381,119.88,1909.3
Quarterly,2020-09-30,Other,3969061349.0300002098,65.43,1909.3
Quarterly,2020-12-31,North America,121618344076.5700073242,2000.29,1874.41
Quarterly,2020-12-31,Europe,96769665094.9199981689,1591.6,1874.41
Quarterly,2020-12-31,Asia,7151927949.5,115.14,1874.41
Quarterly,2020-12-31,Other,3714134752.7899999619,61.09,1874.41
Quarterly,2021-03-31,North America,100850538985.6100006104,1854.94,1795.52
Quarterly,2021-03-31,Europe,83810885789.4400024414,1541.53,1795.52
Quarterly,2021-03-31,Asia,7416284372.3400001526,132.91,1795.52
Quarterly,2021-03-31,Other,3402079683.5199999809,62.59,1795.52
Quarterly,2021-06-30,North America,106060953499.1799926758,1871.01,1814.23
Quarterly,2021-06-30,Europe,88990294584.0099945068,1569.87,1814.23
Quarterly,2021-06-30,Asia,7620915684.8999996185,131.14,1814.23
Quarterly,2021-06-30,Other,3440654446.4200000763,60.71,1814.23
Quarterly,2021-09-30,North America,102279655490.3899993896,1825.37,1789.66
Quarterly,2021-09-30,Europe,88623661772.2100067139,1581.65,1789.66
Quarterly,2021-09-30,Asia,7776306478.1099996567,135.28,1789.66
Quarterly,2021-09-30,Other,3394384195.4200000763,60.6,1789.66
Quarterly,2021-12-31,North America,105273654335.2100067139,1799.01,1795.21
Quarterly,2021-12-31,Europe,92444888862.3300018311,1579.78,1795.21
Quarterly,2021-12-31,Asia,8424958955.8000001907,140.16,1795.21
Quarterly,2021-12-31,Other,3542808343.4899997711,60.54,1795.21
Quarterly,2022-03-31,North America,123083936947.4499969482,1971.19,1876.27
Quarterly,2022-03-31,Europe,105716251236.9400024414,1693.04,1876.27
Quarterly,2022-03-31,Asia,7989434193.9399995804,125.4,1876.27
Quarterly,2022-03-31,Other,3896684639.9699997902,62.44,1876.27
Quarterly,2022-06-30,North America,112567701175.1999969482,1926.94,1873.27
Quarterly,2022-06-30,Europe,98736231988.1699981689,1690.17,1873.27
Quarterly,2022-06-30,Asia,7497070314.6000003815,124.28,1873.27
Quarterly,2022-06-30,Other,3660597031.9400000572,62.67,1873.27
Quarterly,2022-09-30,North America,95488921713.8699951172,1776.6,1728.28
Quarterly,2022-09-30,Europe,85861016674.9199981689,1597.47,1728.28
Quarterly,2022-09-30,Asia,7067309146.9399995804,124.82,1728.28
Quarterly,2022-09-30,Other,3302517200.5700001717,61.44,1728.28
Quarterly,2022-12-31,North America,100477467660.4499969482,1724.39,1730.48
Quarterly,2022-12-31,Europe,91293754206.9900054932,1566.78,1730.48
Quarterly,2022-12-31,Asia,7332463158.2899999619,119.3,1730.48
Quarterly,2022-12-31,Other,3541043380.1900000572,60.77,1730.48
Quarterly,2023-03-31,North America,110413323450.8999938965,1734.73,1888.73
Quarterly,2023-03-31,Europe,97177551486.7400054932,1526.78,1888.73
Quarterly,2023-03-31,Asia,7913188222.2100000381,118.66,1888.73
Quarterly,2023-03-31,Other,3985415456.5799999237,62.62,1888.73
Quarterly,2023-06-30,North America,107233425365.2100067139,1744.19,1976.78
Quarterly,2023-06-30,Europe,92102789270.2700042725,1498.09,1976.78
Quarterly,2023-06-30,Asia,7749445718.3599996567,120.22,1976.78
Quarterly,2023-06-30,Other,3654791520.0799999237,59.47,1976.78
Quarterly,2023-09-30,North America,99122389333.9199981689,1648.39,1928.28
Quarterly,2023-09-30,Europe,86848566540.3000030518,1444.16,1928.28
Quarterly,2023-09-30,Asia,8480593057.1999998093,133.74,1928.28
Quarterly,2023-09-30,Other,3485036208.9899997711,57.95,1928.28
Quarterly,2023-12-31,North America,108907559363.7299957275,1642.45,1976.77
Quarterly,2023-12-31,Europe,92026007850.3200073242,1387.86,1976.77
Quarterly,2023-12-31,Asia,9723148445.0499992371,139.26,1976.77
Quarterly,2023-12-31,Other,3954340968.9200000763,59.64,1976.77
Quarterly,2024-03-31,North America,112079561997.5700073242,1574.27,2071.91
Quarterly,2024-03-31,Europe,94943375031.6100006104,1333.61,2071.91
Quarterly,2024-03-31,Asia,11222579181.1800003052,149.55,2071.91
Quarterly,2024-03-31,Other,4213218395.25,59.2,2071.91
Quarterly,2024-06-30,North America,117269511124.0899963379,1564.87,2335.67
Quarterly,2024-06-30,Europe,97786513048.0399932861,1304.86,2335.67
Quarterly,2024-06-30,Asia,14192263460.1700000763,181.66,2335.67
Quarterly,2024-06-30,Other,4389578897.2100000381,58.58,2335.67
Quarterly,2024-09-30,North America,137313285026.4299926758,1623.95,2474.85
Quarterly,2024-09-30,Europe,112268382362.8899993896,1327.76,2474.85
Quarterly,2024-09-30,Asia,16320184869.1100006104,189.46,2474.85
Quarterly,2024-09-30,Other,5467803097.8599996567,64.62,2474.85
Quarterly,2024-12-31,North America,138548612358.2099914551,1650.48,2660.33
Quarterly,2024-12-31,Europe,108268852784.1300048828,1289.82,2660.33
Quarterly,2024-12-31,Asia,18926839622.25,221.44,2660.33
Quarterly,2024-12-31,Other,5401193110.75,64.34,2660.33
Quarterly,2025-03-31,North America,178706795824.5,1784.3,2855.73
Quarterly,2025-03-31,Europe,134757146460.4600067139,1345.52,2855.73
Quarterly,2025-03-31,Asia,26237527821.6500015259,259.08,2855.73
Quarterly,2025-03-31,Other,6807149842.7399997711,67.95,2855.73
Quarterly,2025-06-30,North America,196310964563.0799865723,1857.25,3281.62
Quarterly,2025-06-30,Europe,144769257015.1499938965,1369.7,3281.62
Quarterly,2025-06-30,Asia,35444133016.8199996948,329.53,3281.62
Quarterly,2025-06-30,Other,7556801042.9399995804,71.51,3281.62
Quarterly,2025-09-30,North America,245522261975.3399963379,1996.18,3454.69
Quarterly,2025-09-30,Europe,177022592108.0799865723,1439.37,3454.69
Quarterly,2025-09-30,Asia,43151517294.4000015259,346.83,3454.69
Quarterly,2025-09-30,Other,8765037641.8999996185,71.29,3454.69
Quarterly,2025-12-31,North America,290190194380.2299804688,2095.16,4153.56
Quarterly,2025-12-31,Europe,197081826987.5299987793,1422.93,4153.56
Quarterly,2025-12-31,Asia,61996761279.4400024414,438.09,4153.56
Quarterly,2025-12-31,Other,10142109635.8600006104,73.22,4153.56
Quarterly,2026-03-31,North America,308140773298.299987793,2079.45,4864.06
Quarterly,2026-03-31,Europe,209669739905.8699951172,1415.14,4864.06
Quarterly,2026-03-31,Asia,78188638912.7299957275,522.3,4864.06
Quarterly,2026-03-31,Other,11098600022.1599998474,74.94,4864.06
Quarterly,2026-06-30,North America,263356069519.8200073242,2034.62,4512.39
Quarterly,2026-06-30,Europe,184964455406.1900024414,1428.95,4512.39
Quarterly,2026-06-30,Asia,68103927029.3499984741,507.46,4512.39
Quarterly,2026-06-30,Other,9506106414.9099998474,73.46,4512.39
Quarterly,2026-07-31,North America,263450632543.299987793,2034.9,4073.92
Quarterly,2026-07-31,Europe,187235004206.7699890137,1446.3,4073.92
Quarterly,2026-07-31,Asia,69429262104.7799987793,512.39,4073.92
Quarterly,2026-07-31,Other,9646798714.7399997711,74.45,4073.92
Monthly,2003-02-28,North America,0,0,358.97
Monthly,2003-02-28,Europe,,,358.97
Monthly,2003-02-28,Asia,,,358.97
Monthly,2003-02-28,Other,,,358.97
Monthly,2003-03-31,North America,88248405.8700000048,8.2,340.55
Monthly,2003-03-31,Europe,,,340.55
Monthly,2003-03-31,Asia,,,340.55
Monthly,2003-03-31,Other,335010,0.03,340.55
Monthly,2003-04-30,North America,100776843.1700000018,9.31,328.07
Monthly,2003-04-30,Europe,,,328.07
Monthly,2003-04-30,Asia,,,328.07
Monthly,2003-04-30,Other,7599990,0.7,328.07
Monthly,2003-05-31,North America,108153678.150000006,9.31,355.67
Monthly,2003-05-31,Europe,,,355.67
Monthly,2003-05-31,Asia,,,355.67
Monthly,2003-05-31,Other,27662610,2.38,355.67
Monthly,2003-06-30,North America,103545026.6800000072,9.31,356.35
Monthly,2003-06-30,Europe,,,356.35
Monthly,2003-06-30,Asia,,,356.35
Monthly,2003-06-30,Other,32229839.9600000009,2.9,356.35
Monthly,2003-07-31,North America,106163578.6599999964,9.31,351.02
Monthly,2003-07-31,Europe,,,351.02
Monthly,2003-07-31,Asia,,,351.02
Monthly,2003-07-31,Other,40139943.9099999964,3.52,351.02
Monthly,2003-08-31,North America,112403215.7600000054,9.31,359.72
Monthly,2003-08-31,Europe,,,359.72
Monthly,2003-08-31,Asia,,,359.72
Monthly,2003-08-31,Other,48838878.7299999967,4.04,359.72
Monthly,2003-09-30,North America,116114076.1700000018,9.31,378.95
Monthly,2003-09-30,Europe,,,378.95
Monthly,2003-09-30,Asia,,,378.95
Monthly,2003-09-30,Other,76338941.0699999928,6.12,378.95
Monthly,2003-10-31,North America,115590365.7699999958,9.31,378.92
Monthly,2003-10-31,Europe,,,378.92
Monthly,2003-10-31,Asia,,,378.92
Monthly,2003-10-31,Other,90446370.7099999934,7.28,378.92
Monthly,2003-11-30,North America,119211450.900000006,9.31,389.91
Monthly,2003-11-30,Europe,,,389.91
Monthly,2003-11-30,Asia,,,389.91
Monthly,2003-11-30,Other,103061249.5,8.05,389.91
Monthly,2003-12-31,North America,127776032.7600000054,9.55,407.9
Monthly,2003-12-31,Europe,314293017.3000000119,23.48,407.9
Monthly,2003-12-31,Asia,,,407.9
Monthly,2003-12-31,Other,126294249.9699999988,9.42,407.9
Monthly,2004-01-31,North America,122711036.8700000048,9.55,413.95
Monthly,2004-01-31,Europe,311756142.5,24.26,413.95
Monthly,2004-01-31,Asia,,,413.95
Monthly,2004-01-31,Other,120793979.2099999934,9.4,413.95
Monthly,2004-02-29,North America,121513857.8900000006,9.55,404.88
Monthly,2004-02-29,Europe,328433336.6999999881,25.81,404.88
Monthly,2004-02-29,Asia,,,404.88
Monthly,2004-02-29,Other,126641706.75,9.95,404.88
Monthly,2004-03-31,North America,130062958.8900000006,9.55,406.67
Monthly,2004-03-31,Europe,546345498.5,40.11,406.67
Monthly,2004-03-31,Asia,,,406.67
Monthly,2004-03-31,Other,129772528.1299999952,9.53,406.67
Monthly,2004-04-30,North America,119257630.5699999928,9.55,404.74
Monthly,2004-04-30,Europe,780413000,62.48,404.74
Monthly,2004-04-30,Asia,,,404.74
Monthly,2004-04-30,Other,118797671.9099999964,9.51,404.74
Monthly,2004-05-31,North America,120715735.450000003,9.55,384.45
Monthly,2004-05-31,Europe,561942000,44.45,384.45
Monthly,2004-05-31,Asia,,,384.45
Monthly,2004-05-31,Other,119973949.1400000006,9.49,384.45
Monthly,2004-06-30,North America,121498503.799999997,9.55,392.37
Monthly,2004-06-30,Europe,521728000,41,392.37
Monthly,2004-06-30,Asia,,,392.37
Monthly,2004-06-30,Other,120151959.0400000066,9.44,392.37
Monthly,2004-07-31,North America,120147840.099999994,9.55,398.09
Monthly,2004-07-31,Europe,481807000,38.29,398.09
Monthly,2004-07-31,Asia,,,398.09
Monthly,2004-07-31,Other,148663141.7800000012,11.81,398.09
Monthly,2004-08-31,North America,125013307.7300000042,9.55,400.72
Monthly,2004-08-31,Europe,504775000,38.55,400.72
Monthly,2004-08-31,Asia,,,400.72
Monthly,2004-08-31,Other,123962162.4800000042,9.47,400.72
Monthly,2004-09-30,North America,127591849.2199999988,9.55,405.28
Monthly,2004-09-30,Europe,523274000,39.16,405.28
Monthly,2004-09-30,Asia,,,405.28
Monthly,2004-09-30,Other,126694206.4200000018,9.48,405.28
Monthly,2004-10-31,North America,130630844.8799999952,9.55,420.46
Monthly,2004-10-31,Europe,689505000,50.4,420.46
Monthly,2004-10-31,Asia,,,420.46
Monthly,2004-10-31,Other,121193842.0100000054,8.86,420.46
Monthly,2004-11-30,North America,1648668945.8800001144,113.1,439.38
Monthly,2004-11-30,Europe,683184000,46.87,439.38
Monthly,2004-11-30,Asia,,,439.38
Monthly,2004-11-30,Other,168946636.0900000036,11.59,439.38
Monthly,2004-12-31,North America,1473024124.75,104.6,441.92
Monthly,2004-12-31,Europe,721334000,51.22,441.92
Monthly,2004-12-31,Asia,,,441.92
Monthly,2004-12-31,Other,170147050.400000006,12.08,441.92
Monthly,2005-01-31,North America,2210114908.4600000381,162.84,424.7
Monthly,2005-01-31,Europe,666771000,49.13,424.7
Monthly,2005-01-31,Asia,,,424.7
Monthly,2005-01-31,Other,163689606.5300000012,12.06,424.7
Monthly,2005-02-28,North America,3005545251.7899999619,214.68,423.35
Monthly,2005-02-28,Europe,623066000,44.5,423.35
Monthly,2005-02-28,Asia,,,423.35
Monthly,2005-02-28,Other,170456994.4699999988,12.18,423.35
Monthly,2005-03-31,North America,2687084279.25,195.5,433.52
Monthly,2005-03-31,Europe,671381000,48.85,433.52
Monthly,2005-03-31,Asia,,,433.52
Monthly,2005-03-31,Other,165706272.7899999917,12.06,433.52
Monthly,2005-04-30,North America,2815594867.1599998474,201,429.23
Monthly,2005-04-30,Europe,656131000,46.84,429.23
Monthly,2005-04-30,Asia,,,429.23
Monthly,2005-04-30,Other,174400860.849999994,12.45,429.23
Monthly,2005-05-31,North America,2684480560.8800001144,201.46,422.34
Monthly,2005-05-31,Europe,602440000,45.21,422.34
Monthly,2005-05-31,Asia,,,422.34
Monthly,2005-05-31,Other,165080019.1100000143,12.39,422.34
Monthly,2005-06-30,North America,2915875966.1500000954,207.49,430.66
Monthly,2005-06-30,Europe,632846000,45.03,430.66
Monthly,2005-06-30,Asia,,,430.66
Monthly,2005-06-30,Other,174111997.1599999964,12.39,430.66
Monthly,2005-07-31,North America,3051258705.5199999809,221.22,424.48
Monthly,2005-07-31,Europe,634393000,45.99,424.48
Monthly,2005-07-31,Asia,,,424.48
Monthly,2005-07-31,Other,171460890.1200000048,12.43,424.48
Monthly,2005-08-31,North America,3176547987.2800002098,228.05,437.88
Monthly,2005-08-31,Europe,642388000,46.12,437.88
Monthly,2005-08-31,Asia,,,437.88
Monthly,2005-08-31,Other,173934155.1999999881,12.49,437.88
Monthly,2005-09-30,North America,3694994786.1599998474,242.85,456.05
Monthly,2005-09-30,Europe,708364000,46.56,456.05
Monthly,2005-09-30,Asia,,,456.05
Monthly,2005-09-30,Other,191170619.2700000107,12.56,456.05
Monthly,2005-10-31,North America,3776671267.4800000191,249.53,469.9
Monthly,2005-10-31,Europe,747960000,49.42,469.9
Monthly,2005-10-31,Asia,,,469.9
Monthly,2005-10-31,Other,192143809.9499999881,12.7,469.9
Monthly,2005-11-30,North America,4278899749.6500000954,268.51,476.67
Monthly,2005-11-30,Europe,896994000,56.29,476.67
Monthly,2005-11-30,Asia,,,476.67
Monthly,2005-11-30,Other,207037571.9099999964,12.99,476.67
Monthly,2005-12-31,North America,5036102833.1800003052,305.34,509.34
Monthly,2005-12-31,Europe,1048112000,63.55,509.34
Monthly,2005-12-31,Asia,,,509.34
Monthly,2005-12-31,Other,295577110.6700000167,17.92,509.34
Monthly,2006-01-31,North America,6989857097.8800001144,382.26,548.19
Monthly,2006-01-31,Europe,1197326000,65.48,548.19
Monthly,2006-01-31,Asia,,,548.19
Monthly,2006-01-31,Other,362079885.6499999762,19.8,548.19
Monthly,2006-02-28,North America,7102437175.0200004578,397.32,555
Monthly,2006-02-28,Europe,1260692000,70.53,555
Monthly,2006-02-28,Asia,,,555
Monthly,2006-02-28,Other,373801352.6000000238,20.91,555
Monthly,2006-03-31,North America,7543774213.779999733,403.16,557.09
Monthly,2006-03-31,Europe,1389915820,74.28,557.09
Monthly,2006-03-31,Asia,,,557.09
Monthly,2006-03-31,Other,397894232.6000000238,21.26,557.09
Monthly,2006-04-30,North America,8651883652.3700008392,417.86,608.89
Monthly,2006-04-30,Europe,1751524220,84.59,608.89
Monthly,2006-04-30,Asia,,,608.89
Monthly,2006-04-30,Other,449725194.3899999857,21.72,608.89
Monthly,2006-05-31,North America,8636835127.3199996948,411.39,672.59
Monthly,2006-05-31,Europe,1753719700,83.53,672.59
Monthly,2006-05-31,Asia,,,672.59
Monthly,2006-05-31,Other,463227225.6600000262,22.06,672.59
Monthly,2006-06-30,North America,8538891876.1300001144,432.91,596.15
Monthly,2006-06-30,Europe,1819185170,92.23,596.15
Monthly,2006-06-30,Asia,,,596.15
Monthly,2006-06-30,Other,441470106.9800000191,22.38,596.15
Monthly,2006-07-31,North America,9085988212.1399993896,446.81,633.71
Monthly,2006-07-31,Europe,1879047600,92.4,633.71
Monthly,2006-07-31,Asia,,,633.71
Monthly,2006-07-31,Other,460343584.3299999833,22.64,633.71
Monthly,2006-08-31,North America,9124457237.1900005341,455.18,632.1
Monthly,2006-08-31,Europe,1865986850,93.09,632.1
Monthly,2006-08-31,Asia,,,632.1
Monthly,2006-08-31,Other,433155859.3799999952,21.61,632.1
Monthly,2006-09-30,North America,8655364874.1100006104,449.25,598.19
Monthly,2006-09-30,Europe,1786439480,92.72,598.19
Monthly,2006-09-30,Asia,,,598.19
Monthly,2006-09-30,Other,439933879.6600000262,22.83,598.19
Monthly,2006-10-31,North America,8755423611.5900001526,451.05,585.78
Monthly,2006-10-31,Europe,1900675110,97.92,585.78
Monthly,2006-10-31,Asia,,,585.78
Monthly,2006-10-31,Other,441742264.9399999976,22.76,585.78
Monthly,2006-11-30,North America,10478717802.7000007629,503.98,627.83
Monthly,2006-11-30,Europe,2189725910,105.32,627.83
Monthly,2006-11-30,Asia,,,627.83
Monthly,2006-11-30,Other,479640548.1600000262,23.07,627.83
Monthly,2006-12-31,North America,10574367719.0900001526,517.5,628.64
Monthly,2006-12-31,Europe,2090121140,102.76,628.64
Monthly,2006-12-31,Asia,,,628.64
Monthly,2006-12-31,Other,482648195.3799999952,23.62,628.64
Monthly,2007-01-31,North America,10756858650.9699993134,514.34,631.36
Monthly,2007-01-31,Europe,2169210570,103.72,631.36
Monthly,2007-01-31,Asia,,,631.36
Monthly,2007-01-31,Other,501929208.4700000286,24,631.36
Monthly,2007-02-28,North America,11663388807.9400005341,546.18,664.75
Monthly,2007-02-28,Europe,2243738720,105.07,664.75
Monthly,2007-02-28,Asia,,,664.75
Monthly,2007-02-28,Other,536498180.4700000286,25.12,664.75
Monthly,2007-03-31,North America,11679991058.6900005341,548.98,654.9
Monthly,2007-03-31,Europe,2270866600,106.73,654.9
Monthly,2007-03-31,Asia,22142030,1.03,654.9
Monthly,2007-03-31,Other,548770340.8300000429,25.79,654.9
Monthly,2007-04-30,North America,12156302960.2700004578,558.5,678.81
Monthly,2007-04-30,Europe,2388521184,109.74,678.81
Monthly,2007-04-30,Asia,54965820,2.5,678.81
Monthly,2007-04-30,Other,566008504.4900000095,26,678.81
Monthly,2007-05-31,North America,11326432381.7399997711,534.5,667.31
Monthly,2007-05-31,Europe,2351923868,110.99,667.31
Monthly,2007-05-31,Asia,59086000,2.77,667.31
Monthly,2007-05-31,Other,589494877.6100000143,27.82,667.31
Monthly,2007-06-30,North America,11091806650.9699993134,530.35,655.49
Monthly,2007-06-30,Europe,2444467097,116.88,655.49
Monthly,2007-06-30,Asia,62740760,2.97,655.49
Monthly,2007-06-30,Other,597152622.7400000095,28.55,655.49
Monthly,2007-07-31,North America,12054014627.9300003052,563.37,665.3
Monthly,2007-07-31,Europe,2547992296,119.09,665.3
Monthly,2007-07-31,Asia,64677990,2.99,665.3
Monthly,2007-07-31,Other,646601843.8799999952,30.22,665.3
Monthly,2007-08-31,North America,12595889367.9500007629,583,665.21
Monthly,2007-08-31,Europe,2627607446,121.62,665.21
Monthly,2007-08-31,Asia,73416510,3.37,665.21
Monthly,2007-08-31,Other,707828481.5299999714,32.76,665.21
Monthly,2007-09-30,North America,15485583558.8999996185,648.26,712.65
Monthly,2007-09-30,Europe,3117051695,130.49,712.65
Monthly,2007-09-30,Asia,81664900,3.4,712.65
Monthly,2007-09-30,Other,830790701.5399999619,34.78,712.65
Monthly,2007-10-31,North America,17011656337.4899997711,670.2,754.6
Monthly,2007-10-31,Europe,3536645220,139.33,754.6
Monthly,2007-10-31,Asia,86257690,3.4,754.6
Monthly,2007-10-31,Other,939434119.4800000191,37.01,754.6
Monthly,2007-11-30,North America,17025547246.7000007629,675.88,806.25
Monthly,2007-11-30,Europe,3581241512,142.17,806.25
Monthly,2007-11-30,Asia,115899690,4.5,806.25
Monthly,2007-11-30,Other,971677817.2799999714,38.57,806.25
Monthly,2007-12-31,North America,18920687433.9700012207,703.59,805.8
Monthly,2007-12-31,Europe,3877168622.4400000572,144.48,805.8
Monthly,2007-12-31,Asia,118564500,4.38,805.8
Monthly,2007-12-31,Other,1169393174.4800000191,43.49,805.8
Monthly,2008-01-31,North America,21122258463.5,711.59,887.29
Monthly,2008-01-31,Europe,4754538965,160.18,887.29
Monthly,2008-01-31,Asia,120597120,4.04,887.29
Monthly,2008-01-31,Other,1435244708.1800000668,48.35,887.29
Monthly,2008-02-29,North America,22490171851.7599983215,720.04,922.3
Monthly,2008-02-29,Europe,5287014080,169.27,922.3
Monthly,2008-02-29,Asia,124561145.3900000006,4,922.3
Monthly,2008-02-29,Other,1543820604.9600000381,49.43,922.3
Monthly,2008-03-31,North America,21774300794.5,724.92,964.37
Monthly,2008-03-31,Europe,5603086195,186.54,964.37
Monthly,2008-03-31,Asia,117792014.5,3.9,964.37
Monthly,2008-03-31,Other,1586615383.0499999523,52.84,964.37
Monthly,2008-04-30,North America,18572930091.2299995422,663.24,909.7
Monthly,2008-04-30,Europe,5318152864,189.91,909.7
Monthly,2008-04-30,Asia,109968214.599999994,3.91,909.7
Monthly,2008-04-30,Other,1443237055,51.54,909.7
Monthly,2008-05-31,North America,19403090825.9900016785,681.35,888.83
Monthly,2008-05-31,Europe,5556779927,195.13,888.83
Monthly,2008-05-31,Asia,122134962.0600000024,4.23,888.83
Monthly,2008-05-31,Other,1212578951.7000000477,42.58,888.83
Monthly,2008-06-30,North America,21704221210.5,725.69,889.49
Monthly,2008-06-30,Europe,5999896249,200.61,889.49
Monthly,2008-06-30,Asia,129556498.8299999982,4.31,889.49
Monthly,2008-06-30,Other,1271651522.6700000763,42.52,889.49
Monthly,2008-07-31,North America,22279531378.2400016785,754.87,939.77
Monthly,2008-07-31,Europe,6963954387,235.95,939.77
Monthly,2008-07-31,Asia,129228361.3700000048,4.38,939.77
Monthly,2008-07-31,Other,1317581499.0599999428,44.64,939.77
Monthly,2008-08-31,North America,19582074793.2200012207,731.18,838.31
Monthly,2008-08-31,Europe,6383170401,238.34,838.31
Monthly,2008-08-31,Asia,130656216.1800000072,4.82,838.31
Monthly,2008-08-31,Other,1166649078.7799999714,43.56,838.31
Monthly,2008-09-30,North America,23737893924.7400016785,834.74,829.93
Monthly,2008-09-30,Europe,6893142917,242.4,829.93
Monthly,2008-09-30,Asia,140092448.5800000131,4.96,829.93
Monthly,2008-09-30,Other,1177648200.5499999523,41.41,829.93
Monthly,2008-10-31,North America,19571642670.9399986267,833.04,806.62
Monthly,2008-10-31,Europe,6608505176.1199998856,281.28,806.62
Monthly,2008-10-31,Asia,88643410,3.72,806.62
Monthly,2008-10-31,Other,973318914.3600000143,41.43,806.62
Monthly,2008-11-30,North America,22109000154.7200012207,844.28,760.86
Monthly,2008-11-30,Europe,7477150871.029999733,285.53,760.86
Monthly,2008-11-30,Asia,97652827.4599999934,3.73,760.86
Monthly,2008-11-30,Other,1077207662.3199999332,41.14,760.86
Monthly,2008-12-31,North America,24198284099.7900009155,870,820.91
Monthly,2008-12-31,Europe,8471802493.7399997711,304.63,820.91
Monthly,2008-12-31,Asia,149455540.0099999905,5.41,820.91
Monthly,2008-12-31,Other,1179874097.1800000668,42.41,820.91
Monthly,2009-01-31,North America,27626048720.7299995422,934.49,858.98
Monthly,2009-01-31,Europe,10016960591.8299999237,338.84,858.98
Monthly,2009-01-31,Asia,152514596.9399999976,5.23,858.98
Monthly,2009-01-31,Other,1286725499.4700000286,43.53,858.98
Monthly,2009-02-28,North America,34216612769.5900001526,1117.92,943.16
Monthly,2009-02-28,Europe,11563232715,377.79,943.16
Monthly,2009-02-28,Asia,152076005.4099999964,5.05,943.16
Monthly,2009-02-28,Other,1377240174.9400000572,45,943.16
Monthly,2009-03-31,North America,35864201877.7600021362,1217.13,924.27
Monthly,2009-03-31,Europe,12127227178,411.56,924.27
Monthly,2009-03-31,Asia,144504130,4.87,924.27
Monthly,2009-03-31,Other,1310921692.3699998856,44.49,924.27
Monthly,2009-04-30,North America,33930399843.1599998474,1194.85,889.32
Monthly,2009-04-30,Europe,12272516995,432.17,889.32
Monthly,2009-04-30,Asia,140966557.4399999976,4.87,889.32
Monthly,2009-04-30,Other,1241954181.5999999046,43.74,889.32
Monthly,2009-05-31,North America,38299875889.6699981689,1221.18,928.02
Monthly,2009-05-31,Europe,13923197220,443.94,928.02
Monthly,2009-05-31,Asia,154352017.9699999988,4.88,928.02
Monthly,2009-05-31,Other,1502392166.0999999046,47.9,928.02
Monthly,2009-06-30,North America,36760629705.5899963379,1223.52,945.67
Monthly,2009-06-30,Europe,13523927451.5799999237,450.12,945.67
Monthly,2009-06-30,Asia,175372223.2400000095,5.77,945.67
Monthly,2009-06-30,Other,1598644010.7000000477,53.21,945.67
Monthly,2009-07-31,North America,35619985340.0400009155,1179.88,934.23
Monthly,2009-07-31,Europe,13742467437.0200004578,455.21,934.23
Monthly,2009-07-31,Asia,178566775.099999994,5.85,934.23
Monthly,2009-07-31,Other,1786246213.8199999332,59.17,934.23
Monthly,2009-08-31,North America,35891351176.3899993896,1168.34,949.67
Monthly,2009-08-31,Europe,14720003778.8299999237,479.17,949.67
Monthly,2009-08-31,Asia,182780984.650000006,5.89,949.67
Monthly,2009-08-31,Other,1840185707.6099998951,59.9,949.67
Monthly,2009-09-30,North America,38665056144.5800018311,1207.75,996.59
Monthly,2009-09-30,Europe,16058612267.5599994659,501.61,996.59
Monthly,2009-09-30,Asia,209762390,6.46,996.59
Monthly,2009-09-30,Other,2136702750.5599999428,66.74,996.59
Monthly,2009-10-31,North America,40886844503.4100036621,1222.81,1043.16
Monthly,2009-10-31,Europe,17673264828.0800018311,528.56,1043.16
Monthly,2009-10-31,Asia,225502621.150000006,6.63,1043.16
Monthly,2009-10-31,Other,2291675735.6999998093,68.54,1043.16
Monthly,2009-11-30,North America,47770240872.8700027466,1263.72,1127.04
Monthly,2009-11-30,Europe,20038320543.4000015259,530.1,1127.04
Monthly,2009-11-30,Asia,256475275.2700000107,6.76,1127.04
Monthly,2009-11-30,Other,2667533177.8200001717,70.57,1127.04
Monthly,2009-12-31,North America,44928326762.9100036621,1265.79,1129.45
Monthly,2009-12-31,Europe,18369940542.0600013733,517.54,1129.45
Monthly,2009-12-31,Asia,284266470,7.92,1129.45
Monthly,2009-12-31,Other,2502773469.2600002289,70.51,1129.45
Monthly,2010-01-31,North America,43167769463.3300018311,1244.94,1117.3
Monthly,2010-01-31,Europe,17938212691.5800018311,517.33,1117.3
Monthly,2010-01-31,Asia,305505380,8.69,1117.3
Monthly,2010-01-31,Other,2415315672.4000000954,69.66,1117.3
Monthly,2010-02-28,North America,44411613164.5,1246.43,1095.41
Monthly,2010-02-28,Europe,19002308245.1300010681,533.31,1095.41
Monthly,2010-02-28,Asia,336355864.3700000048,9.24,1095.41
Monthly,2010-02-28,Other,2462773964.9299998283,69.12,1095.41
Monthly,2010-03-31,North America,45286112092.5199966431,1262.71,1113.34
Monthly,2010-03-31,Europe,19525527970.5800018311,544.43,1113.34
Monthly,2010-03-31,Asia,351249970,9.69,1113.34
Monthly,2010-03-31,Other,2399200050,66.9,1113.34
Monthly,2010-04-30,North America,49030797116.4700012207,1293.22,1146.4
Monthly,2010-04-30,Europe,21355521098.3199996948,563.27,1146.4
Monthly,2010-04-30,Asia,380972102.0199999809,9.93,1146.4
Monthly,2010-04-30,Other,2483609677.1500000954,65.51,1146.4
Monthly,2010-05-31,North America,55066010229.4300003052,1418.42,1204.29
Monthly,2010-05-31,Europe,23716247829.6699981689,610.9,1204.29
Monthly,2010-05-31,Asia,393702760,9.93,1204.29
Monthly,2010-05-31,Other,2409006106.1399998665,62.05,1204.29
Monthly,2010-06-30,North America,58951099002.5500030518,1473.94,1232.92
Monthly,2010-06-30,Europe,25362357541.2799987793,634.13,1232.92
Monthly,2010-06-30,Asia,403189417.8500000238,9.96,1232.92
Monthly,2010-06-30,Other,2642872851.6700000763,66.08,1232.92
Monthly,2010-07-31,North America,54216222487.5400009155,1442.53,1192.97
Monthly,2010-07-31,Europe,23831153099.6300010681,634.07,1192.97
Monthly,2010-07-31,Asia,448066862.4300000072,11.73,1192.97
Monthly,2010-07-31,Other,2476149051.9200000763,65.88,1192.97
Monthly,2010-08-31,North America,58879844626.8300018311,1469.8,1216.68
Monthly,2010-08-31,Europe,26050610041.3499984741,650.29,1216.68
Monthly,2010-08-31,Asia,556838652.1399999857,13.86,1216.68
Monthly,2010-08-31,Other,2697786387.0999999046,67.34,1216.68
Monthly,2010-09-30,North America,62530320337.3899993896,1488.07,1270.98
Monthly,2010-09-30,Europe,28054815929.0499992371,667.64,1270.98
Monthly,2010-09-30,Asia,668204799.8600000143,15.69,1270.98
Monthly,2010-09-30,Other,2785786582.9299998283,66.3,1270.98
Monthly,2010-10-31,North America,64094326843.7699966431,1480.27,1342.02
Monthly,2010-10-31,Europe,29165014577.0099983215,673.57,1342.02
Monthly,2010-10-31,Asia,713980843.1699999571,16.2,1342.02
Monthly,2010-10-31,Other,2879510038.7100000381,66.5,1342.02
Monthly,2010-11-30,North America,65840303877.1299972534,1480.2,1369.89
Monthly,2010-11-30,Europe,30226121932.0900001526,679.54,1369.89
Monthly,2010-11-30,Asia,812856115.8999999762,18.22,1369.89
Monthly,2010-11-30,Other,3013550187.4400000572,67.75,1369.89
Monthly,2010-12-31,North America,67367409334.2300033569,1485.81,1390.1
Monthly,2010-12-31,Europe,31552999862.1800003052,695.91,1390.1
Monthly,2010-12-31,Asia,889973936.9400000572,19.38,1390.1
Monthly,2010-12-31,Other,3060196090.3400001526,67.49,1390.1
Monthly,2011-01-31,North America,60843389737.25,1426.1,1358.96
Monthly,2011-01-31,Europe,29041083396.4500007629,680.69,1358.96
Monthly,2011-01-31,Asia,875298300.2400000095,20.2,1358.96
Monthly,2011-01-31,Other,2854907813.9400000572,66.92,1358.96
Monthly,2011-02-28,North America,64415691152.0899963379,1419.95,1372.73
Monthly,2011-02-28,Europe,31073629598.3600006104,684.97,1372.73
Monthly,2011-02-28,Asia,935346408.6200000048,20.4,1372.73
Monthly,2011-02-28,Other,2945701506.6100001335,64.93,1372.73
Monthly,2011-03-31,North America,66064101033.7099990845,1427.95,1424.01
Monthly,2011-03-31,Europe,32397806821.8400001526,700.27,1424.01
Monthly,2011-03-31,Asia,1079652120.3299999237,23.26,1424.01
Monthly,2011-03-31,Other,2956521171.5900001526,63.9,1424.01
Monthly,2011-04-30,North America,72300370052.4900054932,1464.53,1479.62
Monthly,2011-04-30,Europe,35727967902.7300033569,723.71,1479.62
Monthly,2011-04-30,Asia,1233596244.5,24.73,1479.62
Monthly,2011-04-30,Other,3207806982.2100000381,64.98,1479.62
Monthly,2011-05-31,North America,71505457438.1199951172,1447.49,1512.6
Monthly,2011-05-31,Europe,35439396025.6299972534,717.4,1512.6
Monthly,2011-05-31,Asia,1284303727.6900000572,25.77,1512.6
Monthly,2011-05-31,Other,3136314539.7199997902,63.49,1512.6
Monthly,2011-06-30,North America,70277396313.5399932861,1451.92,1528.66
Monthly,2011-06-30,Europe,35183980410.0599975586,726.9,1528.66
Monthly,2011-06-30,Asia,1464076091.7000000477,29.83,1528.66
Monthly,2011-06-30,Other,3091408250.7800002098,63.87,1528.66
Monthly,2011-07-31,North America,79939873526.2400054932,1526.81,1572.81
Monthly,2011-07-31,Europe,40252551376.4800033569,768.8,1572.81
Monthly,2011-07-31,Asia,1589797388.2899999619,30.38,1572.81
Monthly,2011-07-31,Other,3344322795.3499999046,63.88,1572.81
Monthly,2011-08-31,North America,87945259712.8099975586,1508.36,1757.21
Monthly,2011-08-31,Europe,46018939752.9499969482,789.27,1757.21
Monthly,2011-08-31,Asia,1850970784.4900000095,31.77,1757.21
Monthly,2011-08-31,Other,3580834693.8899998665,61.41,1757.21
Monthly,2011-09-30,North America,78327788997.7200012207,1503.87,1771.85
Monthly,2011-09-30,Europe,40689292275.3099975586,781.22,1771.85
Monthly,2011-09-30,Asia,2066326828.7899999619,39.12,1771.85
Monthly,2011-09-30,Other,3151263002.9899997711,60.5,1771.85
Monthly,2011-10-31,North America,84083818898.3099975586,1518.76,1665.21
Monthly,2011-10-31,Europe,44533519850.75,804.38,1665.21
Monthly,2011-10-31,Asia,2329480101.1300001144,41.72,1665.21
Monthly,2011-10-31,Other,3207782905.3899998665,57.94,1665.21
Monthly,2011-11-30,North America,90527558368,1612.67,1738.98
Monthly,2011-11-30,Europe,46068013544.7799987793,820.66,1738.98
Monthly,2011-11-30,Asia,2312737935.8400001526,41.85,1738.98
Monthly,2011-11-30,Other,3172164993.3099999428,56.52,1738.98
Monthly,2011-12-31,North America,79017006133.7200012207,1569.66,1642.66
Monthly,2011-12-31,Europe,41662416606.0400009155,841.03,1642.66
Monthly,2011-12-31,Asia,2207251467.3899998665,43.38,1642.66
Monthly,2011-12-31,Other,2794054702.0999999046,56.41,1642.66
Monthly,2012-01-31,North America,89446365004.1199951172,1595.24,1652.41
Monthly,2012-01-31,Europe,46757126957.6699981689,833.89,1652.41
Monthly,2012-01-31,Asia,2464186926.2199997902,43.57,1652.41
Monthly,2012-01-31,Other,3136424424.0900001526,55.94,1652.41
Monthly,2012-02-29,North America,92370906447.5700073242,1623.2,1742.62
Monthly,2012-02-29,Europe,47363359603.3300018311,832.3,1742.62
Monthly,2012-02-29,Asia,2517823303.6999998093,43.42,1742.62
Monthly,2012-02-29,Other,3138172714.8600001335,55.14,1742.62
Monthly,2012-03-31,North America,86407790604.8099975586,1616.59,1673.77
Monthly,2012-03-31,Europe,45740796786.9499969482,855.76,1673.77
Monthly,2012-03-31,Asia,2487712606.2399997711,45.47,1673.77
Monthly,2012-03-31,Other,2953418085.4200000763,55.26,1673.77
Monthly,2012-04-30,North America,85352812303.8300018311,1607.73,1648.25
Monthly,2012-04-30,Europe,45644064346.5500030518,859.77,1648.25
Monthly,2012-04-30,Asia,2535540668.0999999046,46.18,1648.25
Monthly,2012-04-30,Other,2885371742.0300002098,54.34,1648.25
Monthly,2012-05-31,North America,79903809555.9100036621,1595.18,1588.04
Monthly,2012-05-31,Europe,41702787602.1200027466,832.54,1588.04
Monthly,2012-05-31,Asia,2392536740.0399999619,46.5,1588.04
Monthly,2012-05-31,Other,2687238236.5700001717,53.64,1588.04
Monthly,2012-06-30,North America,82698301720.2400054932,1609.14,1597.58
Monthly,2012-06-30,Europe,44307365405.9800033569,862.13,1597.58
Monthly,2012-06-30,Asia,2388731471.9299998283,45.49,1597.58
Monthly,2012-06-30,Other,2819020764.3699998856,54.86,1597.58
Monthly,2012-07-31,North America,82582627915.5099945068,1583.6,1593.91
Monthly,2012-07-31,Europe,45394534350.7699966431,870.49,1593.91
Monthly,2012-07-31,Asia,2438317355.2600002289,45.73,1593.91
Monthly,2012-07-31,Other,2923513133.1599998474,56.06,1593.91
Monthly,2012-08-31,North America,86336594171.6000061035,1628.98,1627.82
Monthly,2012-08-31,Europe,47967895181.4199981689,905.05,1627.82
Monthly,2012-08-31,Asia,2493667693.4600000381,45.4,1627.82
Monthly,2012-08-31,Other,2990778864.4800000191,56.43,1627.82
Monthly,2012-09-30,North America,95869194580.4400024414,1678.98,1744.45
Monthly,2012-09-30,Europe,53144526682.5699996948,930.73,1744.45
Monthly,2012-09-30,Asia,2730540270.1700000763,46.48,1744.45
Monthly,2012-09-30,Other,3356687448.6199998856,58.78,1744.45
Monthly,2012-10-31,North America,94112864439.4400024414,1702.87,1747.01
Monthly,2012-10-31,Europe,52477816145.9000015259,949.53,1747.01
Monthly,2012-10-31,Asia,2686386488.3600001335,47.18,1747.01
Monthly,2012-10-31,Other,3363424439.9899997711,60.86,1747.01
Monthly,2012-11-30,North America,95401443165.3099975586,1719.19,1721.14
Monthly,2012-11-30,Europe,53418321819.5899963379,962.63,1721.14
Monthly,2012-11-30,Asia,2752041392.5500001907,47.98,1721.14
Monthly,2012-11-30,Other,3412407657.5799999237,61.49,1721.14
Monthly,2012-12-31,North America,92426897784.0599975586,1727.64,1683.64
Monthly,2012-12-31,Europe,51561052727.7200012207,963.78,1683.64
Monthly,2012-12-31,Asia,2732943359.7399997711,49.54,1683.64
Monthly,2012-12-31,Other,3319542197.1900000572,62.05,1683.64
Monthly,2013-01-31,North America,91412954890.25,1707.92,1670.65
Monthly,2013-01-31,Europe,51372398870.3899993896,959.82,1670.65
Monthly,2013-01-31,Asia,2808331493.8699998856,50.15,1670.65
Monthly,2013-01-31,Other,3366292784.0999999046,62.89,1670.65
Monthly,2013-02-28,North America,83303802649.6300048828,1631.12,1627.59
Monthly,2013-02-28,Europe,47035498496.7300033569,920.97,1627.59
Monthly,2013-02-28,Asia,2621121973.5599999428,48.66,1627.59
Monthly,2013-02-28,Other,3151819088.9800000191,61.71,1627.59
Monthly,2013-03-31,North America,81815847463.5,1592.21,1593.12
Monthly,2013-03-31,Europe,46697460834.9499969482,908.78,1593.12
Monthly,2013-03-31,Asia,2653215274.6999998093,49.6,1593.12
Monthly,2013-03-31,Other,3164316185.2300000191,61.58,1593.12
Monthly,2013-04-30,North America,67620468550.3899993896,1431.74,1490.23
Monthly,2013-04-30,Europe,41947838065.5899963379,888.17,1490.23
Monthly,2013-04-30,Asia,2479058683.0599999428,49.7,1490.23
Monthly,2013-04-30,Other,3002452783.8200001717,63.57,1490.23
Monthly,2013-05-31,North America,60737440457.7300033569,1354.71,1414.91
Monthly,2013-05-31,Europe,36776285077.5,820.27,1414.91
Monthly,2013-05-31,Asia,2346017357.9899997711,49.41,1414.91
Monthly,2013-05-31,Other,2749608643.3400001526,61.32,1414.91
Monthly,2013-06-30,North America,49890681256.9100036621,1301.82,1342.36
Monthly,2013-06-30,Europe,30003377267.7200012207,782.89,1342.36
Monthly,2013-06-30,Asia,2019250566.6600000858,47.83,1342.36
Monthly,2013-06-30,Other,2223815864.5300002098,58.02,1342.36
Monthly,2013-07-31,North America,53151292005.1500015259,1257.66,1286.72
Monthly,2013-07-31,Europe,31755332108.2000007629,751.39,1286.72
Monthly,2013-07-31,Asia,2301500938.5399999619,50.16,1286.72
Monthly,2013-07-31,Other,2413882565.9699997902,57.11,1286.72
Monthly,2013-08-31,North America,56024304516.0400009155,1249.36,1348.48
Monthly,2013-08-31,Europe,33105515274.2799987793,738.27,1348.48
Monthly,2013-08-31,Asia,2313051227.5999999046,48.76,1348.48
Monthly,2013-08-31,Other,2530639829.9299998283,56.44,1348.48
Monthly,2013-09-30,North America,52685391039.2300033569,1235.36,1348.8
Monthly,2013-09-30,Europe,31128082127.1199989319,729.88,1348.8
Monthly,2013-09-30,Asia,2182669564.75,46.6,1348.8
Monthly,2013-09-30,Other,2367132561.7600002289,55.5,1348.8
Monthly,2013-10-31,North America,50836680736.0899963379,1194.26,1316.18
Monthly,2013-10-31,Europe,30587835963.7900009155,718.57,1316.18
Monthly,2013-10-31,Asia,2131573257.2999999523,44.62,1316.18
Monthly,2013-10-31,Other,2361042416.3400001526,55.46,1316.18
Monthly,2013-11-30,North America,46786031632.8000030518,1161.38,1275.82
Monthly,2013-11-30,Europe,28369562873.4900016785,704.22,1275.82
Monthly,2013-11-30,Asia,2005190370.0499999523,43.29,1275.82
Monthly,2013-11-30,Other,2234043696.1799998283,55.46,1275.82
Monthly,2013-12-31,North America,42833848991.5599975586,1108.85,1220.38
Monthly,2013-12-31,Europe,25746474343.7700004578,666.5,1220.38
Monthly,2013-12-31,Asia,1935792763.8800001144,43.46,1220.38
Monthly,2013-12-31,Other,2123666545.5,54.98,1220.38
Monthly,2014-01-31,North America,44113637391.9899978638,1096.79,1242.91
Monthly,2014-01-31,Europe,26152617585.4300003052,650.23,1242.91
Monthly,2014-01-31,Asia,1940420395.1600000858,42.77,1242.91
Monthly,2014-01-31,Other,2212942418.4800000191,55.02,1242.91
Monthly,2014-02-28,North America,47201047948.4499969482,1106.76,1300.98
Monthly,2014-02-28,Europe,27815412640.9700012207,652.21,1300.98
Monthly,2014-02-28,Asia,2031541015.5399999619,42.81,1300.98
Monthly,2014-02-28,Other,2280610056.2800002098,53.47,1300.98
Monthly,2014-03-31,North America,46378871752.9000015259,1116.74,1336.08
Monthly,2014-03-31,Europe,27142854363.9700012207,653.56,1336.08
Monthly,2014-03-31,Asia,1946580080.4500000477,42.28,1336.08
Monthly,2014-03-31,Other,2202654137.9899997711,53.04,1336.08
Monthly,2014-04-30,North America,45195381647.0999984741,1090.98,1299
Monthly,2014-04-30,Europe,27573733858.5900001526,665.61,1299
Monthly,2014-04-30,Asia,1913759700.5,40.6,1299
Monthly,2014-04-30,Other,2233812008.0500001907,53.92,1299
Monthly,2014-05-31,North America,43742448323.3099975586,1088,1287.42
Monthly,2014-05-31,Europe,26512129131.1500015259,659.43,1287.42
Monthly,2014-05-31,Asia,1793090257.9100000858,40.82,1287.42
Monthly,2014-05-31,Other,2192834135.0599999428,54.54,1287.42
Monthly,2014-06-30,North America,46307580133.0800018311,1095.31,1279.1
Monthly,2014-06-30,Europe,27549472641.0600013733,651.62,1279.1
Monthly,2014-06-30,Asia,1850390323.1300001144,40.73,1279.1
Monthly,2014-06-30,Other,2331481984.6100001335,55.15,1279.1
Monthly,2014-07-31,North America,45721815479.4100036621,1106.48,1310.97
Monthly,2014-07-31,Europe,26822819848.4599990845,649.12,1310.97
Monthly,2014-07-31,Asia,1800771198.7300000191,40.43,1310.97
Monthly,2014-07-31,Other,2277961627.0999999046,55.12,1310.97
Monthly,2014-08-31,North America,45407927346.75,1098.46,1295.1
Monthly,2014-08-31,Europe,26907105067.5299987793,650.91,1295.1
Monthly,2014-08-31,Asia,1784659772.8399999142,40.01,1295.1
Monthly,2014-08-31,Other,2112694964.3399999142,51.11,1295.1
Monthly,2014-09-30,North America,41824567840.5500030518,1069.37,1238.82
Monthly,2014-09-30,Europe,24786796921.5699996948,633.75,1238.82
Monthly,2014-09-30,Asia,1678438436.8800001144,40.05,1238.82
Monthly,2014-09-30,Other,2039740323.8099999428,52.15,1238.82
Monthly,2014-10-31,North America,38922058717.3600006104,1039.82,1222.49
Monthly,2014-10-31,Europe,23724215327.8800010681,633.8,1222.49
Monthly,2014-10-31,Asia,1644476823.0199999809,40.41,1222.49
Monthly,2014-10-31,Other,1976551493.75,52.8,1222.49
Monthly,2014-11-30,North America,38565975956.3799972534,1014.19,1176.3
Monthly,2014-11-30,Europe,23850253026.9000015259,627.2,1176.3
Monthly,2014-11-30,Asia,1634939447.9800000191,40.17,1176.3
Monthly,2014-11-30,Other,1857655928.6800000668,48.85,1176.3
Monthly,2014-12-31,North America,38651702138.7399978638,1002.46,1198.86
Monthly,2014-12-31,Europe,23986023476.8300018311,622.1,1198.86
Monthly,2014-12-31,Asia,1645717869.2000000477,40.03,1198.86
Monthly,2014-12-31,Other,1809823097.4700000286,46.94,1198.86
Monthly,2015-01-31,North America,42833809150.5,1057.16,1249.45
Monthly,2015-01-31,Europe,25479323838.1500015259,628.84,1249.45
Monthly,2015-01-31,Asia,1683341583.7799999714,38.9,1249.45
Monthly,2015-01-31,Other,1869611392.2999999523,46.14,1249.45
Monthly,2015-02-28,North America,41686754325.3300018311,1068.04,1227.19
Monthly,2015-02-28,Europe,25035938219.0499992371,641.44,1227.19
Monthly,2015-02-28,Asia,1623506304.5299999714,38.94,1227.19
Monthly,2015-02-28,Other,1677233505.2400000095,42.97,1227.19
Monthly,2015-03-31,North America,39384067257.8399963379,1032,1178.63
Monthly,2015-03-31,Europe,23812953685.7099990845,623.98,1178.63
Monthly,2015-03-31,Asia,1654870873.1199998856,40.78,1178.63
Monthly,2015-03-31,Other,1625312741.8199999332,42.59,1178.63
Monthly,2015-04-30,North America,39276796871.8199996948,1035.07,1197.96
Monthly,2015-04-30,Europe,23921855691.3100013733,630.42,1197.96
Monthly,2015-04-30,Asia,1674343152.7599999905,40.83,1197.96
Monthly,2015-04-30,Other,1538833270.6600000858,40.55,1197.96
Monthly,2015-05-31,North America,38765537798.6800003052,1012.04,1198.19
Monthly,2015-05-31,Europe,24292330189.7000007629,634.19,1198.19
Monthly,2015-05-31,Asia,1624400383.9100000858,39.92,1198.19
Monthly,2015-05-31,Other,1538992323.4400000572,40.18,1198.19
Monthly,2015-06-30,North America,37953296587.3399963379,1008.1,1181.5
Monthly,2015-06-30,Europe,23778155332.5499992371,631.58,1181.5
Monthly,2015-06-30,Asia,1627299015.7400000095,40.62,1181.5
Monthly,2015-06-30,Other,1467105803.2999999523,38.97,1181.5
Monthly,2015-07-31,North America,34003287863.7599983215,962.87,1130.04
Monthly,2015-07-31,Europe,21356061228.0900001526,604.74,1130.04
Monthly,2015-07-31,Asia,1511898551.0999999046,40.84,1130.04
Monthly,2015-07-31,Other,1336659294.5399999619,37.86,1130.04
Monthly,2015-08-31,North America,35428754541.8499984741,970.89,1118.31
Monthly,2015-08-31,Europe,21988611283.8400001526,602.57,1118.31
Monthly,2015-08-31,Asia,1665371297.8099999428,43.31,1118.31
Monthly,2015-08-31,Other,1319516736.3399999142,36.16,1118.31
Monthly,2015-09-30,North America,34884890811.5199966431,974,1124.53
Monthly,2015-09-30,Europe,21349093654.1199989319,596.08,1124.53
Monthly,2015-09-30,Asia,1643681276.25,43.09,1124.53
Monthly,2015-09-30,Other,1464866805.4600000381,40.9,1124.53
Monthly,2015-10-31,North America,35975651162.3099975586,979.53,1159.25
Monthly,2015-10-31,Europe,22017840145.5699996948,599.49,1159.25
Monthly,2015-10-31,Asia,1661516714.6500000954,42.71,1159.25
Monthly,2015-10-31,Other,1524920434.6400001049,41.52,1159.25
Monthly,2015-11-30,North America,32041827198.3600006104,938.52,1085.7
Monthly,2015-11-30,Europe,20197306254.8400001526,591.59,1085.7
Monthly,2015-11-30,Asia,1586888924.3900001049,44.19,1085.7
Monthly,2015-11-30,Other,1398588179.2999999523,40.97,1085.7
Monthly,2015-12-31,North America,31379712545.7700004578,918.82,1068.47
Monthly,2015-12-31,Europe,19863523975.3699989319,581.62,1068.47
Monthly,2015-12-31,Asia,1687889006.5399999619,46.85,1068.47
Monthly,2015-12-31,Other,1387692485.4600000381,40.63,1068.47
Monthly,2016-01-31,North America,34277249976.7799987793,958.93,1095.7
Monthly,2016-01-31,Europe,21321139789.0600013733,596.48,1095.7
Monthly,2016-01-31,Asia,1794629977.6400001049,47.92,1095.7
Monthly,2016-01-31,Other,1446488525.9000000954,40.47,1095.7
Monthly,2016-02-29,North America,43277479757.8199996948,1090.03,1199.91
Monthly,2016-02-29,Europe,26511003165.6500015259,667.73,1199.91
Monthly,2016-02-29,Asia,2193377439.5799999237,53.61,1199.91
Monthly,2016-02-29,Other,1603676642.0999999046,40.39,1199.91
Monthly,2016-03-31,North America,44863334650,1128.06,1244.13
Monthly,2016-03-31,Europe,27818421202.25,699.47,1244.13
Monthly,2016-03-31,Asia,2439708701.1100001335,59.81,1244.13
Monthly,2016-03-31,Other,1775514592.0199999809,44.65,1244.13
Monthly,2016-04-30,North America,46126896419.8000030518,1115.94,1242.26
Monthly,2016-04-30,Europe,29719834391.1100006104,719.01,1242.26
Monthly,2016-04-30,Asia,2489681172.5100002289,58.62,1242.26
Monthly,2016-04-30,Other,1887619336.0599999428,45.67,1242.26
Monthly,2016-05-31,North America,46412402474.7200012207,1190.98,1258.63
Monthly,2016-05-31,Europe,28704362535.7599983215,736.58,1258.63
Monthly,2016-05-31,Asia,2514105645.7300000191,62.37,1258.63
Monthly,2016-05-31,Other,1817704090.5599999428,46.64,1258.63
Monthly,2016-06-30,North America,54528028009.3300018311,1284.13,1276.4
Monthly,2016-06-30,Europe,32815801295.25,772.81,1276.4
Monthly,2016-06-30,Asia,2803171606.2199997902,64.81,1276.4
Monthly,2016-06-30,Other,2010394609.7000000477,47.35,1276.4
Monthly,2016-07-31,North America,56302508552.8499984741,1304.92,1337.33
Monthly,2016-07-31,Europe,35388095537.5800018311,820.19,1337.33
Monthly,2016-07-31,Asia,3272462124,74.32,1337.33
Monthly,2016-07-31,Other,2155487148.4299998283,49.96,1337.33
Monthly,2016-08-31,North America,54597676993.9300003052,1297.06,1340.12
Monthly,2016-08-31,Europe,35845355452.8300018311,851.57,1340.12
Monthly,2016-08-31,Asia,3220968270.4699997902,74.28,1340.12
Monthly,2016-08-31,Other,2194267140.3600001335,52.12,1340.12
Monthly,2016-09-30,North America,55419255576.7600021362,1303.39,1326.03
Monthly,2016-09-30,Europe,37708957842.0599975586,886.87,1326.03
Monthly,2016-09-30,Asia,3286539346.9899997711,75.06,1326.03
Monthly,2016-09-30,Other,2170236373.0999999046,51.04,1326.03
Monthly,2016-10-31,North America,53303283996.0599975586,1303.39,1266.57
Monthly,2016-10-31,Europe,36997184561.0699996948,904.67,1266.57
Monthly,2016-10-31,Asia,3412166005.2899999619,81.03,1266.57
Monthly,2016-10-31,Other,2094337018.3399999142,51.21,1266.57
Monthly,2016-11-30,North America,46038685289.6999969482,1215.49,1235.98
Monthly,2016-11-30,Europe,33388912214.9199981689,881.51,1235.98
Monthly,2016-11-30,Asia,3155391749.4000000954,79.94,1235.98
Monthly,2016-11-30,Other,1788130534.9200000763,47.2,1235.98
Monthly,2016-12-31,North America,42702755738.1500015259,1145.89,1148.97
Monthly,2016-12-31,Europe,31765294099.7299995422,852.4,1148.97
Monthly,2016-12-31,Asia,3356475287.3800001144,87.01,1148.97
Monthly,2016-12-31,Other,1703518945.6600000858,45.71,1148.97
Monthly,2017-01-31,North America,43970302470.3600006104,1127.66,1191.09
Monthly,2017-01-31,Europe,34671889708.5299987793,889.2,1191.09
Monthly,2017-01-31,Asia,3476198624.2199997902,87.51,1191.09
Monthly,2017-01-31,Other,1771031184.6600000858,45.43,1191.09
Monthly,2017-02-28,North America,47296576383.4400024414,1171.62,1234.36
Monthly,2017-02-28,Europe,37621130567.5500030518,931.94,1234.36
Monthly,2017-02-28,Asia,3646250081.0599999428,87.42,1234.36
Monthly,2017-02-28,Other,1975268868.6099998951,48.93,1234.36
Monthly,2017-03-31,North America,46451464349.6999969482,1160.62,1231.09
Monthly,2017-03-31,Europe,38043267592.8199996948,950.54,1231.09
Monthly,2017-03-31,Asia,3307388656.7600002289,80.26,1231.09
Monthly,2017-03-31,Other,1970691580.7999999523,49.24,1231.09
Monthly,2017-04-30,North America,48280515435.0299987793,1185.75,1267.48
Monthly,2017-04-30,Europe,38820460105.3799972534,953.41,1267.48
Monthly,2017-04-30,Asia,3154854370.1199998856,75.15,1267.48
Monthly,2017-04-30,Other,2013492067.3699998856,49.45,1267.48
Monthly,2017-05-31,North America,47981132413.6399993896,1178.63,1246.81
Monthly,2017-05-31,Europe,39697708918.3199996948,975.15,1246.81
Monthly,2017-05-31,Asia,3040253374.2300000191,72.66,1246.81
Monthly,2017-05-31,Other,1978954435.3199999332,48.61,1246.81
Monthly,2017-06-30,North America,47576511201.7200012207,1191.22,1260.26
Monthly,2017-06-30,Europe,39354317658.9800033569,985.35,1260.26
Monthly,2017-06-30,Asia,3203904119.6399998665,77.63,1260.26
Monthly,2017-06-30,Other,1956342414.7200000286,48.98,1260.26
Monthly,2017-07-31,North America,46078033584.5,1130.67,1236.22
Monthly,2017-07-31,Europe,40642081279.7099990845,997.29,1236.22
Monthly,2017-07-31,Asia,3245151295.9099998474,77.79,1236.22
Monthly,2017-07-31,Other,1944236031.1099998951,47.71,1236.22
Monthly,2017-08-31,North America,49022638565.4199981689,1162.4,1282.45
Monthly,2017-08-31,Europe,42376726300.0500030518,1004.81,1282.45
Monthly,2017-08-31,Asia,3256242729.1199998856,75.66,1282.45
Monthly,2017-08-31,Other,1999655004.4800000191,47.42,1282.45
Monthly,2017-09-30,North America,50389082888.0500030518,1221.48,1314.98
Monthly,2017-09-30,Europe,41159554786.3499984741,997.74,1314.98
Monthly,2017-09-30,Asia,2916688883.1799998283,68.38,1314.98
Monthly,2017-09-30,Other,1974184908.6400001049,47.85,1314.98
Monthly,2017-10-31,North America,49562688740.8799972534,1213.69,1279.51
Monthly,2017-10-31,Europe,41173706108.2099990845,1008.26,1279.51
Monthly,2017-10-31,Asia,2902285849.1199998856,68.69,1279.51
Monthly,2017-10-31,Other,1924477429.5,47.12,1279.51
Monthly,2017-11-30,North America,49740190738.2099990845,1208.48,1282.28
Monthly,2017-11-30,Europe,42352234214.3399963379,1028.98,1282.28
Monthly,2017-11-30,Asia,2913998769.0799999237,68.75,1282.28
Monthly,2017-11-30,Other,1901669650.1800000668,46.2,1282.28
Monthly,2017-12-31,North America,51727574956.3700027466,1240.96,1263.9
Monthly,2017-12-31,Europe,43046621230.4499969482,1032.7,1263.9
Monthly,2017-12-31,Asia,3541528669.8499999046,82.96,1263.9
Monthly,2017-12-31,Other,1879590236.0799999237,45.09,1263.9
Monthly,2018-01-31,North America,54644450977.9499969482,1263.62,1330.14
Monthly,2018-01-31,Europe,45043301277.3799972534,1041.6,1330.14
Monthly,2018-01-31,Asia,3623179197.2699999809,81.88,1330.14
Monthly,2018-01-31,Other,1945557494.3099999428,44.99,1330.14
Monthly,2018-02-28,North America,53299730068.9300003052,1257.96,1331.53
Monthly,2018-02-28,Europe,43774410111.4499969482,1033.15,1331.53
Monthly,2018-02-28,Asia,3859730571.0900001526,88.98,1331.53
Monthly,2018-02-28,Other,1878117709.6800000668,44.32,1331.53
Monthly,2018-03-31,North America,54380920943.25,1277.66,1324.62
Monthly,2018-03-31,Europe,43975314040.8300018311,1033.19,1324.62
Monthly,2018-03-31,Asia,3358909004.2100000381,76.7,1324.62
Monthly,2018-03-31,Other,1846184758.0099999905,43.38,1324.62
Monthly,2018-04-30,North America,55780863007.1699981689,1321.18,1334.22
Monthly,2018-04-30,Europe,44524056809.5199966431,1054.56,1334.22
Monthly,2018-04-30,Asia,3416178130.5999999046,78.84,1334.22
Monthly,2018-04-30,Other,1788961404.8699998856,42.37,1334.22
Monthly,2018-05-31,North America,54203501422.5199966431,1291.54,1303.32
Monthly,2018-05-31,Europe,45397349654.5999984741,1081.71,1303.32
Monthly,2018-05-31,Asia,4231309610.8699998856,99.19,1303.32
Monthly,2018-05-31,Other,1682243045.2300000191,40.09,1303.32
Monthly,2018-06-30,North America,50138263865.8600006104,1247.13,1281.57
Monthly,2018-06-30,Europe,43500836656.9100036621,1082.03,1281.57
Monthly,2018-06-30,Asia,3839822487.9400000572,93.64,1281.57
Monthly,2018-06-30,Other,1530780095.2799999714,38.07,1281.57
Monthly,2018-07-31,North America,47972068788.6600036621,1222.08,1238.53
Monthly,2018-07-31,Europe,42161739314.75,1074.06,1238.53
Monthly,2018-07-31,Asia,3542364125.5,88.52,1238.53
Monthly,2018-07-31,Other,1458154434.4400000572,37.15,1238.53
Monthly,2018-08-31,North America,45529408541.8899993896,1177.7,1201.09
Monthly,2018-08-31,Europe,41709506900.5699996948,1078.89,1201.09
Monthly,2018-08-31,Asia,3548505208.7199997902,89.74,1201.09
Monthly,2018-08-31,Other,1378514156.0199999809,35.65,1201.09
Monthly,2018-09-30,North America,44720375950.5500030518,1171.58,1198.47
Monthly,2018-09-30,Europe,40767137649.0800018311,1068.01,1198.47
Monthly,2018-09-30,Asia,3201656248.3699998856,82.15,1198.47
Monthly,2018-09-30,Other,1351069831.3299999237,34.82,1198.47
Monthly,2018-10-31,North America,46247338754.6200027466,1183.96,1215.39
Monthly,2018-10-31,Europe,42132069158.4199981689,1078.61,1215.39
Monthly,2018-10-31,Asia,3017636329.3800001144,75.53,1215.39
Monthly,2018-10-31,Other,1362239246.5799999237,35.23,1215.39
Monthly,2018-11-30,North America,46684567369.4000015259,1192.6,1220.95
Monthly,2018-11-30,Europe,42592446445.6299972534,1088.06,1220.95
Monthly,2018-11-30,Asia,3103414812.5,77.24,1220.95
Monthly,2018-11-30,Other,1376326693.5799999237,35.14,1220.95
Monthly,2018-12-31,North America,50628809978.0500030518,1228.68,1251.43
Monthly,2018-12-31,Europe,46627492207.1399993896,1131.57,1251.43
Monthly,2018-12-31,Asia,3267175852.9299998283,77.62,1251.43
Monthly,2018-12-31,Other,1407272217.0499999523,34.1,1251.43
Monthly,2019-01-31,North America,54536865979.8300018311,1281.91,1291.31
Monthly,2019-01-31,Europe,49169677423.4400024414,1155.75,1291.31
Monthly,2019-01-31,Asia,3368203046.8600001335,77.49,1291.31
Monthly,2019-01-31,Other,1459313654.9300000668,34.04,1291.31
Monthly,2019-02-28,North America,53130213384.0800018311,1252.73,1320.07
Monthly,2019-02-28,Europe,48939578702.0599975586,1153.92,1320.07
Monthly,2019-02-28,Asia,3217981101.1799998283,74.06,1320.07
Monthly,2019-02-28,Other,1430257287.8900001049,33.86,1320.07
Monthly,2019-03-31,North America,52284619299.5599975586,1255.39,1300.9
Monthly,2019-03-31,Europe,48006012677.4700012207,1152.66,1300.9
Monthly,2019-03-31,Asia,3096117371.5100002289,72.83,1300.9
Monthly,2019-03-31,Other,1429731873.0399999619,34.02,1300.9
Monthly,2019-04-30,North America,49854268867.1500015259,1209.27,1285.47
Monthly,2019-04-30,Europe,47098984167.2200012207,1142.43,1285.47
Monthly,2019-04-30,Asia,2971849951.0599999428,70.1,1285.47
Monthly,2019-04-30,Other,1397086562.9300000668,33.81,1285.47
Monthly,2019-05-31,North America,49803616796.2600021362,1195.68,1283.65
Monthly,2019-05-31,Europe,48330661923.9300003052,1160.32,1283.65
Monthly,2019-05-31,Asia,2826269364.0300002098,65.93,1283.65
Monthly,2019-05-31,Other,1386802744.7300000191,33.2,1283.65
Monthly,2019-06-30,North America,57063863403.7399978638,1259.68,1359.04
Monthly,2019-06-30,Europe,55584356753.8399963379,1227.02,1359.04
Monthly,2019-06-30,Asia,3176393757.0799999237,68.34,1359.04
Monthly,2019-06-30,Other,1527234702.3299999237,33.52,1359.04
Monthly,2019-07-31,North America,59800576817.1299972534,1302.94,1412.98
Monthly,2019-07-31,Europe,56853381032.7300033569,1238.72,1412.98
Monthly,2019-07-31,Asia,3267136653.5,69.21,1412.98
Monthly,2019-07-31,Other,1604598625.3099999428,35.22,1412.98
Monthly,2019-08-31,North America,67863713274.1800003052,1381.05,1499.03
Monthly,2019-08-31,Europe,62591687954.0899963379,1273.76,1499.03
Monthly,2019-08-31,Asia,3978012580.9400000572,79.21,1499.03
Monthly,2019-08-31,Other,1964207439.2200000286,39.82,1499.03
Monthly,2019-09-30,North America,68873981482.6799926758,1442.28,1511.31
Monthly,2019-09-30,Europe,61366528054.4700012207,1285.07,1511.31
Monthly,2019-09-30,Asia,4033633947.5300002098,82.33,1511.31
Monthly,2019-09-30,Other,1974780714.1300001144,41.25,1511.31
Monthly,2019-10-31,North America,70698902396.5700073242,1455.36,1494.8
Monthly,2019-10-31,Europe,63808673483.0299987793,1313.53,1494.8
Monthly,2019-10-31,Asia,4051214196.6599998474,81.92,1494.8
Monthly,2019-10-31,Other,1993739807.7300000191,41.97,1494.8
Monthly,2019-11-30,North America,67536692879.8700027466,1438.64,1470.02
Monthly,2019-11-30,Europe,60976055227.5100021362,1298.89,1470.02
Monthly,2019-11-30,Asia,3821583335.9800000191,79.38,1470.02
Monthly,2019-11-30,Other,2109663277.0699999332,44.97,1470.02
Monthly,2019-12-31,North America,70380154941.9600067139,1437.34,1480.2
Monthly,2019-12-31,Europe,64436643468.8799972534,1315.96,1480.2
Monthly,2019-12-31,Asia,3879947710.6599998474,77.55,1480.2
Monthly,2019-12-31,Other,2186593321.9200000763,44.72,1480.2
Monthly,2020-01-31,North America,74696881098.6399993896,1466.57,1559.03
Monthly,2020-01-31,Europe,68753815274.5800018311,1349.88,1559.03
Monthly,2020-01-31,Asia,3972146959.4699997902,76.7,1559.03
Monthly,2020-01-31,Other,2270987653.9499998093,45.27,1559.03
Monthly,2020-02-29,North America,78091439367.3300018311,1508.78,1597.1
Monthly,2020-02-29,Europe,71693990486.1000061035,1385.18,1597.1
Monthly,2020-02-29,Asia,4547906730.8100004196,84.67,1597.1
Monthly,2020-02-29,Other,2380595078.9499998093,45.97,1597.1
Monthly,2020-03-31,North America,80998570026.0200042725,1565.83,1591.93
Monthly,2020-03-31,Europe,75967529743.9799957275,1468.57,1591.93
Monthly,2020-03-31,Asia,4773631378.25,91.41,1591.93
Monthly,2020-03-31,Other,2620490244.5199999809,50.66,1591.93
Monthly,2020-04-30,North America,93617133695.8699951172,1710.07,1682.72
Monthly,2020-04-30,Europe,81821263385.5500030518,1494.6,1682.72
Monthly,2020-04-30,Asia,5430098720.0900001526,99.95,1682.72
Monthly,2020-04-30,Other,2941441058.9099998474,53.71,1682.72
Monthly,2020-05-31,North America,100723510827.8699951172,1812.26,1716.61
Monthly,2020-05-31,Europe,85609434826.3000030518,1540.32,1716.61
Monthly,2020-05-31,Asia,5726835871.5600004196,104.41,1716.61
Monthly,2020-05-31,Other,3131697610.0999999046,56.35,1716.61
Monthly,2020-06-30,North America,107745428302.6699981689,1895.4,1732.22
Monthly,2020-06-30,Europe,88392667517.0500030518,1554.96,1732.22
Monthly,2020-06-30,Asia,5806519741.970000267,99.89,1732.22
Monthly,2020-06-30,Other,3373098829.9499998093,59.33,1732.22
Monthly,2020-07-31,North America,127167310532.8099975586,2013,1843.31
Monthly,2020-07-31,Europe,101021877227.1399993896,1599.13,1843.31
Monthly,2020-07-31,Asia,6754784176.3299999237,105.37,1843.31
Monthly,2020-07-31,Other,3974560740.75,62.9,1843.31
Monthly,2020-08-31,North America,129114971577.2400054932,2051.72,1968.03
Monthly,2020-08-31,Europe,99954408464.3200073242,1588.34,1968.03
Monthly,2020-08-31,Asia,7226295232.1400003433,113.6,1968.03
Monthly,2020-08-31,Other,4076860331.4299998283,64.79,1968.03
Monthly,2020-09-30,North America,126574858120.7599945068,2086.45,1922.21
Monthly,2020-09-30,Europe,98381737483.8200073242,1621.72,1922.21
Monthly,2020-09-30,Asia,7389795829.4600000381,119.88,1922.21
Monthly,2020-09-30,Other,3969061349.0300002098,65.43,1922.21
Monthly,2020-10-31,North America,126348752821.8000030518,2088.31,1900.28
Monthly,2020-10-31,Europe,99503056671.1399993896,1644.6,1900.28
Monthly,2020-10-31,Asia,7347739399.1000003815,119.53,1900.28
Monthly,2020-10-31,Other,3789634786.7199997902,62.65,1900.28
Monthly,2020-11-30,North America,114808640858.4700012207,2026.01,1863.49
Monthly,2020-11-30,Europe,90558436469.6900024414,1598.07,1863.49
Monthly,2020-11-30,Asia,6881421745.5,117.28,1863.49
Monthly,2020-11-30,Other,3435364391.6199998856,60.6,1863.49
Monthly,2020-12-31,North America,121618344076.5700073242,2000.29,1859.65
Monthly,2020-12-31,Europe,96769665094.9199981689,1591.6,1859.65
Monthly,2020-12-31,Asia,7151927949.5,115.14,1859.65
Monthly,2020-12-31,Other,3714134752.7899999619,61.09,1859.65
Monthly,2021-01-31,North America,119491655637.8699951172,1994.1,1868.13
Monthly,2021-01-31,Europe,96649199603.7899932861,1612.9,1868.13
Monthly,2021-01-31,Asia,7113513602.279999733,115.38,1868.13
Monthly,2021-01-31,Other,3818710751.2300000191,63.76,1868.13
Monthly,2021-02-28,North America,107793216173.4700012207,1923.71,1808.18
Monthly,2021-02-28,Europe,89202868199.4199981689,1591.94,1808.18
Monthly,2021-02-28,Asia,7308020674.8299999237,125.47,1808.18
Monthly,2021-02-28,Other,3554085135.1900000572,63.37,1808.18
Monthly,2021-03-31,North America,100850538985.6100006104,1854.94,1718.23
Monthly,2021-03-31,Europe,83810885789.4400024414,1541.53,1718.23
Monthly,2021-03-31,Asia,7416284372.3400001526,132.91,1718.23
Monthly,2021-03-31,Other,3402079683.5199999809,62.59,1718.23
Monthly,2021-04-30,North America,103802468821.8000030518,1826.5,1758.44
Monthly,2021-04-30,Europe,88343250292.7899932861,1554.48,1758.44
Monthly,2021-04-30,Asia,7799275017.8400001526,132.4,1758.44
Monthly,2021-04-30,Other,3558284827.8699998856,62.61,1758.44
Monthly,2021-05-31,North America,113682237493.6699981689,1861.06,1851.37
Monthly,2021-05-31,Europe,96855854816.9299926758,1585.6,1851.37
Monthly,2021-05-31,Asia,8113322664.9099998474,128.83,1851.37
Monthly,2021-05-31,Other,3761192344.0700001717,61.59,1851.37
Monthly,2021-06-30,North America,106060953499.1799926758,1871.01,1834.57
Monthly,2021-06-30,Europe,88990294584.0099945068,1569.87,1834.57
Monthly,2021-06-30,Asia,7620915684.8999996185,131.14,1834.57
Monthly,2021-06-30,Other,3440654446.4200000763,60.71,1834.57
Monthly,2021-07-31,North America,109367110094.8600006104,1863.18,1807.09
Monthly,2021-07-31,Europe,93282404177.1199951172,1589.16,1807.09
Monthly,2021-07-31,Asia,7990207345.9899997711,132.24,1807.09
Monthly,2021-07-31,Other,3570358159.1199998856,60.82,1807.09
Monthly,2021-08-31,North America,106826056655.8500061035,1830.82,1784.63
Monthly,2021-08-31,Europe,93193741891.3300018311,1597.18,1784.63
Monthly,2021-08-31,Asia,7975306423.5100002289,132.94,1784.63
Monthly,2021-08-31,Other,3524551555.5199999809,60.41,1784.63
Monthly,2021-09-30,North America,102279655490.3899993896,1825.37,1777.25
Monthly,2021-09-30,Europe,88623661772.2100067139,1581.65,1777.25
Monthly,2021-09-30,Asia,7776306478.1099996567,135.28,1777.25
Monthly,2021-09-30,Other,3394384195.4200000763,60.6,1777.25
Monthly,2021-10-31,North America,102914822605.2899932861,1809.35,1776.85
Monthly,2021-10-31,Europe,89336214127.9700012207,1570.62,1776.85
Monthly,2021-10-31,Asia,8126609234.1099996567,137.1,1776.85
Monthly,2021-10-31,Other,3470189180.5199999809,60.95,1776.85
Monthly,2021-11-30,North America,105649248399.8099975586,1821.14,1820.23
Monthly,2021-11-30,Europe,91160991288.8500061035,1571.39,1820.23
Monthly,2021-11-30,Asia,7861805466.8599996567,132.01,1820.23
Monthly,2021-11-30,Other,3587229392.4800000191,61.85,1820.23
Monthly,2021-12-31,North America,105273654335.2100067139,1799.01,1788.03
Monthly,2021-12-31,Europe,92444888862.3300018311,1579.78,1788.03
Monthly,2021-12-31,Asia,8424958955.8000001907,140.16,1788.03
Monthly,2021-12-31,Other,3542808343.4899997711,60.54,1788.03
Monthly,2022-01-31,North America,106674531072.0200042725,1848.18,1816.92
Monthly,2022-01-31,Europe,91570694464.8000030518,1586.5,1816.92
Monthly,2022-01-31,Asia,7761607227.6300001144,130.17,1816.92
Monthly,2022-01-31,Other,3528467300.9800000191,61.14,1816.92
Monthly,2022-02-28,North America,114881130318.7599945068,1870.93,1856.3
Monthly,2022-02-28,Europe,98966559006.3300018311,1611.75,1856.3
Monthly,2022-02-28,Asia,7729706317.5100002289,122.76,1856.3
Monthly,2022-02-28,Other,3747126432.8899998665,61.04,1856.3
Monthly,2022-03-31,North America,123083936947.4499969482,1971.19,1947.83
Monthly,2022-03-31,Europe,105716251236.9400024414,1693.04,1947.83
Monthly,2022-03-31,Asia,7989434193.9399995804,125.4,1947.83
Monthly,2022-03-31,Other,3896684639.9699997902,62.44,1947.83
Monthly,2022-04-30,North America,122102429154.0899963379,1987.03,1936.7
Monthly,2022-04-30,Europe,105162022679.9400024414,1711.35,1936.7
Monthly,2022-04-30,Asia,7846084940.4600000381,124.44,1936.7
Monthly,2022-04-30,Other,3854661561.2100000381,62.72,1936.7
Monthly,2022-05-31,North America,115466582076.0700073242,1953.23,1851.17
Monthly,2022-05-31,Europe,100327491930.1999969482,1697.14,1851.17
Monthly,2022-05-31,Asia,7569211651.3599996567,123.15,1851.17
Monthly,2022-05-31,Other,3696924351.4800000191,62.5,1851.17
Monthly,2022-06-30,North America,112567701175.1999969482,1926.94,1834.83
Monthly,2022-06-30,Europe,98736231988.1699981689,1690.17,1834.83
Monthly,2022-06-30,Asia,7497070314.6000003815,124.28,1834.83
Monthly,2022-06-30,Other,3660597031.9400000572,62.67,1834.83
Monthly,2022-07-31,North America,105852217091.2299957275,1877.71,1736.37
Monthly,2022-07-31,Europe,92991446555.7899932861,1649.57,1736.37
Monthly,2022-07-31,Asia,7823467263.6300001144,132.38,1736.37
Monthly,2022-07-31,Other,3470071968.7600002289,61.54,1736.37
Monthly,2022-08-31,North America,101340669708.3200073242,1836.96,1765.03
Monthly,2022-08-31,Europe,90417648617.7899932861,1638.97,1765.03
Monthly,2022-08-31,Asia,7285492385.1599998474,124.82,1765.03
Monthly,2022-08-31,Other,3460135949.6399998665,62.73,1765.03
Monthly,2022-09-30,North America,95488921713.8699951172,1776.6,1682.13
Monthly,2022-09-30,Europe,85861016674.9199981689,1597.47,1682.13
Monthly,2022-09-30,Asia,7067309146.9399995804,124.82,1682.13
Monthly,2022-09-30,Other,3302517200.5700001717,61.44,1682.13
Monthly,2022-10-31,North America,91511112917.6499938965,1736.62,1664.45
Monthly,2022-10-31,Europe,83440643360.2299957275,1583.46,1664.45
Monthly,2022-10-31,Asia,6679893938.2600002289,120,1664.45
Monthly,2022-10-31,Other,3239566757.7100000381,61.48,1664.45
Monthly,2022-11-30,North America,96723183688.0399932861,1715.67,1726.45
Monthly,2022-11-30,Europe,89108181109.2799987793,1580.6,1726.45
Monthly,2022-11-30,Asia,7028400341.3100004196,118.47,1726.45
Monthly,2022-11-30,Other,3439098962.3699998856,60.99,1726.45
Monthly,2022-12-31,North America,100477467660.4499969482,1724.39,1797.54
Monthly,2022-12-31,Europe,91293754206.9900054932,1566.78,1797.54
Monthly,2022-12-31,Asia,7332463158.2899999619,119.3,1797.54
Monthly,2022-12-31,Other,3541043380.1900000572,60.77,1797.54
Monthly,2023-01-31,North America,107206326747.1499938965,1733.19,1894.71
Monthly,2023-01-31,Europe,94871836634.9499969482,1533.78,1894.71
Monthly,2023-01-31,Asia,7412721594.7299995422,115.38,1894.71
Monthly,2023-01-31,Other,3862743074.7199997902,62.5,1894.71
Monthly,2023-02-28,North America,101087413166.5500030518,1723.21,1854.54
Monthly,2023-02-28,Europe,88485396075.9299926758,1508.39,1854.54
Monthly,2023-02-28,Asia,7114867975.25,115.33,1854.54
Monthly,2023-02-28,Other,3738227446.0700001717,63.76,1854.54
Monthly,2023-03-31,North America,110413323450.8999938965,1734.73,1912.73
Monthly,2023-03-31,Europe,97177551486.7400054932,1526.78,1912.73
Monthly,2023-03-31,Asia,7913188222.2100000381,118.66,1912.73
Monthly,2023-03-31,Other,3985415456.5799999237,62.62,1912.73
Monthly,2023-04-30,North America,111533625149.6100006104,1749.81,2000.57
Monthly,2023-04-30,Europe,97278378444.3999938965,1526.16,2000.57
Monthly,2023-04-30,Asia,7949200209.8199996948,118.9,2000.57
Monthly,2023-04-30,Other,4041798370.6300001144,63.41,2000.57
Monthly,2023-05-31,North America,111857727403.0099945068,1771.11,1988.51
Monthly,2023-05-31,Europe,96258698629.9100036621,1524.12,1988.51
Monthly,2023-05-31,Asia,7879742176.8599996567,119.05,1988.51
Monthly,2023-05-31,Other,4006418041.5300002098,63.45,1988.51
Monthly,2023-06-30,North America,107233425365.2100067139,1744.19,1942.9
Monthly,2023-06-30,Europe,92102789270.2700042725,1498.09,1942.9
Monthly,2023-06-30,Asia,7749445718.3599996567,120.22,1942.9
Monthly,2023-06-30,Other,3654791520.0799999237,59.47,1942.9
Monthly,2023-07-31,North America,109474006445.8500061035,1727.9,1948.85
Monthly,2023-07-31,Europe,93735011655.8699951172,1479.45,1948.85
Monthly,2023-07-31,Asia,8079104786.029999733,122.21,1948.85
Monthly,2023-07-31,Other,3660035295.4499998093,57.81,1948.85
Monthly,2023-08-31,North America,105139088522.4299926758,1683.68,1919.83
Monthly,2023-08-31,Europe,91884194739.1900024414,1471.41,1919.83
Monthly,2023-08-31,Asia,8508747975.8900003433,128.86,1919.83
Monthly,2023-08-31,Other,3621881485.1199998856,58,1919.83
Monthly,2023-09-30,North America,99122389333.9199981689,1648.39,1916.96
Monthly,2023-09-30,Europe,86848566540.3000030518,1444.16,1916.96
Monthly,2023-09-30,Asia,8480593057.1999998093,133.74,1916.96
Monthly,2023-09-30,Other,3485036208.9899997711,57.95,1916.96
Monthly,2023-10-31,North America,104058340953.9100036621,1620.87,1913.04
Monthly,2023-10-31,Europe,91990001443.5,1432.83,1913.04
Monthly,2023-10-31,Asia,9093928159,135.12,1913.04
Monthly,2023-10-31,Other,3782783922.0900001526,58.92,1913.04
Monthly,2023-11-30,North America,106750308508.1600036621,1631.24,1985.27
Monthly,2023-11-30,Europe,92459538518.1199951172,1412.86,1985.27
Monthly,2023-11-30,Asia,9340676495.0599994659,135.87,1985.27
Monthly,2023-11-30,Other,3836884123.8400001526,58.62,1985.27
Monthly,2023-12-31,North America,108907559363.7299957275,1642.45,2034.63
Monthly,2023-12-31,Europe,92026007850.3200073242,1387.86,2034.63
Monthly,2023-12-31,Asia,9723148445.0499992371,139.26,2034.63
Monthly,2023-12-31,Other,3954340968.9200000763,59.64,2034.63
Monthly,2024-01-31,North America,106026994516.1699981689,1606.24,2035.27
Monthly,2024-01-31,Europe,90458683347,1370.31,2035.27
Monthly,2024-01-31,Asia,9893570502.7600002289,142.73,2035.27
Monthly,2024-01-31,Other,3905622068.1199998856,59.2,2035.27
Monthly,2024-02-29,North America,103343014242.7899932861,1569.48,2023.24
Monthly,2024-02-29,Europe,89262720613.6999969482,1355.62,2023.24
Monthly,2024-02-29,Asia,10071909934.6700000763,146,2023.24
Monthly,2024-02-29,Other,3865349440.9800000191,58.74,2023.24
Monthly,2024-03-31,North America,112079561997.5700073242,1574.27,2160.7
Monthly,2024-03-31,Europe,94943375031.6100006104,1333.61,2160.7
Monthly,2024-03-31,Asia,11222579181.1800003052,149.55,2160.7
Monthly,2024-03-31,Other,4213218395.25,59.2,2160.7
Monthly,2024-04-30,North America,116843044665.3999938965,1575.39,2329.98
Monthly,2024-04-30,Europe,95035370046.1100006104,1281.29,2329.98
Monthly,2024-04-30,Asia,13165091998.2099990845,169.04,2329.98
Monthly,2024-04-30,Other,4315023706.6499996185,58.16,2329.98
Monthly,2024-05-31,North America,118756544081.7599945068,1573.09,2349.22
Monthly,2024-05-31,Europe,97161436662.2899932861,1286.94,2349.22
Monthly,2024-05-31,Asia,13735953665.1900005341,174.29,2349.22
Monthly,2024-05-31,Other,4372539642.720000267,57.93,2349.22
Monthly,2024-06-30,North America,117269511124.0899963379,1564.87,2326.33
Monthly,2024-06-30,Europe,97786513048.0399932861,1304.86,2326.33
Monthly,2024-06-30,Asia,14192263460.1700000763,181.66,2326.33
Monthly,2024-06-30,Other,4389578897.2100000381,58.58,2326.33
Monthly,2024-07-31,North America,124084902863.9299926758,1590.56,2395.31
Monthly,2024-07-31,Europe,103083459255.2700042725,1321.46,2395.31
Monthly,2024-07-31,Asia,14810420553.8500003815,186.54,2395.31
Monthly,2024-07-31,Other,4638912579.7100000381,59.48,2395.31
Monthly,2024-08-31,North America,129909957743.7599945068,1607.73,2469.93
Monthly,2024-08-31,Europe,107430116628.1000061035,1329.48,2469.93
Monthly,2024-08-31,Asia,15350554497.5400009155,187.18,2469.93
Monthly,2024-08-31,Other,5066617483.0699996948,62.68,2469.93
Monthly,2024-09-30,North America,137313285026.4299926758,1623.95,2567.12
Monthly,2024-09-30,Europe,112268382362.8899993896,1327.76,2567.12
Monthly,2024-09-30,Asia,16320184869.1100006104,189.46,2567.12
Monthly,2024-09-30,Other,5467803097.8599996567,64.62,2567.12
Monthly,2024-10-31,North America,145442473333.8200073242,1654.48,2690.08
Monthly,2024-10-31,Europe,115732826504.9499969482,1316.57,2690.08
Monthly,2024-10-31,Asia,19343613369.2200012207,213.65,2690.08
Monthly,2024-10-31,Other,5736968709.6000003815,65.17,2690.08
Monthly,2024-11-30,North America,141085004596.0799865723,1655.23,2650.68
Monthly,2024-11-30,Europe,109967174484.7599945068,1290.19,2650.68
Monthly,2024-11-30,Asia,18363253104.4199981689,212.11,2650.68
Monthly,2024-11-30,Other,5489551633.6700000763,64.38,2650.68
Monthly,2024-12-31,North America,138548612358.2099914551,1650.48,2638.42
Monthly,2024-12-31,Europe,108268852784.1300048828,1289.82,2638.42
Monthly,2024-12-31,Asia,18926839622.25,221.44,2638.42
Monthly,2024-12-31,Other,5401193110.75,64.34,2638.42
Monthly,2025-01-31,North America,148684019046.2799987793,1644.62,2705.39
Monthly,2025-01-31,Europe,120201153869.8300018311,1329.52,2705.39
Monthly,2025-01-31,Asia,20165542343.2200012207,222.3,2705.39
Monthly,2025-01-31,Other,5903415155.9499998093,65.34,2705.39
Monthly,2025-02-28,North America,156471273521.6799926758,1716.85,2894.73
Monthly,2025-02-28,Europe,121362159727.2200012207,1331.71,2894.73
Monthly,2025-02-28,Asia,23212530754.2999992371,248.52,2894.73
Monthly,2025-02-28,Other,6076130446.7700004578,66.61,2894.73
Monthly,2025-03-31,North America,178706795824.5,1784.3,2983.25
Monthly,2025-03-31,Europe,134757146460.4600067139,1345.52,2983.25
Monthly,2025-03-31,Asia,26237527821.6500015259,259.08,2983.25
Monthly,2025-03-31,Other,6807149842.7399997711,67.95,2983.25
Monthly,2025-04-30,North America,194117123094.7099914551,1828.51,3216.41
Monthly,2025-04-30,Europe,142773930810.0299987793,1344.85,3216.41
Monthly,2025-04-30,Asia,35455909100.7699966431,328.72,3216.41
Monthly,2025-04-30,Other,7439760396.1899995804,70.11,3216.41
Monthly,2025-05-31,North America,191046979053.5700073242,1812.93,3279.64
Monthly,2025-05-31,Europe,141886676279.1900024414,1346.48,3279.64
Monthly,2025-05-31,Asia,34844251795.1399993896,324.06,3279.64
Monthly,2025-05-31,Other,7353452683.8199996948,69.74,3279.64
Monthly,2025-06-30,North America,196310964563.0799865723,1857.25,3352
Monthly,2025-06-30,Europe,144769257015.1499938965,1369.7,3352
Monthly,2025-06-30,Asia,35444133016.8199996948,329.53,3352
Monthly,2025-06-30,Other,7556801042.9399995804,71.51,3352
Monthly,2025-07-31,North America,198298377418.8299865723,1869.71,3338.31
Monthly,2025-07-31,Europe,146431937520.0599975586,1380.65,3338.31
Monthly,2025-07-31,Asia,35488722555.0999984741,330.16,3338.31
Monthly,2025-07-31,Other,7431219632.8000001907,70.05,3338.31
Monthly,2025-08-31,North America,210235875378.6000061035,1906.79,3361.62
Monthly,2025-08-31,Europe,154562552719.0199890137,1401.93,3361.62
Monthly,2025-08-31,Asia,36184771557.6800003052,325.98,3361.62
Monthly,2025-08-31,Other,7697256445.6300001144,69.85,3361.62
Monthly,2025-09-30,North America,245522261975.3399963379,1996.18,3665.2
Monthly,2025-09-30,Europe,177022592108.0799865723,1439.37,3665.2
Monthly,2025-09-30,Asia,43151517294.4000015259,346.83,3665.2
Monthly,2025-09-30,Other,8765037641.8999996185,71.29,3665.2
Monthly,2025-10-31,North America,263532613807.0400085449,2043.37,4053.28
Monthly,2025-10-31,Europe,180925350344.3500061035,1402.82,4053.28
Monthly,2025-10-31,Asia,51489273317.5199966431,393.39,4053.28
Monthly,2025-10-31,Other,9237892911.1800003052,71.63,4053.28
Monthly,2025-11-30,North America,276336662128.0800170898,2050.7,4082.95
Monthly,2025-11-30,Europe,190086565555.8299865723,1410.71,4082.95
Monthly,2025-11-30,Asia,57062910361.1399993896,419.99,4082.95
Monthly,2025-11-30,Other,9599615121.2299995422,71.28,4082.95
Monthly,2025-12-31,North America,290190194380.2299804688,2095.16,4315.24
Monthly,2025-12-31,Europe,197081826987.5299987793,1422.93,4315.24
Monthly,2025-12-31,Asia,61996761279.4400024414,438.09,4315.24
Monthly,2025-12-31,Other,10142109635.8600006104,73.22,4315.24
Monthly,2026-01-31,North America,342447601317.7100219727,2138.56,4724.62
Monthly,2026-01-31,Europe,229945032151.25,1435.63,4724.62
Monthly,2026-01-31,Asia,85100052726.4499969482,500.61,4724.62
Monthly,2026-01-31,Other,12031835302.2099990845,75.07,4724.62
Monthly,2026-02-28,North America,363768662840.1099853516,2166.42,5019.53
Monthly,2026-02-28,Europe,238857991741.8999938965,1422.61,5019.53
Monthly,2026-02-28,Asia,86425238927.3800048828,511.73,5019.53
Monthly,2026-02-28,Other,12643548816.9200000763,75.35,5019.53
Monthly,2026-03-31,North America,308140773298.299987793,2079.45,4862.17
Monthly,2026-03-31,Europe,209669739905.8699951172,1415.14,4862.17
Monthly,2026-03-31,Asia,78188638912.7299957275,522.3,4862.17
Monthly,2026-03-31,Other,11098600022.1599998474,74.94,4862.17
Monthly,2026-04-30,North America,309196066528.4899902344,2085.5,4716.19
Monthly,2026-04-30,Europe,213788261487.700012207,1442,4716.19
Monthly,2026-04-30,Asia,80698086701.2899932861,533.7,4716.19
Monthly,2026-04-30,Other,11245892213.8500003815,75.83,4716.19
Monthly,2026-05-31,North America,303561749398.2199707031,2076.98,4586
Monthly,2026-05-31,Europe,210933146216.1000061035,1443.21,4586
Monthly,2026-05-31,Asia,78850747863.1199951172,525.32,4586
Monthly,2026-05-31,Other,11069470546.9300003052,75.77,4586
Monthly,2026-06-30,North America,263356069519.8200073242,2034.62,4238.32
Monthly,2026-06-30,Europe,184964455406.1900024414,1428.95,4238.32
Monthly,2026-06-30,Asia,68103927029.3499984741,507.46,4238.32
Monthly,2026-06-30,Other,9506106414.9099998474,73.46,4238.32
Monthly,2026-07-31,North America,263450632543.299987793,2034.9,4073.92
Monthly,2026-07-31,Europe,187235004206.7699890137,1446.3,4073.92
Monthly,2026-07-31,Asia,69429262104.7799987793,512.39,4073.92
Monthly,2026-07-31,Other,9646798714.7399997711,74.45,4073.92
Weekly,2003-02-28,North America,0,0,352.68
Weekly,2003-02-28,Europe,,,352.68
Weekly,2003-02-28,Asia,,,352.68
Weekly,2003-02-28,Other,,,352.68
Weekly,2003-03-28,North America,0,0,330.96
Weekly,2003-03-28,Europe,,,330.96
Weekly,2003-03-28,Asia,,,330.96
Weekly,2003-03-28,Other,330640,0.03,330.96
Weekly,2003-04-04,North America,85336221.6099999994,8.2,329.2
Weekly,2003-04-04,Europe,,,329.2
Weekly,2003-04-04,Asia,,,329.2
Weekly,2003-04-04,Other,615290,0.06,329.2
Weekly,2003-04-11,North America,85599767.700000003,8.2,322.81
Weekly,2003-04-11,Europe,,,322.81
Weekly,2003-04-11,Asia,,,322.81
Weekly,2003-04-11,Other,1428480,0.14,322.81
Weekly,2003-04-18,North America,86179569.1099999994,8.2,325.9
Weekly,2003-04-18,Europe,,,325.9
Weekly,2003-04-18,Asia,,,325.9
Weekly,2003-04-18,Other,2290110,0.22,325.9
Weekly,2003-04-25,North America,87826732.1200000048,8.2,332.43
Weekly,2003-04-25,Europe,,,332.43
Weekly,2003-04-25,Asia,,,332.43
Weekly,2003-04-25,Other,2680080.8900000001,0.25,332.43
Weekly,2003-05-02,North America,101899079.7300000042,9.31,336.49
Weekly,2003-05-02,Europe,,,336.49
Weekly,2003-05-02,Asia,,,336.49
Weekly,2003-05-02,Other,7684550,0.7,336.49
Weekly,2003-05-09,North America,104113626.5300000012,9.31,343.91
Weekly,2003-05-09,Europe,,,343.91
Weekly,2003-05-09,Asia,,,343.91
Weekly,2003-05-09,Other,12280910,1.1,343.91
Weekly,2003-05-16,North America,106238394.4300000072,9.31,352.86
Weekly,2003-05-16,Europe,,,352.86
Weekly,2003-05-16,Asia,,,352.86
Weekly,2003-05-16,Other,21499250,1.88,352.86
Weekly,2003-05-23,North America,110876972.2099999934,9.31,366.64
Weekly,2003-05-23,Europe,,,366.64
Weekly,2003-05-23,Asia,,,366.64
Weekly,2003-05-23,Other,25890810,2.17,366.64
Weekly,2003-05-30,North America,108153678.150000006,9.31,365.18
Weekly,2003-05-30,Europe,,,365.18
Weekly,2003-05-30,Asia,,,365.18
Weekly,2003-05-30,Other,27662610,2.38,365.18
Weekly,2003-06-06,North America,108632499.0900000036,9.31,364.74
Weekly,2003-06-06,Europe,,,364.74
Weekly,2003-06-06,Asia,,,364.74
Weekly,2003-06-06,Other,29430020,2.52,364.74
Weekly,2003-06-13,North America,105654831.3900000006,9.31,355.31
Weekly,2003-06-13,Europe,,,355.31
Weekly,2003-06-13,Asia,,,355.31
Weekly,2003-06-13,Other,29491800,2.6,355.31
Weekly,2003-06-20,North America,107136183.6800000072,9.31,359.29
Weekly,2003-06-20,Europe,,,359.29
Weekly,2003-06-20,Asia,,,359.29
Weekly,2003-06-20,Other,33567880,2.92,359.29
Weekly,2003-06-27,North America,103395395.1400000006,9.31,348.14
Weekly,2003-06-27,Europe,,,348.14
Weekly,2003-06-27,Asia,,,348.14
Weekly,2003-06-27,Other,31721670,2.86,348.14
Weekly,2003-07-04,North America,105131117.3700000048,9.31,349.68
Weekly,2003-07-04,Europe,,,349.68
Weekly,2003-07-04,Asia,,,349.68
Weekly,2003-07-04,Other,34322767.4399999976,3.04,349.68
Weekly,2003-07-11,North America,102856725.25,9.31,345.32
Weekly,2003-07-11,Europe,,,345.32
Weekly,2003-07-11,Asia,,,345.32
Weekly,2003-07-11,Other,37059539.3599999994,3.35,345.32
Weekly,2003-07-18,North America,103051244.4200000018,9.31,345.16
Weekly,2003-07-18,Europe,,,345.16
Weekly,2003-07-18,Asia,,,345.16
Weekly,2003-07-18,Other,37359445.1799999997,3.37,345.16
Weekly,2003-07-25,North America,108632499.0900000036,9.31,355.41
Weekly,2003-07-25,Europe,,,355.41
Weekly,2003-07-25,Asia,,,355.41
Weekly,2003-07-25,Other,40619962.2700000033,3.48,355.41
Weekly,2003-08-01,North America,105445349.0900000036,9.31,358.79
Weekly,2003-08-01,Europe,,,358.79
Weekly,2003-08-01,Asia,,,358.79
Weekly,2003-08-01,Other,40032527.8200000003,3.53,358.79
Weekly,2003-08-08,North America,105924171.849999994,9.31,350.69
Weekly,2003-08-08,Europe,,,350.69
Weekly,2003-08-08,Asia,,,350.69
Weekly,2003-08-08,Other,40126455.2199999988,3.53,350.69
Weekly,2003-08-15,North America,109081393.7199999988,9.31,361.2
Weekly,2003-08-15,Europe,,,361.2
Weekly,2003-08-15,Asia,,,361.2
Weekly,2003-08-15,Other,45123124.2899999991,3.85,361.2
Weekly,2003-08-22,North America,107360630.9899999946,9.31,361.28
Weekly,2003-08-22,Europe,,,361.28
Weekly,2003-08-22,Asia,,,361.28
Weekly,2003-08-22,Other,46123927.3999999985,4,361.28
Weekly,2003-08-29,North America,112403215.7600000054,9.31,367.18
Weekly,2003-08-29,Europe,,,367.18
Weekly,2003-08-29,Asia,,,367.18
Weekly,2003-08-29,Other,48838878.7299999967,4.04,367.18
Weekly,2003-09-05,North America,112463062.900000006,9.31,373.3
Weekly,2003-09-05,Europe,,,373.3
Weekly,2003-09-05,Asia,,,373.3
Weekly,2003-09-05,Other,52916263.3900000006,4.38,373.3
Weekly,2003-09-12,North America,113196261.1099999994,9.31,378.29
Weekly,2003-09-12,Europe,,,378.29
Weekly,2003-09-12,Asia,,,378.29
Weekly,2003-09-12,Other,55403108.1599999964,4.56,378.29
Weekly,2003-09-19,North America,113645155.7300000042,9.31,376.08
Weekly,2003-09-19,Europe,,,376.08
Weekly,2003-09-19,Asia,,,376.08
Weekly,2003-09-19,Other,74189618.2199999988,6.08,376.08
Weekly,2003-09-26,North America,114527985.4800000042,9.31,385.7
Weekly,2003-09-26,Europe,,,385.7
Weekly,2003-09-26,Asia,,,385.7
Weekly,2003-09-26,Other,74827939.6800000072,6.08,385.7
Weekly,2003-10-03,North America,114991839.599999994,9.31,383.98
Weekly,2003-10-03,Europe,,,383.98
Weekly,2003-10-03,Asia,,,383.98
Weekly,2003-10-03,Other,75783697.1599999964,6.13,383.98
Weekly,2003-10-10,North America,111415642.1099999994,9.31,373.11
Weekly,2003-10-10,Europe,,,373.11
Weekly,2003-10-10,Asia,,,373.11
Weekly,2003-10-10,Other,76918382.2699999958,6.43,373.11
Weekly,2003-10-17,North America,110876972.2099999934,9.31,372.32
Weekly,2003-10-17,Europe,,,372.32
Weekly,2003-10-17,Asia,,,372.32
Weekly,2003-10-17,Other,77247552.799999997,6.48,372.32
Weekly,2003-10-24,North America,116188891.9399999976,9.31,381.9
Weekly,2003-10-24,Europe,,,381.9
Weekly,2003-10-24,Asia,,,381.9
Weekly,2003-10-24,Other,90188129.3299999982,7.23,381.9
Weekly,2003-10-31,North America,115590365.7699999958,9.31,385.71
Weekly,2003-10-31,Europe,,,385.71
Weekly,2003-10-31,Asia,,,385.71
Weekly,2003-10-31,Other,90446370.7099999934,7.28,385.71
Weekly,2003-11-07,North America,113405748.9200000018,9.31,379.82
Weekly,2003-11-07,Europe,,,379.82
Weekly,2003-11-07,Asia,,,379.82
Weekly,2003-11-07,Other,92677913.0400000066,7.61,379.82
Weekly,2003-11-14,North America,118717668.6400000006,9.31,390.62
Weekly,2003-11-14,Europe,,,390.62
Weekly,2003-11-14,Asia,,,390.62
Weekly,2003-11-14,Other,97508351.950000003,7.65,390.62
Weekly,2003-11-21,North America,118358549.2900000066,9.31,394.51
Weekly,2003-11-21,Europe,,,394.51
Weekly,2003-11-21,Asia,,,394.51
Weekly,2003-11-21,Other,97436419.1599999964,7.66,394.51
Weekly,2003-11-28,North America,119211450.900000006,9.31,394.69
Weekly,2003-11-28,Europe,,,394.69
Weekly,2003-11-28,Asia,,,394.69
Weekly,2003-11-28,Other,103061249.5,8.05,394.69
Weekly,2003-12-05,North America,120423462.7300000042,9.31,401.61
Weekly,2003-12-05,Europe,,,401.61
Weekly,2003-12-05,Asia,,,401.61
Weekly,2003-12-05,Other,103991032.5799999982,8.04,401.61
Weekly,2003-12-12,North America,121830002.8700000048,9.31,407.02
Weekly,2003-12-12,Europe,257122853.6999999881,19.64,407.02
Weekly,2003-12-12,Asia,,,407.02
Weekly,2003-12-12,Other,106732022.6200000048,8.15,407.02
Weekly,2003-12-19,North America,122623048.2199999988,9.31,408.2
Weekly,2003-12-19,Europe,278653888.5,21.15,408.2
Weekly,2003-12-19,Asia,,,408.2
Weekly,2003-12-19,Other,107392920.8100000024,8.15,408.2
Weekly,2003-12-26,North America,122473416.6800000072,9.31,410.42
Weekly,2003-12-26,Europe,309007609.1999999881,23.48,410.42
Weekly,2003-12-26,Asia,,,410.42
Weekly,2003-12-26,Other,106725189.299999997,8.11,410.42
Weekly,2004-01-02,North America,127469063.3100000024,9.55,415.6
Weekly,2004-01-02,Europe,313535388.6000000238,23.48,415.6
Weekly,2004-01-02,Asia,,,415.6
Weekly,2004-01-02,Other,125814539.0199999958,9.42,415.6
Weekly,2004-01-09,North America,129955517.7099999934,9.55,422.22
Weekly,2004-01-09,Europe,361967260,26.59,422.22
Weekly,2004-01-09,Asia,,,422.22
Weekly,2004-01-09,Other,128245508.0100000054,9.42,422.22
Weekly,2004-01-16,North America,125366320.7199999988,9.55,418.23
Weekly,2004-01-16,Europe,349164859.5,26.59,418.23
Weekly,2004-01-16,Asia,,,418.23
Weekly,2004-01-16,Other,123545153.7199999988,9.41,418.23
Weekly,2004-01-23,North America,125550504.2600000054,9.55,408.34
Weekly,2004-01-23,Europe,349657793.1999999881,26.59,408.34
Weekly,2004-01-23,Asia,,,408.34
Weekly,2004-01-23,Other,123997370.549999997,9.43,408.34
Weekly,2004-01-30,North America,122711036.8700000048,9.55,406.07
Weekly,2004-01-30,Europe,311756142.5,24.26,406.07
Weekly,2004-01-30,Asia,,,406.07
Weekly,2004-01-30,Other,120793979.2099999934,9.4,406.07
Weekly,2004-02-06,North America,124092399.3799999952,9.55,400.57
Weekly,2004-02-06,Europe,315247490.3000000119,24.26,400.57
Weekly,2004-02-06,Asia,,,400.57
Weekly,2004-02-06,Other,122190408.5100000054,9.4,400.57
Weekly,2004-02-13,North America,127699290.400000006,9.55,409.57
Weekly,2004-02-13,Europe,345191225.6000000238,25.81,409.57
Weekly,2004-02-13,Asia,,,409.57
Weekly,2004-02-13,Other,131326397.2300000042,9.82,409.57
Weekly,2004-02-20,North America,124399368.8299999982,9.55,411.15
Weekly,2004-02-20,Europe,336251741.8000000119,25.81,411.15
Weekly,2004-02-20,Asia,,,411.15
Weekly,2004-02-20,Other,128837899.4699999988,9.89,411.15
Weekly,2004-02-27,North America,121513857.8900000006,9.55,398.22
Weekly,2004-02-27,Europe,328433336.6999999881,25.81,398.22
Weekly,2004-02-27,Asia,,,398.22
Weekly,2004-02-27,Other,126641706.75,9.95,398.22
Weekly,2004-03-05,North America,122557552.1400000006,9.55,395.5
Weekly,2004-03-05,Europe,331235263.1000000238,25.8,395.5
Weekly,2004-03-05,Asia,,,395.5
Weekly,2004-03-05,Other,127780503.7399999946,9.95,395.5
Weekly,2004-03-12,North America,122173840.3299999982,9.55,399.61
Weekly,2004-03-12,Europe,330179243.8000000119,25.8,399.61
Weekly,2004-03-12,Asia,,,399.61
Weekly,2004-03-12,Other,128093090.0400000066,10.01,399.61
Weekly,2004-03-19,North America,126471412.599999994,9.55,405.22
Weekly,2004-03-19,Europe,341773994.3000000119,25.8,405.22
Weekly,2004-03-19,Asia,,,405.22
Weekly,2004-03-19,Other,132639943.4099999964,10.01,405.22
Weekly,2004-03-26,North America,129387622.3599999994,9.55,417.35
Weekly,2004-03-26,Europe,349634620.8999999762,25.8,417.35
Weekly,2004-03-26,Asia,,,417.35
Weekly,2004-03-26,Other,128391797.4800000042,9.47,417.35
Weekly,2004-04-02,North America,128620198.7399999946,9.55,422.24
Weekly,2004-04-02,Europe,540276156.1000000238,40.11,422.24
Weekly,2004-04-02,Asia,,,422.24
Weekly,2004-04-02,Other,128935540,9.57,422.24
Weekly,2004-04-09,North America,128773683.4599999934,9.55,418.84
Weekly,2004-04-09,Europe,540920877,40.11,418.84
Weekly,2004-04-09,Asia,,,418.84
Weekly,2004-04-09,Other,129580820.3799999952,9.61,418.84
Weekly,2004-04-16,North America,123048705.1299999952,9.55,404.85
Weekly,2004-04-16,Europe,516872793.3999999762,40.11,404.85
Weekly,2004-04-16,Asia,,,404.85
Weekly,2004-04-16,Other,123882758.4099999964,9.61,404.85
Weekly,2004-04-23,North America,121099447.2600000054,9.55,395.9
Weekly,2004-04-23,Europe,508684829.5,40.11,395.9
Weekly,2004-04-23,Asia,,,395.9
Weekly,2004-04-23,Other,122093991.2900000066,9.63,395.9
Weekly,2004-04-30,North America,119257630.5699999928,9.55,392
Weekly,2004-04-30,Europe,780413000,62.48,392
Weekly,2004-04-30,Asia,,,392
Weekly,2004-04-30,Other,118797671.9099999964,9.51,392
Weekly,2004-05-07,North America,116893962.0799999982,9.55,388.12
Weekly,2004-05-07,Europe,544425000,44.47,388.12
Weekly,2004-05-07,Asia,,,388.12
Weekly,2004-05-07,Other,116975886.2199999988,9.55,388.12
Weekly,2004-05-14,North America,115573997.200000003,9.55,376.82
Weekly,2004-05-14,Europe,534568000,44.16,376.82
Weekly,2004-05-14,Asia,,,376.82
Weekly,2004-05-14,Other,114349238.8400000036,9.45,376.82
Weekly,2004-05-21,North America,118275324.5900000036,9.55,381.24
Weekly,2004-05-21,Europe,530658000,42.84,381.24
Weekly,2004-05-21,Asia,,,381.24
Weekly,2004-05-21,Other,117820919.8700000048,9.51,381.24
Weekly,2004-05-28,North America,120715735.450000003,9.55,389.88
Weekly,2004-05-28,Europe,558971000,44.21,389.88
Weekly,2004-05-28,Asia,,,389.88
Weekly,2004-05-28,Other,119577530.2099999934,9.46,389.88
Weekly,2004-06-04,North America,119196232.9399999976,9.55,392.79
Weekly,2004-06-04,Europe,553396000,44.33,392.79
Weekly,2004-06-04,Asia,,,392.79
Weekly,2004-06-04,Other,118372850.8100000024,9.48,392.79
Weekly,2004-06-11,North America,118137193.9599999934,9.55,388.52
Weekly,2004-06-11,Europe,508795000,41.12,388.52
Weekly,2004-06-11,Asia,,,388.52
Weekly,2004-06-11,Other,117300473.2099999934,9.48,388.52
Weekly,2004-06-18,North America,121283630.799999997,9.55,387.61
Weekly,2004-06-18,Europe,522572000,41.14,387.61
Weekly,2004-06-18,Asia,,,387.61
Weekly,2004-06-18,Other,120715311.9200000018,9.5,387.61
Weekly,2004-06-25,North America,123248233.400000006,9.55,397.28
Weekly,2004-06-25,Europe,530930000,41.13,397.28
Weekly,2004-06-25,Asia,,,397.28
Weekly,2004-06-25,Other,122349925.4200000018,9.48,397.28
Weekly,2004-07-02,North America,122097097.9699999988,9.55,397.4
Weekly,2004-07-02,Europe,525880000,41.12,397.4
Weekly,2004-07-02,Asia,,,397.4
Weekly,2004-07-02,Other,121463741.5799999982,9.5,397.4
Weekly,2004-07-09,North America,124783080.6400000006,9.55,400.85
Weekly,2004-07-09,Europe,521159000,39.88,400.85
Weekly,2004-07-09,Asia,,,400.85
Weekly,2004-07-09,Other,124100044.3100000024,9.5,400.85
Weekly,2004-07-16,North America,124721683,9.55,404.1
Weekly,2004-07-16,Europe,501558000,38.4,404.1
Weekly,2004-07-16,Asia,,,404.1
Weekly,2004-07-16,Other,145635814.3199999928,11.15,404.1
Weekly,2004-07-23,North America,120178538.9200000018,9.55,398.82
Weekly,2004-07-23,Europe,479435000,38.09,398.82
Weekly,2004-07-23,Asia,,,398.82
Weekly,2004-07-23,Other,140562526.7700000107,11.17,398.82
Weekly,2004-07-30,North America,120147840.099999994,9.55,389.32
Weekly,2004-07-30,Europe,481807000,38.29,389.32
Weekly,2004-07-30,Asia,,,389.32
Weekly,2004-07-30,Other,148663141.7800000012,11.81,389.32
Weekly,2004-08-06,North America,122480809.7800000012,9.55,392.76
Weekly,2004-08-06,Europe,496056000,38.67,392.76
Weekly,2004-08-06,Asia,,,392.76
Weekly,2004-08-06,Other,149639850.5399999917,11.66,392.76
Weekly,2004-08-13,North America,121790128.5199999958,9.55,396.65
Weekly,2004-08-13,Europe,494041000,38.73,396.65
Weekly,2004-08-13,Asia,,,396.65
Weekly,2004-08-13,Other,148587584.4099999964,11.65,396.65
Weekly,2004-08-20,North America,126026303.1599999964,9.55,404.49
Weekly,2004-08-20,Europe,508885000,38.55,404.49
Weekly,2004-08-20,Asia,,,404.49
Weekly,2004-08-20,Other,140871954.7899999917,10.67,404.49
Weekly,2004-08-27,North America,124353325.2900000066,9.55,406.79
Weekly,2004-08-27,Europe,498634000,38.28,406.79
Weekly,2004-08-27,Asia,,,406.79
Weekly,2004-08-27,Other,122947078.5600000024,9.44,406.79
Weekly,2004-09-03,North America,123140792.2199999988,9.55,405.45
Weekly,2004-09-03,Europe,492202000,38.16,405.45
Weekly,2004-09-03,Asia,,,405.45
Weekly,2004-09-03,Other,121452989.9399999976,9.42,405.45
Weekly,2004-09-10,North America,123202189.849999994,9.55,399.21
Weekly,2004-09-10,Europe,495744000,38.42,399.21
Weekly,2004-09-10,Asia,,,399.21
Weekly,2004-09-10,Other,122660988.2900000066,9.51,399.21
Weekly,2004-09-17,North America,124537508.8299999982,9.55,403.62
Weekly,2004-09-17,Europe,499102000,38.26,403.62
Weekly,2004-09-17,Asia,,,403.62
Weekly,2004-09-17,Other,123637585.2600000054,9.48,403.62
Weekly,2004-09-24,North America,125197491.2699999958,9.55,407.5
Weekly,2004-09-24,Europe,502274000,38.3,407.5
Weekly,2004-09-24,Asia,,,407.5
Weekly,2004-09-24,Other,124170486.099999994,9.47,407.5
Weekly,2004-10-01,North America,128343928.1099999994,9.55,413.52
Weekly,2004-10-01,Europe,525719000,39.11,413.52
Weekly,2004-10-01,Asia,,,413.52
Weekly,2004-10-01,Other,127246590.150000006,9.47,413.52
Weekly,2004-10-08,North America,129464364.7199999988,9.55,417.25
Weekly,2004-10-08,Europe,623662000,45.99,417.25
Weekly,2004-10-08,Asia,,,417.25
Weekly,2004-10-08,Other,128739971.3299999982,9.49,417.25
Weekly,2004-10-15,North America,129049954.099999994,9.55,416.68
Weekly,2004-10-15,Europe,635826000,47.04,416.68
Weekly,2004-10-15,Asia,,,416.68
Weekly,2004-10-15,Other,119991912.9699999988,8.88,416.68
Weekly,2004-10-22,North America,129786678.900000006,9.55,421.47
Weekly,2004-10-22,Europe,659645000,48.53,421.47
Weekly,2004-10-22,Asia,,,421.47
Weekly,2004-10-22,Other,120494519.2600000054,8.86,421.47
Weekly,2004-10-29,North America,130630844.8799999952,9.55,426.93
Weekly,2004-10-29,Europe,689505000,50.4,426.93
Weekly,2004-10-29,Asia,,,426.93
Weekly,2004-10-29,Other,121193842.0100000054,8.86,426.93
Weekly,2004-11-05,North America,132303832.1200000048,9.55,427.61
Weekly,2004-11-05,Europe,598342000,43.18,427.61
Weekly,2004-11-05,Asia,,,427.61
Weekly,2004-11-05,Other,161320641.4600000083,11.64,427.61
Weekly,2004-11-12,North America,133854024.0799999982,9.55,433.76
Weekly,2004-11-12,Europe,646029000,46.08,433.76
Weekly,2004-11-12,Asia,,,433.76
Weekly,2004-11-12,Other,163072957.0200000107,11.63,433.76
Weekly,2004-11-19,North America,965601587.9299999475,67.4,441.61
Weekly,2004-11-19,Europe,662021000,46.21,441.61
Weekly,2004-11-19,Asia,,,441.61
Weekly,2004-11-19,Other,166745327.5699999928,11.64,441.61
Weekly,2004-11-26,North America,1595173221.0799999237,110.01,449.34
Weekly,2004-11-26,Europe,688226000,47.46,449.34
Weekly,2004-11-26,Asia,,,449.34
Weekly,2004-11-26,Other,168884859.5800000131,11.65,449.34
Weekly,2004-12-03,North America,1631559841,113.11,452.07
Weekly,2004-12-03,Europe,687022000,47.63,452.07
Weekly,2004-12-03,Asia,,,452.07
Weekly,2004-12-03,Other,167271719.5300000012,11.6,452.07
Weekly,2004-12-10,North America,1404551740.4600000381,100.66,442.57
Weekly,2004-12-10,Europe,680308000,48.76,442.57
Weekly,2004-12-10,Asia,,,442.57
Weekly,2004-12-10,Other,164043638.8400000036,11.76,442.57
Weekly,2004-12-17,North America,1385308888.8800001144,98.17,437.92
Weekly,2004-12-17,Europe,685271000,48.56,437.92
Weekly,2004-12-17,Asia,,,437.92
Weekly,2004-12-17,Other,165660621.8600000143,11.74,437.92
Weekly,2004-12-24,North America,1436385973.1500000954,101.03,441.54
Weekly,2004-12-24,Europe,709341000,50.02,441.54
Weekly,2004-12-24,Asia,,,441.54
Weekly,2004-12-24,Other,169100194.5099999905,11.9,441.54
Weekly,2004-12-31,North America,1473024124.75,104.6,439.65
Weekly,2004-12-31,Europe,721334000,51.22,439.65
Weekly,2004-12-31,Asia,,,439.65
Weekly,2004-12-31,Other,170147050.400000006,12.08,439.65
Weekly,2005-01-07,North America,1803923079.0099999905,132.89,427.66
Weekly,2005-01-07,Europe,704109000,51.61,427.66
Weekly,2005-01-07,Asia,,,427.66
Weekly,2005-01-07,Other,163139495.5600000024,12.01,427.66
Weekly,2005-01-14,North America,2070757971.8900001049,152.44,422.81
Weekly,2005-01-14,Europe,710462000,52.3,422.81
Weekly,2005-01-14,Asia,,,422.81
Weekly,2005-01-14,Other,163727597.0099999905,12.05,422.81
Weekly,2005-01-21,North America,2074681537.2300000191,152.44,423.03
Weekly,2005-01-21,Europe,715300000,52.56,423.03
Weekly,2005-01-21,Asia,,,423.03
Weekly,2005-01-21,Other,164907683.4699999988,12.12,423.03
Weekly,2005-01-28,North America,2234707152.3800001144,162.86,425.79
Weekly,2005-01-28,Europe,673118000,49.05,425.79
Weekly,2005-01-28,Asia,,,425.79
Weekly,2005-01-28,Other,165338750.6899999976,12.05,425.79
Weekly,2005-02-04,North America,2410337092.0500001907,180.26,419.41
Weekly,2005-02-04,Europe,656462000,49.09,419.41
Weekly,2005-02-04,Asia,,,419.41
Weekly,2005-02-04,Other,161168887.8700000048,12.05,419.41
Weekly,2005-02-11,North America,2608527189.4299998283,193.71,414.2
Weekly,2005-02-11,Europe,666789000,49.52,414.2
Weekly,2005-02-11,Asia,,,414.2
Weekly,2005-02-11,Other,162431025.2899999917,12.06,414.2
Weekly,2005-02-18,North America,2848484496.5799999237,207.44,425.01
Weekly,2005-02-18,Europe,669397000,48.75,425.01
Weekly,2005-02-18,Asia,,,425.01
Weekly,2005-02-18,Other,165674069.9300000072,12.07,425.01
Weekly,2005-02-25,North America,2997108894.1799998283,214.67,432.12
Weekly,2005-02-25,Europe,618521000,44.3,432.12
Weekly,2005-02-25,Asia,,,432.12
Weekly,2005-02-25,Other,168462936.9799999893,12.07,432.12
Weekly,2005-03-04,North America,3077355328.8499999046,220.82,432.86
Weekly,2005-03-04,Europe,618200000,44.36,432.86
Weekly,2005-03-04,Asia,,,432.86
Weekly,2005-03-04,Other,168760054.5900000036,12.11,432.86
Weekly,2005-03-11,North America,3174854558.9299998283,222.56,438.87
Weekly,2005-03-11,Europe,637913000,44.72,438.87
Weekly,2005-03-11,Asia,,,438.87
Weekly,2005-03-11,Other,172172835.1999999881,12.07,438.87
Weekly,2005-03-18,North America,3002439830.5300002098,213.63,440.27
Weekly,2005-03-18,Europe,688406000,48.98,440.27
Weekly,2005-03-18,Asia,,,440.27
Weekly,2005-03-18,Other,169474925.8700000048,12.06,440.27
Weekly,2005-03-25,North America,2795341292.8699998856,204.5,428.26
Weekly,2005-03-25,Europe,666789000,48.78,428.26
Weekly,2005-03-25,Asia,,,428.26
Weekly,2005-03-25,Other,164861916.6299999952,12.06,428.26
Weekly,2005-04-01,North America,2684442215.8099999428,195.47,426.47
Weekly,2005-04-01,Europe,666980000,48.57,426.47
Weekly,2005-04-01,Asia,,,426.47
Weekly,2005-04-01,Other,164884585.8000000119,12.01,426.47
Weekly,2005-04-08,North America,2668974021.6999998093,195.24,425.49
Weekly,2005-04-08,Europe,636102000,46.53,425.49
Weekly,2005-04-08,Asia,,,425.49
Weekly,2005-04-08,Other,169991481.1299999952,12.43,425.49
Weekly,2005-04-15,North America,2728228342.9000000954,199.85,426.37
Weekly,2005-04-15,Europe,640345000,46.91,426.37
Weekly,2005-04-15,Asia,,,426.37
Weekly,2005-04-15,Other,169880073.6699999869,12.44,426.37
Weekly,2005-04-22,North America,2792172957.6199998856,199.83,431
Weekly,2005-04-22,Europe,653764000,46.79,431
Weekly,2005-04-22,Asia,,,431
Weekly,2005-04-22,Other,173761842.4499999881,12.44,431
Weekly,2005-04-29,North America,2815594867.1599998474,201,434.49
Weekly,2005-04-29,Europe,656131000,46.84,434.49
Weekly,2005-04-29,Asia,,,434.49
Weekly,2005-04-29,Other,174400860.849999994,12.45,434.49
Weekly,2005-05-06,North America,2748637292.8699998856,201.09,429.34
Weekly,2005-05-06,Europe,638130000,46.68,429.34
Weekly,2005-05-06,Asia,,,429.34
Weekly,2005-05-06,Other,169763282.0399999917,12.42,429.34
Weekly,2005-05-13,North America,2714665818.2100000381,201.04,424.65
Weekly,2005-05-13,Europe,630577000,46.7,424.65
Weekly,2005-05-13,Asia,,,424.65
Weekly,2005-05-13,Other,167610398.6999999881,12.41,424.65
Weekly,2005-05-20,North America,2701316895.2699999809,201.01,419.56
Weekly,2005-05-20,Europe,604015000,44.94,419.56
Weekly,2005-05-20,Asia,,,419.56
Weekly,2005-05-20,Other,166497414.9499999881,12.39,419.56
Weekly,2005-05-27,North America,2707521510.6300001144,201.35,418.19
Weekly,2005-05-27,Europe,606080000,45.07,418.19
Weekly,2005-05-27,Asia,,,418.19
Weekly,2005-05-27,Other,167369205.4199999869,12.45,418.19
Weekly,2005-06-03,North America,2740792152.5900001526,201.27,418.4
Weekly,2005-06-03,Europe,612851000,45,418.4
Weekly,2005-06-03,Asia,,,418.4
Weekly,2005-06-03,Other,168076631.7100000083,12.34,418.4
Weekly,2005-06-10,North America,2736307691.1199998856,201.42,423.91
Weekly,2005-06-10,Europe,624280000,45.95,423.91
Weekly,2005-06-10,Asia,,,423.91
Weekly,2005-06-10,Other,168622744.3600000143,12.41,423.91
Weekly,2005-06-17,North America,2972495769.0399999619,211.33,431.03
Weekly,2005-06-17,Europe,645528000,45.89,431.03
Weekly,2005-06-17,Asia,,,431.03
Weekly,2005-06-17,Other,174700571.4199999869,12.42,431.03
Weekly,2005-06-24,North America,2939808641.6100001335,207.55,438.25
Weekly,2005-06-24,Europe,633960000,44.76,438.25
Weekly,2005-06-24,Asia,,,438.25
Weekly,2005-06-24,Other,175607746.6899999976,12.4,438.25
Weekly,2005-07-01,North America,2884344432.5300002098,207.38,436.36
Weekly,2005-07-01,Europe,620141000,44.59,436.36
Weekly,2005-07-01,Asia,,,436.36
Weekly,2005-07-01,Other,171642140.099999994,12.34,436.36
Weekly,2005-07-08,North America,2830790971.0500001907,207.46,424.85
Weekly,2005-07-08,Europe,627866000,46.02,424.85
Weekly,2005-07-08,Asia,,,424.85
Weekly,2005-07-08,Other,168824074.1299999952,12.37,424.85
Weekly,2005-07-15,North America,2791672076.0500001907,207.56,423.52
Weekly,2005-07-15,Europe,623889000,46.38,423.52
Weekly,2005-07-15,Asia,,,423.52
Weekly,2005-07-15,Other,166796349.400000006,12.4,423.52
Weekly,2005-07-22,North America,2961938175.6300001144,216.77,422.31
Weekly,2005-07-22,Europe,631032000,46.18,422.31
Weekly,2005-07-22,Asia,,,422.31
Weekly,2005-07-22,Other,169376516.0600000024,12.4,422.31
Weekly,2005-07-29,North America,3051258705.5199999809,221.22,425.61
Weekly,2005-07-29,Europe,634393000,45.99,425.61
Weekly,2005-07-29,Asia,,,425.61
Weekly,2005-07-29,Other,171460890.1200000048,12.43,425.61
Weekly,2005-08-05,North America,3169478524.6399998665,224.94,434.82
Weekly,2005-08-05,Europe,648724000,46.04,434.82
Weekly,2005-08-05,Asia,,,434.82
Weekly,2005-08-05,Other,174409810.75,12.38,434.82
Weekly,2005-08-12,North America,3234129591.8899998665,224.91,438.81
Weekly,2005-08-12,Europe,661644000,46.01,438.81
Weekly,2005-08-12,Asia,,,438.81
Weekly,2005-08-12,Other,178362744.8799999952,12.4,438.81
Weekly,2005-08-19,North America,3178391334.9899997711,224.86,441.56
Weekly,2005-08-19,Europe,645956000,45.7,441.56
Weekly,2005-08-19,Asia,,,441.56
Weekly,2005-08-19,Other,175139850.849999994,12.39,441.56
Weekly,2005-08-26,North America,3158651013.4299998283,224.95,438.92
Weekly,2005-08-26,Europe,650797000,46.35,438.92
Weekly,2005-08-26,Asia,,,438.92
Weekly,2005-08-26,Other,174332891.7299999893,12.42,438.92
Weekly,2005-09-02,North America,3252305514.7199997902,228.04,436.77
Weekly,2005-09-02,Europe,657638000,46.11,436.77
Weekly,2005-09-02,Asia,,,436.77
Weekly,2005-09-02,Other,177805677.1899999976,12.47,436.77
Weekly,2005-09-09,North America,3398070599.3600001335,235.79,446.41
Weekly,2005-09-09,Europe,665886000,46.2,446.41
Weekly,2005-09-09,Asia,,,446.41
Weekly,2005-09-09,Other,179314689.3300000131,12.44,446.41
Weekly,2005-09-16,North America,3511852816.4499998093,238.91,451.01
Weekly,2005-09-16,Europe,680800000,46.32,451.01
Weekly,2005-09-16,Asia,,,451.01
Weekly,2005-09-16,Other,182888966.0699999928,12.44,451.01
Weekly,2005-09-23,North America,3615090506.8499999046,243.04,465.46
Weekly,2005-09-23,Europe,686082000,46.12,465.46
Weekly,2005-09-23,Asia,,,465.46
Weekly,2005-09-23,Other,185776502.150000006,12.49,465.46
Weekly,2005-09-30,North America,3694994786.1599998474,242.85,467.09
Weekly,2005-09-30,Europe,708364000,46.56,467.09
Weekly,2005-09-30,Asia,,,467.09
Weekly,2005-09-30,Other,191170619.2700000107,12.56,467.09
Weekly,2005-10-07,North America,3693333432.2699999809,243.02,468.31
Weekly,2005-10-07,Europe,725724000,47.75,468.31
Weekly,2005-10-07,Asia,,,468.31
Weekly,2005-10-07,Other,190779926.3899999857,12.55,468.31
Weekly,2005-10-14,North America,3641692481.9899997711,243.07,471.86
Weekly,2005-10-14,Europe,723078000,48.26,471.86
Weekly,2005-10-14,Asia,,,471.86
Weekly,2005-10-14,Other,188245256.6999999881,12.56,471.86
Weekly,2005-10-21,North America,3659197908.5599999428,245.9,467.91
Weekly,2005-10-21,Europe,739389000,49.69,467.91
Weekly,2005-10-21,Asia,,,467.91
Weekly,2005-10-21,Other,186235264.7599999905,12.51,467.91
Weekly,2005-10-28,North America,3734751267.4800000191,246.76,471.34
Weekly,2005-10-28,Europe,754714000,49.87,471.34
Weekly,2005-10-28,Asia,,,471.34
Weekly,2005-10-28,Other,191629116.6599999964,12.66,471.34
Weekly,2005-11-04,North America,3694675940.8899998665,249.55,462.68
Weekly,2005-11-04,Europe,732625000,49.48,462.68
Weekly,2005-11-04,Asia,,,462.68
Weekly,2005-11-04,Other,188445057.4799999893,12.73,462.68
Weekly,2005-11-11,North America,3748141237.5900001526,249.77,462.88
Weekly,2005-11-11,Europe,814961000,54.31,462.88
Weekly,2005-11-11,Asia,,,462.88
Weekly,2005-11-11,Other,193655148.7400000095,12.9,462.88
Weekly,2005-11-18,North America,4054936084.1999998093,259.59,476.7
Weekly,2005-11-18,Europe,849359000,54.37,476.7
Weekly,2005-11-18,Asia,,,476.7
Weekly,2005-11-18,Other,201745809.099999994,12.92,476.7
Weekly,2005-11-25,North America,4230062001.5199999809,265.31,491.69
Weekly,2005-11-25,Europe,898674000,56.37,491.69
Weekly,2005-11-25,Asia,,,491.69
Weekly,2005-11-25,Other,206208247.2899999917,12.93,491.69
Weekly,2005-12-02,North America,4339316254.720000267,268.59,497.98
Weekly,2005-12-02,Europe,913823000,56.56,497.98
Weekly,2005-12-02,Asia,,,497.98
Weekly,2005-12-02,Other,209872367.0600000024,12.99,497.98
Weekly,2005-12-09,North America,4590247426.5799999237,271.69,513.3
Weekly,2005-12-09,Europe,977939000,57.88,513.3
Weekly,2005-12-09,Asia,,,513.3
Weekly,2005-12-09,Other,223505839.2599999905,13.23,513.3
Weekly,2005-12-16,North America,4498292788.3500003815,275.96,516.35
Weekly,2005-12-16,Europe,932073000,57.18,516.35
Weekly,2005-12-16,Asia,,,516.35
Weekly,2005-12-16,Other,230420135.75,14.14,516.35
Weekly,2005-12-23,North America,4687918736.0399999619,289.68,500.77
Weekly,2005-12-23,Europe,1021243000,63.53,500.77
Weekly,2005-12-23,Asia,,,500.77
Weekly,2005-12-23,Other,283250933.3399999738,17.51,500.77
Weekly,2005-12-30,North America,5036102833.1800003052,305.34,510.24
Weekly,2005-12-30,Europe,1048112000,63.55,510.24
Weekly,2005-12-30,Asia,,,510.24
Weekly,2005-12-30,Other,295577110.6700000167,17.92,510.24
Weekly,2006-01-06,North America,5606525163.3199996948,325.8,526.5
Weekly,2006-01-06,Europe,1088145000,63.23,526.5
Weekly,2006-01-06,Asia,,,526.5
Weekly,2006-01-06,Other,312926894.75,18.18,526.5
Weekly,2006-01-13,North America,5865356182.6999998093,332.76,544.03
Weekly,2006-01-13,Europe,1167207000,66.22,544.03
Weekly,2006-01-13,Asia,,,544.03
Weekly,2006-01-13,Other,323123472.0799999833,18.33,544.03
Weekly,2006-01-20,North America,6125392518.720000267,335.87,556.4
Weekly,2006-01-20,Europe,1216766000,66.72,556.4
Weekly,2006-01-20,Asia,,,556.4
Weekly,2006-01-20,Other,345615874.3199999928,18.95,556.4
Weekly,2006-01-27,North America,6880018395.1300001144,380.94,558.35
Weekly,2006-01-27,Europe,1173014000,64.95,558.35
Weekly,2006-01-27,Asia,,,558.35
Weekly,2006-01-27,Other,356066198.1499999762,19.71,558.35
Weekly,2006-02-03,North America,7159921694.3999996185,391.39,568.63
Weekly,2006-02-03,Europe,1255566000,68.63,568.63
Weekly,2006-02-03,Asia,,,568.63
Weekly,2006-02-03,Other,362578646.0199999809,19.82,568.63
Weekly,2006-02-10,North America,7061153061.1300001144,394.3,558.89
Weekly,2006-02-10,Europe,1214802000,67.84,558.89
Weekly,2006-02-10,Asia,,,558.89
Weekly,2006-02-10,Other,354332578.3899999857,19.79,558.89
Weekly,2006-02-17,North America,7000049422.6099996567,394.65,543.99
Weekly,2006-02-17,Europe,1223880000,69,543.99
Weekly,2006-02-17,Asia,,,543.99
Weekly,2006-02-17,Other,353683537.3399999738,19.94,543.99
Weekly,2006-02-24,North America,7035390276.4099998474,394.88,553.37
Weekly,2006-02-24,Europe,1256694000,70.54,553.37
Weekly,2006-02-24,Asia,,,553.37
Weekly,2006-02-24,Other,371499637.6800000072,20.85,553.37
Weekly,2006-03-03,North America,7224382149.9799995422,397.71,560.45
Weekly,2006-03-03,Europe,1277542000,70.33,560.45
Weekly,2006-03-03,Asia,,,560.45
Weekly,2006-03-03,Other,379326449.2400000095,20.88,560.45
Weekly,2006-03-10,North America,6977579566.7899999619,405.66,549.62
Weekly,2006-03-10,Europe,1217540000,70.78,549.62
Weekly,2006-03-10,Asia,,,549.62
Weekly,2006-03-10,Other,363847770.4300000072,21.15,549.62
Weekly,2006-03-17,North America,7205290920.1800003052,405.44,550.26
Weekly,2006-03-17,Europe,1286682550,72.4,550.26
Weekly,2006-03-17,Asia,,,550.26
Weekly,2006-03-17,Other,375753268.8100000024,21.14,550.26
Weekly,2006-03-24,North America,7203415464.6000003815,402.43,551.45
Weekly,2006-03-24,Europe,1309776830,73.17,551.45
Weekly,2006-03-24,Asia,,,551.45
Weekly,2006-03-24,Other,382050047.3199999928,21.34,551.45
Weekly,2006-03-31,North America,7543774213.779999733,403.16,572.7
Weekly,2006-03-31,Europe,1389915820,74.28,572.7
Weekly,2006-03-31,Asia,,,572.7
Weekly,2006-03-31,Other,397894232.6000000238,21.26,572.7
Weekly,2006-04-07,North America,7700727206.1099996567,406.14,588.75
Weekly,2006-04-07,Europe,1414488750,74.6,588.75
Weekly,2006-04-07,Asia,,,588.75
Weekly,2006-04-07,Other,402055199.0699999928,21.2,588.75
Weekly,2006-04-14,North America,7881267960.9499998093,413.38,595.65
Weekly,2006-04-14,Europe,1593022860,83.56,595.65
Weekly,2006-04-14,Asia,,,595.65
Weekly,2006-04-14,Other,412775303.0799999833,21.65,595.65
Weekly,2006-04-21,North America,8359997737.1899995804,417.04,616.2
Weekly,2006-04-21,Europe,1661884900,82.9,616.2
Weekly,2006-04-21,Asia,,,616.2
Weekly,2006-04-21,Other,433637257.5899999738,21.63,616.2
Weekly,2006-04-28,North America,8651883652.3700008392,417.86,634.95
Weekly,2006-04-28,Europe,1751524220,84.59,634.95
Weekly,2006-04-28,Asia,,,634.95
Weekly,2006-04-28,Other,449725194.3899999857,21.72,634.95
Weekly,2006-05-05,North America,9050311779.9699993134,415.19,666.02
Weekly,2006-05-05,Europe,1852094490,84.97,666.02
Weekly,2006-05-05,Asia,,,666.02
Weekly,2006-05-05,Other,476276538.6000000238,21.85,666.02
Weekly,2006-05-12,North America,9551079926.9599990845,409.75,701.43
Weekly,2006-05-12,Europe,1957031200,83.96,701.43
Weekly,2006-05-12,Asia,,,701.43
Weekly,2006-05-12,Other,509046308.8199999928,21.84,701.43
Weekly,2006-05-19,North America,8447548548.1599998474,403.3,684.8
Weekly,2006-05-19,Europe,1797465400,85.81,684.8
Weekly,2006-05-19,Asia,,,684.8
Weekly,2006-05-19,Other,460731565.1700000167,22,684.8
Weekly,2006-05-26,North America,8365534476.6800003052,405.13,650.5
Weekly,2006-05-26,Europe,1748363700,84.67,650.5
Weekly,2006-05-26,Asia,,,650.5
Weekly,2006-05-26,Other,458202964.5400000215,22.19,650.5
Weekly,2006-06-02,North America,8460668615.6199998856,416.22,642.6
Weekly,2006-06-02,Europe,1729105220,85.06,642.6
Weekly,2006-06-02,Asia,,,642.6
Weekly,2006-06-02,Other,439144048.5799999833,21.6,642.6
Weekly,2006-06-09,North America,8240659841.3900003433,416.09,623.31
Weekly,2006-06-09,Europe,1675071970,84.58,623.31
Weekly,2006-06-09,Asia,,,623.31
Weekly,2006-06-09,Other,438950455.0799999833,22.16,623.31
Weekly,2006-06-16,North America,7847087624.9300003052,425.21,581.39
Weekly,2006-06-16,Europe,1602559350,86.84,581.39
Weekly,2006-06-16,Asia,,,581.39
Weekly,2006-06-16,Other,409442994.9599999785,22.19,581.39
Weekly,2006-06-23,North America,7959283971.4499998093,427.12,575.34
Weekly,2006-06-23,Europe,1617413060,86.8,575.34
Weekly,2006-06-23,Asia,,,575.34
Weekly,2006-06-23,Other,416800982.1200000048,22.37,575.34
Weekly,2006-06-30,North America,8538891876.1300001144,432.91,591.55
Weekly,2006-06-30,Europe,1819185170,92.23,591.55
Weekly,2006-06-30,Asia,,,591.55
Weekly,2006-06-30,Other,441470106.9800000191,22.38,591.55
Weekly,2006-07-07,North America,9028270826.0400009155,444.67,625.09
Weekly,2006-07-07,Europe,1872980990,92.25,625.09
Weekly,2006-07-07,Asia,,,625.09
Weekly,2006-07-07,Other,457020102.1200000048,22.51,625.09
Weekly,2006-07-14,North America,9590348584.9099998474,449.74,643.9
Weekly,2006-07-14,Europe,1962223140,92.02,643.9
Weekly,2006-07-14,Asia,,,643.9
Weekly,2006-07-14,Other,478099151.4700000286,22.42,643.9
Weekly,2006-07-21,North America,8790350791.2999992371,431.25,643.12
Weekly,2006-07-21,Europe,1863699690,91.43,643.12
Weekly,2006-07-21,Asia,,,643.12
Weekly,2006-07-21,Other,456690345.6100000143,22.4,643.12
Weekly,2006-07-28,North America,9147029172.5499992371,446.56,622.97
Weekly,2006-07-28,Europe,1883096210,91.93,622.97
Weekly,2006-07-28,Asia,,,622.97
Weekly,2006-07-28,Other,462994142.4100000262,22.6,622.97
Weekly,2006-08-04,North America,9420541337.7399997711,449.23,644.16
Weekly,2006-08-04,Europe,1921875120,91.65,644.16
Weekly,2006-08-04,Asia,,,644.16
Weekly,2006-08-04,Other,477101219.1299999952,22.75,644.16
Weekly,2006-08-11,North America,9345426845.4200000763,451.01,646.8
Weekly,2006-08-11,Europe,1881922110,90.82,646.8
Weekly,2006-08-11,Asia,,,646.8
Weekly,2006-08-11,Other,471510896.3600000143,22.76,646.8
Weekly,2006-08-18,North America,8918643846.25,451.87,623.85
Weekly,2006-08-18,Europe,1839023940,93.17,623.85
Weekly,2006-08-18,Asia,,,623.85
Weekly,2006-08-18,Other,446933795.2200000286,22.64,623.85
Weekly,2006-08-25,North America,9058808368.4500007629,453.54,624.17
Weekly,2006-08-25,Europe,1868095930,93.53,624.17
Weekly,2006-08-25,Asia,,,624.17
Weekly,2006-08-25,Other,432111978.0400000215,21.63,624.17
Weekly,2006-09-01,North America,9089776883.3899993896,455.23,619.39
Weekly,2006-09-01,Europe,1868050880,93.56,619.39
Weekly,2006-09-01,Asia,,,619.39
Weekly,2006-09-01,Other,433703234.4100000262,21.72,619.39
Weekly,2006-09-08,North America,8923558524.7600002289,455.01,626.28
Weekly,2006-09-08,Europe,1826337750,93.12,626.28
Weekly,2006-09-08,Asia,,,626.28
Weekly,2006-09-08,Other,425393177.0600000024,21.69,626.28
Weekly,2006-09-15,North America,8428932654.8100004196,457.06,585.14
Weekly,2006-09-15,Europe,1731585180,93.9,585.14
Weekly,2006-09-15,Asia,,,585.14
Weekly,2006-09-15,Other,400116991.6999999881,21.7,585.14
Weekly,2006-09-22,North America,8510432416.529999733,449.41,582.4
Weekly,2006-09-22,Europe,1754551940,92.65,582.4
Weekly,2006-09-22,Asia,,,582.4
Weekly,2006-09-22,Other,411590806.7900000215,21.73,582.4
Weekly,2006-09-29,North America,8655364874.1100006104,449.25,594.35
Weekly,2006-09-29,Europe,1786439480,92.72,594.35
Weekly,2006-09-29,Asia,,,594.35
Weekly,2006-09-29,Other,439933879.6600000262,22.83,594.35
Weekly,2006-10-06,North America,8172429909.029999733,453.31,578.1
Weekly,2006-10-06,Europe,1716453200,95.21,578.1
Weekly,2006-10-06,Asia,,,578.1
Weekly,2006-10-06,Other,416411310.8199999928,23.1,578.1
Weekly,2006-10-13,North America,8545257381.1400003433,453.48,575.97
Weekly,2006-10-13,Europe,1783405150,94.64,575.97
Weekly,2006-10-13,Asia,,,575.97
Weekly,2006-10-13,Other,432905424.9599999785,22.97,575.97
Weekly,2006-10-20,North America,8688759935.25,452.98,594.59
Weekly,2006-10-20,Europe,1838166630,95.83,594.59
Weekly,2006-10-20,Asia,,,594.59
Weekly,2006-10-20,Other,442021460.0899999738,23.04,594.59
Weekly,2006-10-27,North America,8660969315.7999992371,451.8,586.32
Weekly,2006-10-27,Europe,1873160550,97.71,586.32
Weekly,2006-10-27,Asia,,,586.32
Weekly,2006-10-27,Other,441546022.4800000191,23.03,586.32
Weekly,2006-11-03,North America,9319472847.6100006104,465.46,613.97
Weekly,2006-11-03,Europe,2044224190,102.1,613.97
Weekly,2006-11-03,Asia,,,613.97
Weekly,2006-11-03,Other,455868140.5199999809,22.77,613.97
Weekly,2006-11-10,North America,9548014568.7600002289,471.92,625.92
Weekly,2006-11-10,Europe,2086665190,103.13,625.92
Weekly,2006-11-10,Asia,,,625.92
Weekly,2006-11-10,Other,460809868.3100000024,22.78,625.92
Weekly,2006-11-17,North America,9539345878.8700008392,478.17,622.7
Weekly,2006-11-17,Europe,2083329480,104.43,622.7
Weekly,2006-11-17,Asia,,,622.7
Weekly,2006-11-17,Other,457489028.0199999809,22.93,622.7
Weekly,2006-11-24,North America,9973111814.8899993896,485.06,630.31
Weekly,2006-11-24,Europe,2163311150,105.22,630.31
Weekly,2006-11-24,Asia,,,630.31
Weekly,2006-11-24,Other,472295293.6000000238,22.97,630.31
Weekly,2006-12-01,North America,10506019386.3700008392,503.7,641.74
Weekly,2006-12-01,Europe,2191814040,105.08,641.74
Weekly,2006-12-01,Asia,,,641.74
Weekly,2006-12-01,Other,481355637.4100000262,23.08,641.74
Weekly,2006-12-08,North America,10310696519.75,503.14,638.61
Weekly,2006-12-08,Europe,2165422060,105.67,638.61
Weekly,2006-12-08,Asia,,,638.61
Weekly,2006-12-08,Other,472808520.8700000048,23.07,638.61
Weekly,2006-12-15,North America,10256079433.7199993134,511.42,625.98
Weekly,2006-12-15,Europe,2148779470,107.15,625.98
Weekly,2006-12-15,Asia,,,625.98
Weekly,2006-12-15,Other,468248886.9100000262,23.35,625.98
Weekly,2006-12-22,North America,10287195778.8700008392,516.26,618.8
Weekly,2006-12-22,Europe,2035795760,102.07,618.8
Weekly,2006-12-22,Asia,,,618.8
Weekly,2006-12-22,Other,465360850.5500000119,23.35,618.8
Weekly,2006-12-29,North America,10574367719.0900001526,517.5,627.14
Weekly,2006-12-29,Europe,2090121140,102.76,627.14
Weekly,2006-12-29,Asia,,,627.14
Weekly,2006-12-29,Other,482648195.3799999952,23.62,627.14
Weekly,2007-01-05,North America,10142143213.9300003052,517.57,631.25
Weekly,2007-01-05,Europe,1989666140,101.53,631.25
Weekly,2007-01-05,Asia,,,631.25
Weekly,2007-01-05,Other,463636495.9300000072,23.66,631.25
Weekly,2007-01-12,North America,10241707223.1900005341,514,611.85
Weekly,2007-01-12,Europe,2053887350,103.08,611.85
Weekly,2007-01-12,Asia,,,611.85
Weekly,2007-01-12,Other,472021105.2300000191,23.69,611.85
Weekly,2007-01-19,North America,10455864533.9799995422,517.03,628.91
Weekly,2007-01-19,Europe,2103472550,104.01,628.91
Weekly,2007-01-19,Asia,,,628.91
Weekly,2007-01-19,Other,481423234.1200000048,23.81,628.91
Weekly,2007-01-26,North America,10670665358.6399993896,514.17,644.17
Weekly,2007-01-26,Europe,2146556770,103.43,644.17
Weekly,2007-01-26,Asia,,,644.17
Weekly,2007-01-26,Other,493324481.0500000119,23.77,644.17
Weekly,2007-02-02,North America,10848623886.3500003815,522.58,649.27
Weekly,2007-02-02,Europe,2156570640,103.88,649.27
Weekly,2007-02-02,Asia,,,649.27
Weekly,2007-02-02,Other,496918201.7200000286,23.94,649.27
Weekly,2007-02-09,North America,11233014329.4599990845,525.79,655.38
Weekly,2007-02-09,Europe,2221014320,103.96,655.38
Weekly,2007-02-09,Asia,,,655.38
Weekly,2007-02-09,Other,516503019.3399999738,24.18,655.38
Weekly,2007-02-16,North America,11546208472.5300006866,539.96,666.09
Weekly,2007-02-16,Europe,2236076430,104.57,666.09
Weekly,2007-02-16,Asia,,,666.09
Weekly,2007-02-16,Other,521750040.1399999857,24.4,666.09
Weekly,2007-02-23,North America,12121541851.0499992371,552.01,671.1
Weekly,2007-02-23,Europe,2297809920,104.64,671.1
Weekly,2007-02-23,Asia,,,671.1
Weekly,2007-02-23,Other,535855731.5500000119,24.4,671.1
Weekly,2007-03-02,North America,11424865304.8299999237,545.1,669.69
Weekly,2007-03-02,Europe,2177642650,103.9,669.69
Weekly,2007-03-02,Asia,,,669.69
Weekly,2007-03-02,Other,526906387.1000000238,25.14,669.69
Weekly,2007-03-09,North America,11481396323.2800006866,547.51,646.68
Weekly,2007-03-09,Europe,2206919980,105.24,646.68
Weekly,2007-03-09,Asia,0,0,646.68
Weekly,2007-03-09,Other,534668191.2599999905,25.5,646.68
Weekly,2007-03-16,North America,11369425824.8299999237,541.38,648.7
Weekly,2007-03-16,Europe,2214719580,105.46,648.7
Weekly,2007-03-16,Asia,0,0,648.7
Weekly,2007-03-16,Other,532492939.9200000167,25.36,648.7
Weekly,2007-03-23,North America,11484934217.1299991608,544.34,658.4
Weekly,2007-03-23,Europe,2228411560,105.62,658.4
Weekly,2007-03-23,Asia,22341716.4200000018,1.04,658.4
Weekly,2007-03-23,Other,538288980.5499999523,25.51,658.4
Weekly,2007-03-30,North America,11679991058.6900005341,548.98,663.3
Weekly,2007-03-30,Europe,2270866600,106.73,663.3
Weekly,2007-03-30,Asia,22142030,1.03,663.3
Weekly,2007-03-30,Other,548770340.8300000429,25.79,663.3
Weekly,2007-04-06,North America,12118861715.6399993896,559.67,668.35
Weekly,2007-04-06,Europe,2304894200,106.44,668.35
Weekly,2007-04-06,Asia,22530945.0599999987,1.03,668.35
Weekly,2007-04-06,Other,559784741.8700000048,25.85,668.35
Weekly,2007-04-13,North America,12270461727.9699993134,559.82,677.62
Weekly,2007-04-13,Europe,2319747190,105.83,677.62
Weekly,2007-04-13,Asia,22693749.8900000006,1.03,677.62
Weekly,2007-04-13,Other,565772707.2799999714,25.81,677.62
Weekly,2007-04-20,North America,12446395094.1700000763,559.92,687.31
Weekly,2007-04-20,Europe,2398632040,107.91,687.31
Weekly,2007-04-20,Asia,54289706.8100000024,2.43,687.31
Weekly,2007-04-20,Other,573520906.3500000238,25.8,687.31
Weekly,2007-04-27,North America,12162884609.5,558.39,682.32
Weekly,2007-04-27,Europe,2344658618,107.64,682.32
Weekly,2007-04-27,Asia,53170397.5700000003,2.43,682.32
Weekly,2007-04-27,Other,563551681.1599999666,25.87,682.32
Weekly,2007-05-04,North America,12206808814.1299991608,551.21,676.62
Weekly,2007-05-04,Europe,2417881037,109.18,676.62
Weekly,2007-05-04,Asia,55388253.2299999967,2.5,676.62
Weekly,2007-05-04,Other,574642854.9299999475,25.95,676.62
Weekly,2007-05-11,North America,11741074172.5499992371,545.87,679.71
Weekly,2007-05-11,Europe,2360950496,109.77,679.71
Weekly,2007-05-11,Asia,54448186.6199999973,2.5,679.71
Weekly,2007-05-11,Other,562559728.6200000048,26.15,679.71
Weekly,2007-05-18,North America,11314664790.9799995422,535.66,663.99
Weekly,2007-05-18,Europe,2346285545,111.08,663.99
Weekly,2007-05-18,Asia,53630085.7800000012,2.5,663.99
Weekly,2007-05-18,Other,557712029.8099999428,26.4,663.99
Weekly,2007-05-25,North America,11343085715.5799999237,538.39,659.27
Weekly,2007-05-25,Europe,2327841994,110.49,659.27
Weekly,2007-05-25,Asia,53163124.7700000033,2.5,659.27
Weekly,2007-05-25,Other,573926584.0900000334,27.24,659.27
Weekly,2007-06-01,North America,11662326026.3899993896,544.24,658.74
Weekly,2007-06-01,Europe,2377299514,110.94,658.74
Weekly,2007-06-01,Asia,59669291.5900000036,2.77,658.74
Weekly,2007-06-01,Other,596324683.7699999809,27.83,658.74
Weekly,2007-06-08,North America,11280515718.6700000763,535.46,667.26
Weekly,2007-06-08,Europe,2355460387,111.81,667.26
Weekly,2007-06-08,Asia,58730047.4600000009,2.77,667.26
Weekly,2007-06-08,Other,592595630.2300000191,28.13,667.26
Weekly,2007-06-15,North America,11323925090.9599990845,539.29,650.31
Weekly,2007-06-15,Europe,2379904519,113.34,650.31
Weekly,2007-06-15,Asia,58483860.0700000003,2.77,650.31
Weekly,2007-06-15,Other,592319009.7200000286,28.21,650.31
Weekly,2007-06-22,North America,11350015366.3400001526,540.74,654.67
Weekly,2007-06-22,Europe,2382812237.7899999619,113.52,654.67
Weekly,2007-06-22,Asia,58729140.1700000018,2.77,654.67
Weekly,2007-06-22,Other,594884235.6399999857,28.34,654.67
Weekly,2007-06-29,North America,11091806650.9699993134,530.35,647.52
Weekly,2007-06-29,Europe,2444467097,116.88,647.52
Weekly,2007-06-29,Asia,62740760,2.97,647.52
Weekly,2007-06-29,Other,597152622.7400000095,28.55,647.52
Weekly,2007-07-06,North America,11262511978.6499996185,539.97,652.58
Weekly,2007-07-06,Europe,2458631567,117.88,652.58
Weekly,2007-07-06,Asia,62482177.5399999991,2.97,652.58
Weekly,2007-07-06,Other,596870044.1900000572,28.62,652.58
Weekly,2007-07-13,North America,11806977026.3899993896,550.99,663.94
Weekly,2007-07-13,Europe,2518989618,117.55,663.94
Weekly,2007-07-13,Asia,64358082.8900000006,2.97,663.94
Weekly,2007-07-13,Other,617043473.7699999809,28.8,663.94
Weekly,2007-07-20,North America,12348056597.1900005341,563.48,671.07
Weekly,2007-07-20,Europe,2581067442,117.78,671.07
Weekly,2007-07-20,Asia,65228792.6000000015,2.97,671.07
Weekly,2007-07-20,Other,644141824.6900000572,29.39,671.07
Weekly,2007-07-27,North America,11960353835.6100006104,563.22,674.31
Weekly,2007-07-27,Europe,2533815014,119.32,674.31
Weekly,2007-07-27,Asia,63730628.3999999985,2.97,674.31
Weekly,2007-07-27,Other,630575655.8799999952,29.69,674.31
Weekly,2007-08-03,North America,12364253420.25,573.56,665.9
Weekly,2007-08-03,Europe,2601322107,120.67,665.9
Weekly,2007-08-03,Asia,64470582.1400000006,2.99,665.9
Weekly,2007-08-03,Other,648104338.6200000048,30.06,665.9
Weekly,2007-08-10,North America,12386033123.3199996948,576.29,669.22
Weekly,2007-08-10,Europe,2751920017,128.04,669.22
Weekly,2007-08-10,Asia,74382363.2199999988,3.46,669.22
Weekly,2007-08-10,Other,644744940.7200000286,30,669.22
Weekly,2007-08-17,North America,12147447040.2099990845,574.64,664.82
Weekly,2007-08-17,Europe,2566443673,121.41,664.82
Weekly,2007-08-17,Asia,73463542.2800000012,3.46,664.82
Weekly,2007-08-17,Other,639871852.3099999428,30.27,664.82
Weekly,2007-08-24,North America,12396812054.0499992371,583.47,659.62
Weekly,2007-08-24,Europe,2599884477,122.37,659.62
Weekly,2007-08-24,Asia,74351677.8799999952,3.46,659.62
Weekly,2007-08-24,Other,689683660.7200000286,32.46,659.62
Weekly,2007-08-31,North America,12595889367.9500007629,583,665.82
Weekly,2007-08-31,Europe,2627607446,121.62,665.82
Weekly,2007-08-31,Asia,73416510,3.37,665.82
Weekly,2007-08-31,Other,707828481.5299999714,32.76,665.82
Weekly,2007-09-07,North America,13906918723.4099998474,617.05,684.03
Weekly,2007-09-07,Europe,2744345587,121.77,684.03
Weekly,2007-09-07,Asia,76377155.700000003,3.37,684.03
Weekly,2007-09-07,Other,741363885.1900000572,32.89,684.03
Weekly,2007-09-14,North America,14624306318.8199996948,634.98,706.9
Weekly,2007-09-14,Europe,2818133903,122.36,706.9
Weekly,2007-09-14,Asia,77321615.0100000054,3.37,706.9
Weekly,2007-09-14,Other,779832489.3999999762,33.86,706.9
Weekly,2007-09-21,North America,15317134168.1200008392,646.43,726.08
Weekly,2007-09-21,Europe,2951091427,124.54,726.08
Weekly,2007-09-21,Asia,80334090.5400000066,3.37,726.08
Weekly,2007-09-21,Other,822686474.9199999571,34.72,726.08
Weekly,2007-09-28,North America,15485583558.8999996185,648.26,733.6
Weekly,2007-09-28,Europe,3117051695,130.49,733.6
Weekly,2007-09-28,Asia,81664900,3.43,733.6
Weekly,2007-09-28,Other,830790701.5399999619,34.78,733.6
Weekly,2007-10-05,North America,15367711135.7800006866,658.84,733.25
Weekly,2007-10-05,Europe,3157725243,135.38,733.25
Weekly,2007-10-05,Asia,81164024.950000003,3.4,733.25
Weekly,2007-10-05,Other,870309136.3899999857,37.07,733.25
Weekly,2007-10-12,North America,16022162398.9200000763,664.9,741.9
Weekly,2007-10-12,Europe,3202337899,132.89,741.9
Weekly,2007-10-12,Asia,82450704.8700000048,3.4,741.9
Weekly,2007-10-12,Other,883530884.1599999666,36.67,741.9
Weekly,2007-10-19,North America,16342611628.1900005341,666.2,761.05
Weekly,2007-10-19,Europe,3351271746,136.61,761.05
Weekly,2007-10-19,Asia,84611398.0100000054,3.4,761.05
Weekly,2007-10-19,Other,903059440.2699999809,36.81,761.05
Weekly,2007-10-26,North America,16792746334.3999996185,670.36,762.73
Weekly,2007-10-26,Europe,3453731031,137.87,762.73
Weekly,2007-10-26,Asia,85392793.8299999982,3.4,762.73
Weekly,2007-10-26,Other,920428793.3300000429,36.74,762.73
Weekly,2007-11-02,North America,17189622326.7400016785,671.26,789.6
Weekly,2007-11-02,Europe,3586202244,140.04,789.6
Weekly,2007-11-02,Asia,86743461.9699999988,3.4,789.6
Weekly,2007-11-02,Other,956658163.4700000286,37.36,789.6
Weekly,2007-11-09,North America,18018880172.9900016785,674.02,826.87
Weekly,2007-11-09,Europe,3763958889,140.8,826.87
Weekly,2007-11-09,Asia,90958921.4200000018,3.4,826.87
Weekly,2007-11-09,Other,1009781593.4299999475,37.77,826.87
Weekly,2007-11-16,North America,16831461262.1100006104,662.89,801
Weekly,2007-11-16,Europe,3580342243,141.01,801
Weekly,2007-11-16,Asia,86804755.25,3.4,801
Weekly,2007-11-16,Other,964002246.4099999666,37.97,801
Weekly,2007-11-23,North America,17396594672.9399986267,663.72,798.17
Weekly,2007-11-23,Europe,3707948917.5599999428,141.47,798.17
Weekly,2007-11-23,Asia,88534666.4800000042,3.4,798.17
Weekly,2007-11-23,Other,1002063783.0900000334,38.23,798.17
Weekly,2007-11-30,North America,17025547246.7000007629,675.88,804.1
Weekly,2007-11-30,Europe,3581241512,142.17,804.1
Weekly,2007-11-30,Asia,115899690,4.5,804.1
Weekly,2007-11-30,Other,971677817.2799999714,38.57,804.1
Weekly,2007-12-07,North America,17248308532.8800010681,676.95,793.75
Weekly,2007-12-07,Europe,3668391476,143.97,793.75
Weekly,2007-12-07,Asia,116377076.0300000012,4.5,793.75
Weekly,2007-12-07,Other,1018102499.3400000334,39.96,793.75
Weekly,2007-12-14,North America,17528478437.4900016785,690.56,804.49
Weekly,2007-12-14,Europe,3671594256,144.65,804.49
Weekly,2007-12-14,Asia,115914326.900000006,4.5,804.49
Weekly,2007-12-14,Other,1053994198.6499999762,41.52,804.49
Weekly,2007-12-21,North America,18056663905.2400016785,692.94,800.1
Weekly,2007-12-21,Europe,3776902345,144.94,800.1
Weekly,2007-12-21,Asia,116689108.3100000024,4.5,800.1
Weekly,2007-12-21,Other,1139808241.4500000477,43.74,800.1
Weekly,2007-12-28,North America,18862485194.5299987793,703.67,818.7
Weekly,2007-12-28,Europe,3894473203,145.29,818.7
Weekly,2007-12-28,Asia,120816896.6099999994,4.5,818.7
Weekly,2007-12-28,Other,1169330301.2599999905,43.62,818.7
Weekly,2008-01-04,North America,19425269855.2299995422,706.66,846.72
Weekly,2008-01-04,Europe,4086831468,148.67,846.72
Weekly,2008-01-04,Asia,121783759.9699999988,4.38,846.72
Weekly,2008-01-04,Other,1207603459.9100000858,43.93,846.72
Weekly,2008-01-11,North America,20624038611.2400016785,719.95,877
Weekly,2008-01-11,Europe,4388588244,153.2,877
Weekly,2008-01-11,Asia,126045654.8100000024,4.38,877
Weekly,2008-01-11,Other,1284057103.5899999142,44.82,877
Weekly,2008-01-18,North America,19887251222.2400016785,701.32,895
Weekly,2008-01-18,Europe,4376532952,154.34,895
Weekly,2008-01-18,Asia,124065981.9399999976,4.38,895
Weekly,2008-01-18,Other,1315396925.1700000763,46.39,895
Weekly,2008-01-25,North America,20959808058.4900016785,709.96,892.4
Weekly,2008-01-25,Europe,4624085272,156.63,892.4
Weekly,2008-01-25,Asia,130421753.7099999934,4.38,892.4
Weekly,2008-01-25,Other,1370747137.9800000191,46.43,892.4
Weekly,2008-02-01,North America,20926219534.9900016785,711.54,920.65
Weekly,2008-02-01,Europe,4722195988,160.56,920.65
Weekly,2008-02-01,Asia,121784156.3400000036,4.04,920.65
Weekly,2008-02-01,Other,1438597141.0199999809,48.92,920.65
Weekly,2008-02-08,North America,20973662916.4900016785,711.98,900.05
Weekly,2008-02-08,Europe,4808881538,163.24,900.05
Weekly,2008-02-08,Asia,119419920.2600000054,4.04,900.05
Weekly,2008-02-08,Other,1439601754.0499999523,48.87,900.05
Weekly,2008-02-15,North America,20864384112.7400016785,711.18,910.5
Weekly,2008-02-15,Europe,4828231855,164.58,910.5
Weekly,2008-02-15,Asia,118825565.5300000012,4.04,910.5
Weekly,2008-02-15,Other,1442669321.4800000191,49.17,910.5
Weekly,2008-02-22,North America,21582251603.25,711.86,927.05
Weekly,2008-02-22,Europe,5076406613,167.44,927.05
Weekly,2008-02-22,Asia,122874669.5100000054,4.04,927.05
Weekly,2008-02-22,Other,1478477213.0299999714,48.77,927.05
Weekly,2008-02-29,North America,22490171851.7599983215,720.04,953.1
Weekly,2008-02-29,Europe,5287014080,169.27,953.1
Weekly,2008-02-29,Asia,124561145.3900000006,4,953.1
Weekly,2008-02-29,Other,1543820604.9600000381,49.43,953.1
Weekly,2008-03-07,North America,22850272072.7599983215,730.82,979.35
Weekly,2008-03-07,Europe,5549032251,177.47,979.35
Weekly,2008-03-07,Asia,126474279.4800000042,4,979.35
Weekly,2008-03-07,Other,1561149724.4200000763,49.93,979.35
Weekly,2008-03-14,North America,23753651200.2700004578,738.82,982.65
Weekly,2008-03-14,Europe,5740932135,178.56,982.65
Weekly,2008-03-14,Asia,128260237.3299999982,4,982.65
Weekly,2008-03-14,Other,1656401739.5599999428,51.45,982.65
Weekly,2008-03-21,North America,21609026793.9300003052,724.46,965.6
Weekly,2008-03-21,Europe,5418303191.0900001526,181.65,965.6
Weekly,2008-03-21,Asia,122232640.799999997,4,965.6
Weekly,2008-03-21,Other,1555699218.5999999046,52.16,965.6
Weekly,2008-03-28,North America,21820231494.5,726.45,936.05
Weekly,2008-03-28,Europe,5506334471,183.32,936.05
Weekly,2008-03-28,Asia,122525917.1200000048,4,936.05
Weekly,2008-03-28,Other,1581999635.0899999142,52.67,936.05
Weekly,2008-04-04,North America,21162268365.7400016785,726.91,902.65
Weekly,2008-04-04,Europe,5474289663,188.04,902.65
Weekly,2008-04-04,Asia,114378321.3400000036,3.9,902.65
Weekly,2008-04-04,Other,1550622255.5,53.26,902.65
Weekly,2008-04-11,North America,21664118508,726.3,922.85
Weekly,2008-04-11,Europe,5601219408,187.78,922.85
Weekly,2008-04-11,Asia,116720937.9599999934,3.9,922.85
Weekly,2008-04-11,Other,1511360428.2999999523,50.67,922.85
Weekly,2008-04-18,North America,21234908608.9900016785,726.8,931.2
Weekly,2008-04-18,Europe,5561537668,190.35,931.2
Weekly,2008-04-18,Asia,120176157.9800000042,3.9,931.2
Weekly,2008-04-18,Other,1479344252.8800001144,50.63,931.2
Weekly,2008-04-25,North America,19362695271.7400016785,675.54,904.4
Weekly,2008-04-25,Europe,5521821808,192.65,904.4
Weekly,2008-04-25,Asia,111933506.650000006,3.9,904.4
Weekly,2008-04-25,Other,1479190298.3499999046,51.61,904.4
Weekly,2008-05-02,North America,18220563373.7299995422,664,869.6
Weekly,2008-05-02,Europe,5245676272,191.16,869.6
Weekly,2008-05-02,Asia,108090617.7199999988,3.91,869.6
Weekly,2008-05-02,Other,1414804758.9200000763,51.56,869.6
Weekly,2008-05-09,North America,18953052996.2299995422,672.95,870.95
Weekly,2008-05-09,Europe,5266406944,186.99,870.95
Weekly,2008-05-09,Asia,112180237.7900000066,3.91,870.95
Weekly,2008-05-09,Other,1449331963.8800001144,51.46,870.95
Weekly,2008-05-16,North America,19206600037.2400016785,665.99,878.65
Weekly,2008-05-16,Europe,5408917988,187.55,878.65
Weekly,2008-05-16,Asia,112002871.5400000066,3.91,878.65
Weekly,2008-05-16,Other,1493206119.1800000668,51.78,878.65
Weekly,2008-05-23,North America,20078885527.75,673.34,918.85
Weekly,2008-05-23,Europe,5801491599,194.55,918.85
Weekly,2008-05-23,Asia,116918650.8400000036,3.91,918.85
Weekly,2008-05-23,Other,1255910612.3499999046,42.12,918.85
Weekly,2008-05-30,North America,19403090825.9900016785,681.35,901.1
Weekly,2008-05-30,Europe,5556779927,195.13,901.1
Weekly,2008-05-30,Asia,122134962.0600000024,4.24,901.1
Weekly,2008-05-30,Other,1212578951.7000000477,42.58,901.1
Weekly,2008-06-06,North America,19421973150.7400016785,678.37,884.05
Weekly,2008-06-06,Europe,5655019939,197.52,884.05
Weekly,2008-06-06,Asia,120237736.1899999976,4.23,884.05
Weekly,2008-06-06,Other,1215275730.6400001049,42.45,884.05
Weekly,2008-06-13,North America,19140648486.2299995422,687.46,875.75
Weekly,2008-06-13,Europe,5472533881,196.55,875.75
Weekly,2008-06-13,Asia,118048475.4200000018,4.23,875.75
Weekly,2008-06-13,Other,1187344026.1199998856,42.64,875.75
Weekly,2008-06-20,North America,20347659607.7400016785,697.39,893.55
Weekly,2008-06-20,Europe,5796593776.0699996948,198.67,893.55
Weekly,2008-06-20,Asia,123185743.4699999988,4.23,893.55
Weekly,2008-06-20,Other,1242581176.8299999237,42.59,893.55
Weekly,2008-06-27,North America,21481790659.75,726.65,896.45
Weekly,2008-06-27,Europe,6016110812,203.5,896.45
Weekly,2008-06-27,Asia,125659029.8799999952,4.23,896.45
Weekly,2008-06-27,Other,1257083864.1500000954,42.52,896.45
Weekly,2008-07-04,North America,22161827591.1599998474,740.2,933.65
Weekly,2008-07-04,Europe,6497254044,217.01,933.65
Weekly,2008-07-04,Asia,129644615.3700000048,4.31,933.65
Weekly,2008-07-04,Other,1272478742.6099998951,42.5,933.65
Weekly,2008-07-11,North America,24378163343.0099983215,787.58,933.45
Weekly,2008-07-11,Europe,6848052221,221.24,933.45
Weekly,2008-07-11,Asia,132151432.7900000066,4.31,933.45
Weekly,2008-07-11,Other,1352762405.7599999905,43.7,933.45
Weekly,2008-07-18,North America,24198335280.0099983215,784.22,971.35
Weekly,2008-07-18,Europe,7082287398,229.52,971.35
Weekly,2008-07-18,Asia,134675192.2400000095,4.31,971.35
Weekly,2008-07-18,Other,1362234385.9300000668,44.15,971.35
Weekly,2008-07-25,North America,22362173280.75,755.61,939.4
Weekly,2008-07-25,Europe,6898068315,233.08,939.4
Weekly,2008-07-25,Asia,129896322.0799999982,4.31,939.4
Weekly,2008-07-25,Other,1324434570.75,44.75,939.4
Weekly,2008-08-01,North America,22164160412.7400016785,755.49,913.65
Weekly,2008-08-01,Europe,6949193097,236.87,913.65
Weekly,2008-08-01,Asia,129202405.5199999958,4.38,913.65
Weekly,2008-08-01,Other,1314722995.9900000095,44.81,913.65
Weekly,2008-08-08,North America,20319288252.7299995422,741.35,878.25
Weekly,2008-08-08,Europe,6499617403,237.14,878.25
Weekly,2008-08-08,Asia,122230847.8900000006,4.38,878.25
Weekly,2008-08-08,Other,1225970466.9600000381,44.73,878.25
Weekly,2008-08-15,North America,18733611866.7099990845,740.85,818.65
Weekly,2008-08-15,Europe,5935914328,234.75,818.65
Weekly,2008-08-15,Asia,118760928.299999997,4.38,818.65
Weekly,2008-08-15,Other,1135878790.0399999619,44.92,818.65
Weekly,2008-08-22,North America,19430861704.2200012207,733.46,811.65
Weekly,2008-08-22,Europe,6288967624,237.39,811.65
Weekly,2008-08-22,Asia,118694393.1599999964,4.38,811.65
Weekly,2008-08-22,Other,1144180551.9300000668,43.19,811.65
Weekly,2008-08-29,North America,19582074793.2200012207,731.18,829.85
Weekly,2008-08-29,Europe,6383170401,238.34,829.85
Weekly,2008-08-29,Asia,130656216.1800000072,4.84,829.85
Weekly,2008-08-29,Other,1166649078.7799999714,43.56,829.85
Weekly,2008-09-05,North America,18751231128.7200012207,721.37,807.7
Weekly,2008-09-05,Europe,6302386067,242.46,807.7
Weekly,2008-09-05,Asia,125203443.9300000072,4.82,807.7
Weekly,2008-09-05,Other,1105984412.3399999142,42.55,807.7
Weekly,2008-09-12,North America,16775651730.4500007629,695.48,771.3
Weekly,2008-09-12,Europe,5685025254,235.69,771.3
Weekly,2008-09-12,Asia,119981644.4599999934,4.82,771.3
Weekly,2008-09-12,Other,1011908135.2100000381,41.95,771.3
Weekly,2008-09-19,North America,21274514849.2299995422,761.46,819.9
Weekly,2008-09-19,Europe,6520961586,233.4,819.9
Weekly,2008-09-19,Asia,131042452.2600000054,4.82,819.9
Weekly,2008-09-19,Other,1164199266.1900000572,41.67,819.9
Weekly,2008-09-26,North America,23396797342.2400016785,806.79,894.9
Weekly,2008-09-26,Europe,5953601003,205.3,894.9
Weekly,2008-09-26,Asia,134203144.5,4.82,894.9
Weekly,2008-09-26,Other,1210679474.6600000858,41.75,894.9
Weekly,2008-10-03,North America,21924726688.2200012207,823.59,869.9
Weekly,2008-10-03,Europe,6834212047,256.72,869.9
Weekly,2008-10-03,Asia,134899083.7599999905,4.96,869.9
Weekly,2008-10-03,Other,1106933324.2699999809,41.58,869.9
Weekly,2008-10-10,North America,24716987760.7400016785,853.73,887.95
Weekly,2008-10-10,Europe,7883114351,272.28,887.95
Weekly,2008-10-10,Asia,142098153.9900000095,4.96,887.95
Weekly,2008-10-10,Other,1199734392.4800000191,41.44,887.95
Weekly,2008-10-17,North America,21268261724.7099990845,843.23,819.6
Weekly,2008-10-17,Europe,7051783923,279.59,819.6
Weekly,2008-10-17,Asia,127741598.2800000012,4.96,819.6
Weekly,2008-10-17,Other,1045744513.3300000429,41.46,819.6
Weekly,2008-10-24,North America,19097111712.6899986267,833.67,748.7
Weekly,2008-10-24,Europe,6379308117.9200000763,278.48,748.7
Weekly,2008-10-24,Asia,114459350.7199999988,4.99,748.7
Weekly,2008-10-24,Other,933727987.3099999428,40.76,748.7
Weekly,2008-10-31,North America,19571642670.9399986267,833.04,742.2
Weekly,2008-10-31,Europe,6608505176.1199998856,281.28,742.2
Weekly,2008-10-31,Asia,88643410,3.72,742.2
Weekly,2008-10-31,Other,973318914.3600000143,41.43,742.2
Weekly,2008-11-07,North America,19715157715.4500007629,834.02,742.85
Weekly,2008-11-07,Europe,6717273802.2600002289,284.16,742.85
Weekly,2008-11-07,Asia,90683226.599999994,3.72,742.85
Weekly,2008-11-07,Other,955817401.4400000572,40.43,742.85
Weekly,2008-11-14,North America,20021214247.7000007629,833.08,734.5
Weekly,2008-11-14,Europe,6731314891.5699996948,280.09,734.5
Weekly,2008-11-14,Asia,89364825.7600000054,3.72,734.5
Weekly,2008-11-14,Other,992733787.9500000477,41.31,734.5
Weekly,2008-11-21,North America,20942680014.7099990845,841.05,749.3
Weekly,2008-11-21,Europe,7056855197.3100004196,283.4,749.3
Weekly,2008-11-21,Asia,91618821.950000003,3.72,749.3
Weekly,2008-11-21,Other,1024491230.4600000381,41.14,749.3
Weekly,2008-11-28,North America,22109000154.7200012207,844.28,816.8
Weekly,2008-11-28,Europe,7477150871.029999733,285.53,816.8
Weekly,2008-11-28,Asia,97652827.4599999934,3.75,816.8
Weekly,2008-11-28,Other,1077207662.3199999332,41.14,816.8
Weekly,2008-12-05,North America,20306778329.2000007629,843.27,769.3
Weekly,2008-12-05,Europe,7016811433.3000001907,291.38,769.3
Weekly,2008-12-05,Asia,93149123.950000003,3.73,769.3
Weekly,2008-12-05,Other,985405983.6499999762,40.92,769.3
Weekly,2008-12-12,North America,22512672606.7200012207,847.21,798.3
Weekly,2008-12-12,Europe,7833274956.5,294.79,798.3
Weekly,2008-12-12,Asia,97932291.349999994,3.73,798.3
Weekly,2008-12-12,Other,1094262467.8800001144,41.18,798.3
Weekly,2008-12-19,North America,23182968275.9700012207,862.78,845.05
Weekly,2008-12-19,Europe,8001188388.9899997711,297.77,845.05
Weekly,2008-12-19,Asia,100492951.3100000024,3.73,845.05
Weekly,2008-12-19,Other,1112353803,41.4,845.05
Weekly,2008-12-26,North America,23285606663.7200012207,858.64,840.55
Weekly,2008-12-26,Europe,8208028399.3100004196,303.6,840.55
Weekly,2008-12-26,Asia,100693921.799999997,3.73,840.55
Weekly,2008-12-26,Other,1113452612.4200000763,41.06,840.55
Weekly,2009-01-02,North America,24450393176.1599998474,869.63,870.9
Weekly,2009-01-02,Europe,8659376558.4099998474,307.99,870.9
Weekly,2009-01-02,Asia,150914926.4799999893,5.41,870.9
Weekly,2009-01-02,Other,1193095430.3599998951,42.44,870.9
Weekly,2009-01-09,North America,23901546627.5,877.45,850.65
Weekly,2009-01-09,Europe,8451517632.7399997711,310.26,850.65
Weekly,2009-01-09,Asia,149272018.3199999928,5.41,850.65
Weekly,2009-01-09,Other,1136385362.6199998856,41.72,850.65
Weekly,2009-01-16,North America,23737065184.1300010681,885.52,823.75
Weekly,2009-01-16,Europe,8401055533.3699998856,313.41,823.75
Weekly,2009-01-16,Asia,143986709.4300000072,5.41,823.75
Weekly,2009-01-16,Other,1117748769.8900001049,41.7,823.75
Weekly,2009-01-23,North America,26011951385.7299995422,923.85,854.25
Weekly,2009-01-23,Europe,9243747384.4899997711,328.3,854.25
Weekly,2009-01-23,Asia,151764830.2599999905,5.41,854.25
Weekly,2009-01-23,Other,1232961131.7300000191,43.79,854.25
Weekly,2009-01-30,North America,27626048720.7299995422,934.49,902.95
Weekly,2009-01-30,Europe,10016960591.8299999237,338.84,902.95
Weekly,2009-01-30,Asia,152514596.9399999976,5.25,902.95
Weekly,2009-01-30,Other,1286725499.4700000286,43.53,902.95
Weekly,2009-02-06,North America,28113126910.9599990845,957.74,912.15
Weekly,2009-02-06,Europe,10402870958.8999996185,354.4,912.15
Weekly,2009-02-06,Asia,153103037.7299999893,5.23,912.15
Weekly,2009-02-06,Other,1308347500.3800001144,44.57,912.15
Weekly,2009-02-13,North America,32416503183.2400016785,1077.78,924.3
Weekly,2009-02-13,Europe,10849909487.1000003815,360.74,924.3
Weekly,2009-02-13,Asia,157592450.0399999917,5.23,924.3
Weekly,2009-02-13,Other,1346542264.9300000668,44.77,924.3
Weekly,2009-02-20,North America,35655431032.9000015259,1121.34,968.8
Weekly,2009-02-20,Europe,11923535970,374.99,968.8
Weekly,2009-02-20,Asia,163629354.6899999976,5.23,968.8
Weekly,2009-02-20,Other,1427207981.3199999332,44.88,968.8
Weekly,2009-02-27,North America,34216612769.5900001526,1117.92,967.4
Weekly,2009-02-27,Europe,11563232715,377.79,967.4
Weekly,2009-02-27,Asia,152076005.4099999964,5.05,967.4
Weekly,2009-02-27,Other,1377240174.9400000572,45,967.4
Weekly,2009-03-06,North America,33674419607.0699996948,1119.01,921.7
Weekly,2009-03-06,Europe,11531011340,383.18,921.7
Weekly,2009-03-06,Asia,151213956.0699999928,5.05,921.7
Weekly,2009-03-06,Other,1352017779.4800000191,44.93,921.7
Weekly,2009-03-13,North America,34177906105.8100013733,1145.53,915.6
Weekly,2009-03-13,Europe,11610995606,389.16,915.6
Weekly,2009-03-13,Asia,148846953.75,5.05,915.6
Weekly,2009-03-13,Other,1361751486.75,45.64,915.6
Weekly,2009-03-20,North America,36932291064.9000015259,1204.11,927.75
Weekly,2009-03-20,Europe,12178800427,397.07,927.75
Weekly,2009-03-20,Asia,154179398.650000006,5.05,927.75
Weekly,2009-03-20,Other,1403359113.1300001144,45.75,927.75
Weekly,2009-03-27,North America,36144126635.1900024414,1216.68,932.85
Weekly,2009-03-27,Europe,12156595057,409.21,932.85
Weekly,2009-03-27,Asia,151076277.4699999988,5.05,932.85
Weekly,2009-03-27,Other,1358065040.3900001049,45.71,932.85
Weekly,2009-04-03,North America,35388605329.6999969482,1216.25,914.35
Weekly,2009-04-03,Europe,12101970978,415.93,914.35
Weekly,2009-04-03,Asia,142143297.2199999988,4.87,914.35
Weekly,2009-04-03,Other,1306721105.7599999905,44.91,914.35
Weekly,2009-04-10,North America,34461114662.0999984741,1217.33,878.2
Weekly,2009-04-10,Europe,11957098940.5,422.38,878.2
Weekly,2009-04-10,Asia,138921693.3000000119,4.87,878.2
Weekly,2009-04-10,Other,1254373628.1900000572,44.31,878.2
Weekly,2009-04-17,North America,33465249185.5299987793,1195.73,882
Weekly,2009-04-17,Europe,11854991727,423.59,882
Weekly,2009-04-17,Asia,136987534.4600000083,4.87,882
Weekly,2009-04-17,Other,1237376965.9200000763,44.21,882
Weekly,2009-04-24,North America,34860465848.8399963379,1194.8,891.35
Weekly,2009-04-24,Europe,12441393828,426.41,891.35
Weekly,2009-04-24,Asia,143221229.3100000024,4.87,891.35
Weekly,2009-04-24,Other,1288666596.3299999237,44.17,891.35
Weekly,2009-05-01,North America,33969285552.7299995422,1194.53,892.9
Weekly,2009-05-01,Europe,12317987073.8500003815,433.16,892.9
Weekly,2009-05-01,Asia,140966557.4399999976,4.87,892.9
Weekly,2009-05-01,Other,1252514267.9400000572,44.04,892.9
Weekly,2009-05-08,North America,34839739025.0100021362,1194.75,904.75
Weekly,2009-05-08,Europe,12788681065,438.56,904.75
Weekly,2009-05-08,Asia,144279744.0099999905,4.87,904.75
Weekly,2009-05-08,Other,1313547352,45.05,904.75
Weekly,2009-05-15,North America,35733151797.3000030518,1195.72,921.75
Weekly,2009-05-15,Europe,13053617107,436.81,921.75
Weekly,2009-05-15,Asia,146147079.2299999893,4.87,921.75
Weekly,2009-05-15,Other,1344454006.0599999428,44.99,921.75
Weekly,2009-05-22,North America,37311696288.9300003052,1209.19,936.5
Weekly,2009-05-22,Europe,13588081792,440.36,936.5
Weekly,2009-05-22,Asia,150129746.3799999952,4.87,936.5
Weekly,2009-05-22,Other,1446392157.4100000858,46.87,936.5
Weekly,2009-05-29,North America,38299875889.6699981689,1221.18,957.8
Weekly,2009-05-29,Europe,13923197220,443.94,957.8
Weekly,2009-05-29,Asia,154352017.9699999988,4.9,957.8
Weekly,2009-05-29,Other,1502454551.2599999905,47.91,957.8
Weekly,2009-06-05,North America,38188092706.1600036621,1234.7,974.25
Weekly,2009-06-05,Europe,13867873663,448.38,974.25
Weekly,2009-06-05,Asia,157707720.3799999952,5.01,974.25
Weekly,2009-06-05,Other,1572256960.8199999332,50.83,974.25
Weekly,2009-06-12,North America,37208273916.6399993896,1234.79,947.65
Weekly,2009-06-12,Europe,13619693574,451.98,947.65
Weekly,2009-06-12,Asia,153611525.400000006,5.01,947.65
Weekly,2009-06-12,Other,1572036373.3499999046,52.17,947.65
Weekly,2009-06-19,North America,37142404671.3300018311,1235.24,934.5
Weekly,2009-06-19,Europe,13511927721.2800006866,449.36,934.5
Weekly,2009-06-19,Asia,151318435.5200000107,5.01,934.5
Weekly,2009-06-19,Other,1562592609.2100000381,51.97,934.5
Weekly,2009-06-26,North America,37232523643.0100021362,1229.36,930.55
Weekly,2009-06-26,Europe,13659131281.1000003815,451,930.55
Weekly,2009-06-26,Asia,153145214.4399999976,5.01,930.55
Weekly,2009-06-26,Other,1621445029.4300000668,53.54,930.55
Weekly,2009-07-03,North America,36719108741.1900024414,1224.76,934.05
Weekly,2009-07-03,Europe,13626635749.9400005341,454.52,934.05
Weekly,2009-07-03,Asia,174065281.0600000024,5.77,934.05
Weekly,2009-07-03,Other,1594323276.9700000286,53.18,934.05
Weekly,2009-07-10,North America,35639135840.9599990845,1214.13,918.25
Weekly,2009-07-10,Europe,13333043039.1499996185,454.22,918.25
Weekly,2009-07-10,Asia,170216578.6399999857,5.77,918.25
Weekly,2009-07-10,Other,1637316155.5399999619,55.78,918.25
Weekly,2009-07-17,North America,36148327068.5599975586,1199.29,928.75
Weekly,2009-07-17,Europe,13690463714.3299999237,454.21,928.75
Weekly,2009-07-17,Asia,174499289.5399999917,5.77,928.75
Weekly,2009-07-17,Other,1715495416.3099999428,56.92,928.75
Weekly,2009-07-24,North America,36484078035.7600021362,1192.62,950.05
Weekly,2009-07-24,Europe,13931741245.3899993896,455.41,950.05
Weekly,2009-07-24,Asia,178402249.5,5.77,950.05
Weekly,2009-07-24,Other,1740810982.4700000286,56.91,950.05
Weekly,2009-07-31,North America,35619985340.0400009155,1179.88,940.35
Weekly,2009-07-31,Europe,13742467437.0200004578,455.21,940.35
Weekly,2009-07-31,Asia,178566775.099999994,5.85,940.35
Weekly,2009-07-31,Other,1786246213.8199999332,59.17,940.35
Weekly,2009-08-07,North America,36144229250.2099990845,1175.95,960.15
Weekly,2009-08-07,Europe,13968735248.7099990845,454.47,960.15
Weekly,2009-08-07,Asia,182463145.7100000083,5.85,960.15
Weekly,2009-08-07,Other,1819697251.0299999714,59.2,960.15
Weekly,2009-08-14,North America,35930983871.0699996948,1172.08,948.4
Weekly,2009-08-14,Europe,13940394372.0200004578,454.74,948.4
Weekly,2009-08-14,Asia,181272202.1699999869,5.85,948.4
Weekly,2009-08-14,Other,1818757532.9100000858,59.33,948.4
Weekly,2009-08-21,North America,35940905473.4100036621,1173.63,940.75
Weekly,2009-08-21,Europe,14189342000.6299991608,463.35,940.75
Weekly,2009-08-21,Asia,179363438.4499999881,5.85,940.75
Weekly,2009-08-21,Other,1833475933.6600000858,59.87,940.75
Weekly,2009-08-28,North America,35909961616.3899993896,1168.94,948.2
Weekly,2009-08-28,Europe,14742696214.9300003052,479.9,948.2
Weekly,2009-08-28,Asia,181073597.5699999928,5.85,948.2
Weekly,2009-08-28,Other,1811149831.4100000858,58.96,948.2
Weekly,2009-09-04,North America,37732381882.9000015259,1186.66,969.45
Weekly,2009-09-04,Europe,15342823297.6200008392,482.52,969.45
Weekly,2009-09-04,Asia,189177856.0800000131,5.89,969.45
Weekly,2009-09-04,Other,1920853043.5399999619,60.41,969.45
Weekly,2009-09-11,North America,38454324220.3000030518,1186.28,998.45
Weekly,2009-09-11,Europe,15933181543.6100006104,491.52,998.45
Weekly,2009-09-11,Asia,191798572.6299999952,5.89,998.45
Weekly,2009-09-11,Other,1981173375.3099999428,61.12,998.45
Weekly,2009-09-18,North America,38945678899.0100021362,1196.98,1008.3
Weekly,2009-09-18,Europe,16126529905.0200004578,495.64,1008.3
Weekly,2009-09-18,Asia,194034362.9699999988,5.89,1008.3
Weekly,2009-09-18,Other,2003247398.5099999905,61.57,1008.3
Weekly,2009-09-25,North America,38407509772.0400009155,1204.85,1004.5
Weekly,2009-09-25,Europe,15895547385.4200000763,498.65,1004.5
Weekly,2009-09-25,Asia,190900941.5800000131,5.89,1004.5
Weekly,2009-09-25,Other,2103591392.3399999142,65.99,1004.5
Weekly,2009-10-02,North America,38969398513.9300003052,1207.86,997.05
Weekly,2009-10-02,Europe,16218887164.1499996185,502.7,997.05
Weekly,2009-10-02,Asia,211411663.6999999881,6.46,997.05
Weekly,2009-10-02,Other,2185002686.7199997902,67.72,997.05
Weekly,2009-10-09,North America,41307893362.1399993896,1221.89,1036.2
Weekly,2009-10-09,Europe,17011221481.2000007629,503.19,1036.2
Weekly,2009-10-09,Asia,220398084.1699999869,6.46,1036.2
Weekly,2009-10-09,Other,2337470934.8299999237,69.14,1036.2
Weekly,2009-10-16,North America,41243675760.8399963379,1224.65,1055.35
Weekly,2009-10-16,Europe,17685321558.1300010681,525.13,1055.35
Weekly,2009-10-16,Asia,219674188.7899999917,6.46,1055.35
Weekly,2009-10-16,Other,2333112371.6500000954,69.28,1055.35
Weekly,2009-10-23,North America,41742950309.9499969482,1222.84,1056.15
Weekly,2009-10-23,Europe,18007927013.9900016785,527.53,1056.15
Weekly,2009-10-23,Asia,222878290.0399999917,6.46,1056.15
Weekly,2009-10-23,Other,2366990022.9600000381,69.34,1056.15
Weekly,2009-10-30,North America,40886844503.4100036621,1222.81,1040.55
Weekly,2009-10-30,Europe,17673264828.0800018311,528.56,1040.55
Weekly,2009-10-30,Asia,225502621.150000006,6.64,1040.55
Weekly,2009-10-30,Other,2291675735.6999998093,68.54,1040.55
Weekly,2009-11-06,North America,43296121077.9499969482,1227.86,1079.75
Weekly,2009-11-06,Europe,18675658436.9000015259,529.64,1079.75
Weekly,2009-11-06,Asia,235021503.8899999857,6.63,1079.75
Weekly,2009-11-06,Other,2456287300.75,69.66,1079.75
Weekly,2009-11-13,North America,43870551313.4700012207,1235.98,1108.45
Weekly,2009-11-13,Europe,18966977273.5600013733,534.37,1108.45
Weekly,2009-11-13,Asia,238550095.8000000119,6.63,1108.45
Weekly,2009-11-13,Other,2489624256.5100002289,70.14,1108.45
Weekly,2009-11-20,North America,45448814939.1299972534,1240.01,1137.85
Weekly,2009-11-20,Europe,19451389604.1800003052,530.71,1137.85
Weekly,2009-11-20,Asia,245549265.0600000024,6.63,1137.85
Weekly,2009-11-20,Other,2564952785.0900001526,69.98,1137.85
Weekly,2009-11-27,North America,46918700062.0400009155,1251.04,1172.35
Weekly,2009-11-27,Europe,19917268062.5400009155,531.07,1172.35
Weekly,2009-11-27,Asia,249442210.9300000072,6.63,1172.35
Weekly,2009-11-27,Other,2673913567.25,71.3,1172.35
Weekly,2009-12-04,North America,48344151793.9000015259,1263.32,1195.95
Weekly,2009-12-04,Europe,20046826394.0800018311,523.86,1195.95
Weekly,2009-12-04,Asia,263923288.3199999928,6.76,1195.95
Weekly,2009-12-04,Other,2704269257.3400001526,70.67,1195.95
Weekly,2009-12-11,North America,45220713696.6100006104,1251.35,1136.55
Weekly,2009-12-11,Europe,18838684188.6599998474,521.31,1136.55
Weekly,2009-12-11,Asia,250627771.9499999881,6.76,1136.55
Weekly,2009-12-11,Other,2554848837.4299998283,70.7,1136.55
Weekly,2009-12-18,North America,44839129697.3000030518,1262.7,1120.95
Weekly,2009-12-18,Europe,18477854012.3699989319,520.35,1120.95
Weekly,2009-12-18,Asia,243493100.0200000107,6.76,1120.95
Weekly,2009-12-18,Other,2520317603.9800000191,70.97,1120.95
Weekly,2009-12-25,North America,44967047827.3000030518,1266.3,1096.75
Weekly,2009-12-25,Europe,18349486798.4700012207,516.73,1096.75
Weekly,2009-12-25,Asia,243040802.0500000119,6.76,1096.75
Weekly,2009-12-25,Other,2498828863.9699997902,70.37,1096.75
Weekly,2010-01-01,North America,44928326762.9100036621,1265.79,1101.2
Weekly,2010-01-01,Europe,18369891542.0600013733,517.54,1101.2
Weekly,2010-01-01,Asia,283396157.4300000072,7.92,1101.2
Weekly,2010-01-01,Other,2469221269.2600002289,69.57,1101.2
Weekly,2010-01-08,North America,45424715709.0999984741,1253.93,1126.35
Weekly,2010-01-08,Europe,18907982756.8300018311,521.95,1126.35
Weekly,2010-01-08,Asia,289372332.8299999833,7.92,1126.35
Weekly,2010-01-08,Other,2558604513.1500000954,70.63,1126.35
Weekly,2010-01-15,North America,45212593544.2799987793,1246.69,1139.55
Weekly,2010-01-15,Europe,18831153650.2099990845,519.25,1139.55
Weekly,2010-01-15,Asia,291846361.2099999785,7.92,1139.55
Weekly,2010-01-15,Other,2545648114.4699997902,70.19,1139.55
Weekly,2010-01-22,North America,43400947100.0999984741,1245.31,1116
Weekly,2010-01-22,Europe,18149235831.75,520.76,1116
Weekly,2010-01-22,Asia,281930867.0199999809,7.92,1116
Weekly,2010-01-22,Other,2462677798.2600002289,70.66,1116
Weekly,2010-01-29,North America,43167769463.3300018311,1244.94,1089.95
Weekly,2010-01-29,Europe,17938212691.5800018311,517.33,1089.95
Weekly,2010-01-29,Asia,305505380,8.67,1089.95
Weekly,2010-01-29,Other,2415337232.4899997711,69.66,1089.95
Weekly,2010-02-05,North America,42081497159.1299972534,1237.13,1090.8
Weekly,2010-02-05,Europe,17946382075.3800010681,527.59,1090.8
Weekly,2010-02-05,Asia,298608439.8799999952,8.69,1090.8
Weekly,2010-02-05,Other,2347099890.9600000381,69,1090.8
Weekly,2010-02-12,North America,43086249895.8199996948,1238.57,1072.6
Weekly,2010-02-12,Europe,18376594169.1899986267,528.26,1072.6
Weekly,2010-02-12,Asia,305344354.4499999881,8.69,1072.6
Weekly,2010-02-12,Other,2445971786.1599998474,70.31,1072.6
Weekly,2010-02-19,North America,44341660799.1399993896,1239.43,1112.65
Weekly,2010-02-19,Europe,19021325848.9000015259,531.68,1112.65
Weekly,2010-02-19,Asia,313046774.7599999905,8.69,1112.65
Weekly,2010-02-19,Other,2524357568.4499998093,70.56,1112.65
Weekly,2010-02-26,North America,44411613164.5,1246.43,1105.6
Weekly,2010-02-26,Europe,19002308245.1300010681,533.31,1105.6
Weekly,2010-02-26,Asia,336355864.3700000048,9.26,1105.6
Weekly,2010-02-26,Other,2462814973.7300000191,69.12,1105.6
Weekly,2010-03-05,North America,45745369689.2600021362,1253.6,1129.3
Weekly,2010-03-05,Europe,19526610510.1100006104,535.11,1129.3
Weekly,2010-03-05,Asia,342657726.9800000191,9.24,1129.3
Weekly,2010-03-05,Other,2447121921.8200001717,67.06,1129.3
Weekly,2010-03-12,North America,44519752980.2200012207,1251.72,1114.45
Weekly,2010-03-12,Europe,19239118039.8400001526,540.93,1114.45
Weekly,2010-03-12,Asia,337331460.3700000048,9.24,1114.45
Weekly,2010-03-12,Other,2357408741.6300001144,66.28,1114.45
Weekly,2010-03-19,North America,44421373901.1200027466,1249.8,1115.8
Weekly,2010-03-19,Europe,19305008354,543.15,1115.8
Weekly,2010-03-19,Asia,338335203.8100000024,9.24,1115.8
Weekly,2010-03-19,Other,2357768860.8400001526,66.34,1115.8
Weekly,2010-03-26,North America,44383023941.8600006104,1258.98,1095.8
Weekly,2010-03-26,Europe,19205676671.9500007629,544.79,1095.8
Weekly,2010-03-26,Asia,332695927.9200000167,9.24,1095.8
Weekly,2010-03-26,Other,2337485351.3899998665,66.31,1095.8
Weekly,2010-04-02,North America,45624494759.6399993896,1263.09,1115.4
Weekly,2010-04-02,Europe,19922732280.25,551.55,1115.4
Weekly,2010-04-02,Asia,352004184.8899999857,9.69,1115.4
Weekly,2010-04-02,Other,2403995940.5399999619,66.55,1115.4
Weekly,2010-04-09,North America,47236696991.7099990845,1274.82,1139.75
Weekly,2010-04-09,Europe,20560768852.2599983215,554.89,1139.75
Weekly,2010-04-09,Asia,366695257.0400000215,9.69,1139.75
Weekly,2010-04-09,Other,2465023818.7600002289,66.53,1139.75
Weekly,2010-04-16,North America,47104860799.5699996948,1272.36,1153.35
Weekly,2010-04-16,Europe,20561908434.6300010681,555.4,1153.35
Weekly,2010-04-16,Asia,366323021.8000000119,9.69,1153.35
Weekly,2010-04-16,Other,2429102967.4499998093,65.61,1153.35
Weekly,2010-04-23,North America,46748338173.8899993896,1276.03,1139.45
Weekly,2010-04-23,Europe,20559740855.3100013733,561.19,1139.45
Weekly,2010-04-23,Asia,361490008.1200000048,9.69,1139.45
Weekly,2010-04-23,Other,2410961839.9800000191,65.81,1139.45
Weekly,2010-04-30,North America,49030797116.4700012207,1293.22,1162.2
Weekly,2010-04-30,Europe,21355521098.3199996948,563.27,1162.2
Weekly,2010-04-30,Asia,380972102.0199999809,9.93,1162.2
Weekly,2010-04-30,Other,2483609677.1500000954,65.51,1162.2
Weekly,2010-05-07,North America,51223573185.6900024414,1325.21,1183.35
Weekly,2010-05-07,Europe,22114366078.7200012207,572.12,1183.35
Weekly,2010-05-07,Asia,389257841.3999999762,9.93,1183.35
Weekly,2010-05-07,Other,2542228221.6900000572,65.77,1183.35
Weekly,2010-05-14,North America,53712854421.5,1351.12,1226.1
Weekly,2010-05-14,Europe,23431035251.5299987793,589.39,1226.1
Weekly,2010-05-14,Asia,402257961.4399999976,9.93,1226.1
Weekly,2010-05-14,Other,2503292408.6599998474,62.97,1226.1
Weekly,2010-05-21,North America,51508332462.5400009155,1357.99,1203.9
Weekly,2010-05-21,Europe,22881063253.4500007629,603.25,1203.9
Weekly,2010-05-21,Asia,381821639.0299999714,9.93,1203.9
Weekly,2010-05-21,Other,2372001966.8200001717,62.54,1203.9
Weekly,2010-05-28,North America,55003282549.4300003052,1416.81,1203.15
Weekly,2010-05-28,Europe,23725122253.7299995422,611.13,1203.15
Weekly,2010-05-28,Asia,393586699.0799999833,9.93,1203.15
Weekly,2010-05-28,Other,2401123288.1599998474,61.85,1203.15
Weekly,2010-06-04,North America,55622736790.1900024414,1437.52,1213.75
Weekly,2010-06-04,Europe,23950134751.3300018311,618.97,1213.75
Weekly,2010-06-04,Asia,387525687.6700000167,9.93,1213.75
Weekly,2010-06-04,Other,2402174356.4699997902,62.08,1213.75
Weekly,2010-06-11,North America,57206324319.5699996948,1458.46,1226.4
Weekly,2010-06-11,Europe,24502100418.1899986267,624.67,1226.4
Weekly,2010-06-11,Asia,395181726.9499999881,9.93,1226.4
Weekly,2010-06-11,Other,2535527571.3800001144,64.64,1226.4
Weekly,2010-06-18,North America,58944695932.7699966431,1459.7,1236.85
Weekly,2010-06-18,Europe,25376183760.1899986267,628.41,1236.85
Weekly,2010-06-18,Asia,403335222.0199999809,9.93,1236.85
Weekly,2010-06-18,Other,2629777568.4699997902,65.12,1236.85
Weekly,2010-06-25,North America,59222390063.1500015259,1468.92,1241.45
Weekly,2010-06-25,Europe,25452967955.3100013733,631.32,1241.45
Weekly,2010-06-25,Asia,403083494.1700000167,9.93,1241.45
Weekly,2010-06-25,Other,2667621203.6399998665,66.17,1241.45
Weekly,2010-07-02,North America,56942842927.0500030518,1474.09,1235
Weekly,2010-07-02,Europe,24719708585.7000007629,639.92,1235
Weekly,2010-07-02,Asia,415314439.7400000095,10.52,1235
Weekly,2010-07-02,Other,2542940665.4800000191,65.83,1235
Weekly,2010-07-09,North America,57205828965.4000015259,1472.02,1199.7
Weekly,2010-07-09,Europe,25006568537.6800003052,643.47,1199.7
Weekly,2010-07-09,Asia,410963046.6899999976,10.52,1199.7
Weekly,2010-07-09,Other,2561193265.8899998665,65.9,1199.7
Weekly,2010-07-16,North America,56283894655.6999969482,1472.04,1205.15
Weekly,2010-07-16,Europe,24653683400.8699989319,644.79,1205.15
Weekly,2010-07-16,Asia,413439091.2300000191,10.52,1205.15
Weekly,2010-07-16,Other,2537496933.7600002289,66.37,1205.15
Weekly,2010-07-23,North America,55869936996.4499969482,1459.68,1189.1
Weekly,2010-07-23,Europe,24608704189.8800010681,642.94,1189.1
Weekly,2010-07-23,Asia,421822577.5,10.83,1189.1
Weekly,2010-07-23,Other,2543148276.5900001526,66.44,1189.1
Weekly,2010-07-30,North America,54216222487.5400009155,1442.53,1168
Weekly,2010-07-30,Europe,23831153099.6300010681,634.07,1168
Weekly,2010-07-30,Asia,448066862.4300000072,11.73,1168
Weekly,2010-07-30,Other,2476149051.9200000763,65.88,1168
Weekly,2010-08-06,North America,55984399690.8000030518,1441.78,1195.15
Weekly,2010-08-06,Europe,24507123198.5499992371,631.14,1195.15
Weekly,2010-08-06,Asia,457636751.75,11.73,1195.15
Weekly,2010-08-06,Other,2549885929.6300001144,65.67,1195.15
Weekly,2010-08-13,North America,56595113550.6999969482,1449.71,1205.65
Weekly,2010-08-13,Europe,24601398999.4500007629,630.17,1205.65
Weekly,2010-08-13,Asia,464195354.4200000167,11.73,1205.65
Weekly,2010-08-13,Other,2567803450.3400001526,65.78,1205.65
Weekly,2010-08-20,North America,57660969548.25,1465.84,1224.9
Weekly,2010-08-20,Europe,25158446156.4500007629,639.57,1224.9
Weekly,2010-08-20,Asia,470032013.4200000167,11.73,1224.9
Weekly,2010-08-20,Other,2632874703.2800002098,66.93,1224.9
Weekly,2010-08-27,North America,58179399651.1500015259,1465.25,1231.5
Weekly,2010-08-27,Europe,25779264198.6800003052,649.25,1231.5
Weekly,2010-08-27,Asia,472599605.3399999738,11.73,1231.5
Weekly,2010-08-27,Other,2690103455.3099999428,67.75,1231.5
Weekly,2010-09-03,North America,58408781145.9700012207,1464.5,1243.3
Weekly,2010-09-03,Europe,26178045318.0400009155,656.37,1243.3
Weekly,2010-09-03,Asia,584888810.1499999762,14.33,1243.3
Weekly,2010-09-03,Other,2658018560.5599999428,66.65,1243.3
Weekly,2010-09-10,North America,58696989660.5500030518,1464.65,1252.45
Weekly,2010-09-10,Europe,26299649560.7700004578,656.25,1252.45
Weekly,2010-09-10,Asia,587161206.6200000048,14.34,1252.45
Weekly,2010-09-10,Other,2628230483.0100002289,65.58,1252.45
Weekly,2010-09-17,North America,60636816644.8499984741,1480.39,1264.55
Weekly,2010-09-17,Europe,26857723652.1599998474,655.71,1264.55
Weekly,2010-09-17,Asia,604454397.5,14.49,1264.55
Weekly,2010-09-17,Other,2705351161.3099999428,66.05,1264.55
Weekly,2010-09-24,North America,61828055625.7200012207,1482.7,1287.1
Weekly,2010-09-24,Europe,27648049519.3100013733,663.03,1287.1
Weekly,2010-09-24,Asia,613259799.7300000191,14.49,1287.1
Weekly,2010-09-24,Other,2766252330.4800000191,66.34,1287.1
Weekly,2010-10-01,North America,62859141737.9000015259,1485.38,1304.35
Weekly,2010-10-01,Europe,28351173458.2099990845,669.95,1304.35
Weekly,2010-10-01,Asia,672337330.6200000048,15.69,1304.35
Weekly,2010-10-01,Other,2802882447.5500001907,66.23,1304.35
Weekly,2010-10-08,North America,63553890500.8899993896,1473.53,1335.4
Weekly,2010-10-08,Europe,29129152648.9300003052,675.38,1335.4
Weekly,2010-10-08,Asia,679423259.9600000381,15.69,1335.4
Weekly,2010-10-08,Other,2865345441.2300000191,66.43,1335.4
Weekly,2010-10-15,North America,65426798037.4400024414,1488.12,1361.25
Weekly,2010-10-15,Europe,29738248729.6899986267,676.39,1361.25
Weekly,2010-10-15,Asia,704083310.9900000095,15.69,1361.25
Weekly,2010-10-15,Other,2927530940.9600000381,66.59,1361.25
Weekly,2010-10-22,North America,63111816925.6800003052,1484.31,1342.25
Weekly,2010-10-22,Europe,28614912269.9599990845,672.99,1342.25
Weekly,2010-10-22,Asia,675811769.4400000572,15.68,1342.25
Weekly,2010-10-22,Other,2821999497.9699997902,66.37,1342.25
Weekly,2010-10-29,North America,64094326843.7699966431,1480.27,1334.35
Weekly,2010-10-29,Europe,29165014577.0099983215,673.57,1334.35
Weekly,2010-10-29,Asia,713763500.3899999857,16.3,1334.35
Weekly,2010-10-29,Other,2879591338.5799999237,66.5,1334.35
Weekly,2010-11-05,North America,66423673111.4499969482,1480.48,1365.5
Weekly,2010-11-05,Europe,30233077963.0999984741,673.85,1365.5
Weekly,2010-11-05,Asia,747616603.1699999571,16.83,1365.5
Weekly,2010-11-05,Other,2999106026.8200001717,66.85,1365.5
Weekly,2010-11-12,North America,66066329912.7200012207,1479.94,1397.4
Weekly,2010-11-12,Europe,29830485240.6399993896,668.23,1397.4
Weekly,2010-11-12,Asia,773351440.1699999571,17.16,1397.4
Weekly,2010-11-12,Other,3020733610.3600001335,67.67,1397.4
Weekly,2010-11-19,North America,63970009939.4899978638,1482.08,1349.55
Weekly,2010-11-19,Europe,29141388041.6899986267,675.16,1349.55
Weekly,2010-11-19,Asia,776547808.0599999428,17.55,1349.55
Weekly,2010-11-19,Other,2932011040.7699999809,67.93,1349.55
Weekly,2010-11-26,North America,64416820364.5999984741,1478.66,1366.95
Weekly,2010-11-26,Europe,29572636147.6500015259,678.83,1366.95
Weekly,2010-11-26,Asia,783468842.0099999905,17.64,1366.95
Weekly,2010-11-26,Other,2960052310.1300001144,67.95,1366.95
Weekly,2010-12-03,North America,67389161924.6200027466,1493.44,1383.7
Weekly,2010-12-03,Europe,30947325007.8800010681,685.84,1383.7
Weekly,2010-12-03,Asia,825165921.8500000238,18.22,1383.7
Weekly,2010-12-03,Other,3051744497.8099999428,67.63,1383.7
Weekly,2010-12-10,North America,65714668747.6699981689,1486.24,1397.45
Weekly,2010-12-10,Europe,30480543568.7099990845,689.37,1397.45
Weekly,2010-12-10,Asia,829817121.0700000525,18.34,1397.45
Weekly,2010-12-10,Other,2979715803.4200000763,67.39,1397.45
Weekly,2010-12-17,North America,66152279119.2099990845,1503.52,1382.75
Weekly,2010-12-17,Europe,30415393889.6699981689,691.29,1382.75
Weekly,2010-12-17,Asia,835641409.3799999952,18.63,1382.75
Weekly,2010-12-17,Other,2943506914.6700000763,66.9,1382.75
Weekly,2010-12-24,North America,66133755476.0400009155,1490.03,1380.8
Weekly,2010-12-24,Europe,30713241847.0600013733,691.99,1380.8
Weekly,2010-12-24,Asia,839388259.9099999666,18.63,1380.8
Weekly,2010-12-24,Other,2972731076.8899998665,66.98,1380.8
Weekly,2010-12-31,North America,67367409334.2300033569,1485.81,1397.85
Weekly,2010-12-31,Europe,31552999862.1800003052,695.91,1397.85
Weekly,2010-12-31,Asia,889973936.9400000572,19.38,1397.85
Weekly,2010-12-31,Other,3060196090.3400001526,67.49,1397.85
Weekly,2011-01-07,North America,64906358004.4899978638,1476.82,1380.45
Weekly,2011-01-07,Europe,30443001870.9199981689,692.67,1380.45
Weekly,2011-01-07,Asia,860435108.4900000095,19.38,1380.45
Weekly,2011-01-07,Other,2949661460.0799999237,67.11,1380.45
Weekly,2011-01-14,North America,64402730662.8899993896,1465.36,1373.9
Weekly,2011-01-14,Europe,30411042268.6899986267,691.95,1373.9
Weekly,2011-01-14,Asia,875001809.7899999619,19.58,1373.9
Weekly,2011-01-14,Other,2948962420.0799999237,67.1,1373.9
Weekly,2011-01-21,North America,63817568895.3799972534,1477.45,1358.2
Weekly,2011-01-21,Europe,29760936315.4700012207,689,1358.2
Weekly,2011-01-21,Asia,858817506.9199999571,19.58,1358.2
Weekly,2011-01-21,Other,2906493598.3800001144,67.29,1358.2
Weekly,2011-01-28,North America,60392004457.0800018311,1424.11,1329.7
Weekly,2011-01-28,Europe,29041275866.7799987793,684.83,1329.7
Weekly,2011-01-28,Asia,839976646.1100000143,19.58,1329.7
Weekly,2011-01-28,Other,2828433143.8400001526,66.7,1329.7
Weekly,2011-02-04,North America,62212668845.2099990845,1428.07,1335.7
Weekly,2011-02-04,Europe,29428083752,675.51,1335.7
Weekly,2011-02-04,Asia,888215329.4600000381,20.23,1335.7
Weekly,2011-02-04,Other,2860451095.4200000763,65.66,1335.7
Weekly,2011-02-11,North America,62566885856.7099990845,1426.72,1358.65
Weekly,2011-02-11,Europe,29449212327.7099990845,671.53,1358.65
Weekly,2011-02-11,Asia,898537188.6200000048,20.33,1358.65
Weekly,2011-02-11,Other,2876316043.0399999619,65.59,1358.65
Weekly,2011-02-18,North America,63590848127.0999984741,1429.63,1374.3
Weekly,2011-02-18,Europe,30175181368.1300010681,678.39,1374.3
Weekly,2011-02-18,Asia,914611582.4199999571,20.29,1374.3
Weekly,2011-02-18,Other,2902999731.1999998093,65.26,1374.3
Weekly,2011-02-25,North America,64000423747.8700027466,1419.35,1405.45
Weekly,2011-02-25,Europe,30808805315.3699989319,683.25,1405.45
Weekly,2011-02-25,Asia,927732494.0399999619,20.32,1405.45
Weekly,2011-02-25,Other,2930658235.0599999428,64.99,1405.45
Weekly,2011-03-04,North America,65187156322.5199966431,1420.85,1423.15
Weekly,2011-03-04,Europe,31602165132.0999984741,688.81,1423.15
Weekly,2011-03-04,Asia,939734543.2300000191,20.4,1423.15
Weekly,2011-03-04,Other,2950728390.25,64.32,1423.15
Weekly,2011-03-11,North America,64841890802.25,1428.84,1423.9
Weekly,2011-03-11,Europe,31584831740.7900009155,696,1423.9
Weekly,2011-03-11,Asia,955138839.4700000286,20.8,1423.9
Weekly,2011-03-11,Other,2916734691.0999999046,64.27,1423.9
Weekly,2011-03-18,North America,65790690499.4899978638,1441.07,1409.7
Weekly,2011-03-18,Europe,31931821291.4300003052,699.43,1409.7
Weekly,2011-03-18,Asia,957104181.5499999523,20.8,1409.7
Weekly,2011-03-18,Other,2928996997.4099998474,64.16,1409.7
Weekly,2011-03-25,North America,66021704181.7200012207,1430.02,1436.1
Weekly,2011-03-25,Europe,32174667193.8300018311,696.9,1436.1
Weekly,2011-03-25,Asia,1029606375.8500000238,22.16,1436.1
Weekly,2011-03-25,Other,2942779181.0399999619,63.74,1436.1
Weekly,2011-04-01,North America,65113476768.5100021362,1428.25,1423.4
Weekly,2011-04-01,Europe,32092490529.6800003052,703.94,1423.4
Weekly,2011-04-01,Asia,1078641997.6600000858,23.27,1423.4
Weekly,2011-04-01,Other,2933274701.9200000763,64.34,1423.4
Weekly,2011-04-08,North America,68466014878.1600036621,1449.15,1451.9
Weekly,2011-04-08,Europe,33426321516.2599983215,707.5,1451.9
Weekly,2011-04-08,Asia,1130352038.1300001144,23.68,1451.9
Weekly,2011-04-08,Other,3029783927.5399999619,64.13,1451.9
Weekly,2011-04-15,North America,69517117439.2200012207,1464.18,1463.7
Weekly,2011-04-15,Europe,34029174817.9599990845,716.73,1463.7
Weekly,2011-04-15,Asia,1173483743.3499999046,24.46,1463.7
Weekly,2011-04-15,Other,3091341512.0700001717,65.11,1463.7
Weekly,2011-04-22,North America,70740483794.6000061035,1462.95,1498.5
Weekly,2011-04-22,Europe,34736319806.2300033569,718.36,1498.5
Weekly,2011-04-22,Asia,1207312060.0299999714,24.69,1498.5
Weekly,2011-04-22,Other,3131804497.7100000381,64.77,1498.5
Weekly,2011-04-29,North America,72300370052.4900054932,1464.53,1516.7
Weekly,2011-04-29,Europe,35727967902.7300033569,723.71,1516.7
Weekly,2011-04-29,Asia,1233596234.5,24.73,1516.7
Weekly,2011-04-29,Other,3207806982.2100000381,64.98,1516.7
Weekly,2011-05-06,North America,68810681911.8300018311,1439.79,1522.85
Weekly,2011-05-06,Europe,34312073771.0699996948,717.94,1522.85
Weekly,2011-05-06,Asia,1209235738.8099999428,25.05,1522.85
Weekly,2011-05-06,Other,3116979542.9899997711,65.22,1522.85
Weekly,2011-05-13,North America,69064573012.2599945068,1426.63,1503.75
Weekly,2011-05-13,Europe,34613819927.4499969482,715,1503.75
Weekly,2011-05-13,Asia,1235202592.8199999332,25.16,1503.75
Weekly,2011-05-13,Other,3134425740.1799998283,64.75,1503.75
Weekly,2011-05-20,North America,68848305319.2700042725,1436.47,1491.9
Weekly,2011-05-20,Europe,34360649580.1600036621,716.91,1491.9
Weekly,2011-05-20,Asia,1230088778.1099998951,25.38,1491.9
Weekly,2011-05-20,Other,3126423241.8499999046,65.23,1491.9
Weekly,2011-05-27,North America,71451929504.6900024414,1449.71,1523.05
Weekly,2011-05-27,Europe,35434075271.6399993896,718.93,1523.05
Weekly,2011-05-27,Asia,1253652220.5,25.31,1523.05
Weekly,2011-05-27,Other,3137575305.8299999237,63.66,1523.05
Weekly,2011-06-03,North America,71827558706.5,1450.71,1536.55
Weekly,2011-06-03,Europe,35790145964.75,722.86,1536.55
Weekly,2011-06-03,Asia,1302534736.5699999332,26.25,1536.55
Weekly,2011-06-03,Other,3148607802.2100000381,63.59,1536.55
Weekly,2011-06-10,North America,70868445964.4199981689,1441.4,1539.75
Weekly,2011-06-10,Europe,35558305337.0299987793,723.22,1539.75
Weekly,2011-06-10,Asia,1309527834.1700000763,26.21,1539.75
Weekly,2011-06-10,Other,3131824958.1599998474,63.7,1539.75
Weekly,2011-06-17,North America,71695428846.2700042725,1450.39,1526.55
Weekly,2011-06-17,Europe,35728860525.4800033569,722.79,1526.55
Weekly,2011-06-17,Asia,1305524787.6199998856,26.36,1526.55
Weekly,2011-06-17,Other,3153648076.1500000954,63.8,1526.55
Weekly,2011-06-24,North America,70745171872.6900024414,1452.66,1535.8
Weekly,2011-06-24,Europe,35328989414.5500030518,725.44,1535.8
Weekly,2011-06-24,Asia,1299622583.75,26.38,1535.8
Weekly,2011-06-24,Other,3098978475.0199999809,63.63,1535.8
Weekly,2011-07-01,North America,69119919669.6499938965,1449.68,1497.95
Weekly,2011-07-01,Europe,34897576735.8899993896,731.92,1497.95
Weekly,2011-07-01,Asia,1446139282.1199998856,29.91,1497.95
Weekly,2011-07-01,Other,3055900491.5199999809,64.09,1497.95
Weekly,2011-07-08,North America,71917626376.2299957275,1451.11,1520.25
Weekly,2011-07-08,Europe,36413106036.5400009155,734.72,1520.25
Weekly,2011-07-08,Asia,1483056620.7000000477,29.87,1520.25
Weekly,2011-07-08,Other,3154518707.5900001526,63.65,1520.25
Weekly,2011-07-15,North America,76152723807.1000061035,1492.51,1572.5
Weekly,2011-07-15,Europe,38001085529.3899993896,744.78,1572.5
Weekly,2011-07-15,Asia,1542133037.4000000954,30.09,1572.5
Weekly,2011-07-15,Other,3253900953.4099998474,63.77,1572.5
Weekly,2011-07-22,North America,77415437054.6399993896,1503.05,1597.8
Weekly,2011-07-22,Europe,39232943466.0299987793,761.72,1597.8
Weekly,2011-07-22,Asia,1553098489.4100000858,30.04,1597.8
Weekly,2011-07-22,Other,3291835292.9099998474,63.91,1597.8
Weekly,2011-07-29,North America,79939873526.2400054932,1526.81,1618.65
Weekly,2011-07-29,Europe,40252551376.4800033569,768.8,1618.65
Weekly,2011-07-29,Asia,1589797378.2899999619,30.39,1618.65
Weekly,2011-07-29,Other,3344404800.6999998093,63.88,1618.65
Weekly,2011-08-05,North America,82924248837.3600006104,1554.93,1653.65
Weekly,2011-08-05,Europe,41665308866.0299987793,781.27,1653.65
Weekly,2011-08-05,Asia,1646469835.9000000954,30.57,1653.65
Weekly,2011-08-05,Other,3386574878.3699998856,63.5,1653.65
Weekly,2011-08-12,North America,85698769948.2599945068,1535.44,1739.4
Weekly,2011-08-12,Europe,44667395073.8099975586,800.29,1739.4
Weekly,2011-08-12,Asia,1736856999.0799999237,30.6,1739.4
Weekly,2011-08-12,Other,3538215663.8099999428,63.39,1739.4
Weekly,2011-08-19,North America,93145499016.9499969482,1567.72,1796.7
Weekly,2011-08-19,Europe,47006652147.9499969482,791.16,1796.7
Weekly,2011-08-19,Asia,1847004122.2400000095,30.48,1796.7
Weekly,2011-08-19,Other,3667006292.7600002289,61.72,1796.7
Weekly,2011-08-26,North America,86677640527.6399993896,1507.82,1808.1
Weekly,2011-08-26,Europe,45575085416.4899978638,792.81,1808.1
Weekly,2011-08-26,Asia,1827468812.7100000381,31.62,1808.1
Weekly,2011-08-26,Other,3531206884.75,61.43,1808.1
Weekly,2011-09-02,North America,90942921244.7899932861,1508.41,1824.55
Weekly,2011-09-02,Europe,47528246001.8600006104,788.32,1824.55
Weekly,2011-09-02,Asia,1920393185.4000000954,31.98,1824.55
Weekly,2011-09-02,Other,3659221734.5599999428,60.7,1824.55
Weekly,2011-09-09,North America,90400103509.0599975586,1519.05,1861.2
Weekly,2011-09-09,Europe,46341068709.4300003052,778.7,1861.2
Weekly,2011-09-09,Asia,1932790336.3499999046,32.37,1861.2
Weekly,2011-09-09,Other,3617609654.4800000191,60.78,1861.2
Weekly,2011-09-16,North America,88244018486.2599945068,1529.93,1809.7
Weekly,2011-09-16,Europe,44896307657.0500030518,778.39,1809.7
Weekly,2011-09-16,Asia,1892777040.9200000763,32.82,1809.7
Weekly,2011-09-16,Other,3489477658.1199998856,60.5,1809.7
Weekly,2011-09-23,North America,82824025905.7100067139,1525.23,1759.4
Weekly,2011-09-23,Europe,41767960973.0899963379,769.17,1759.4
Weekly,2011-09-23,Asia,1817665997.8299999237,32.69,1759.4
Weekly,2011-09-23,Other,3304320369.0399999619,60.84,1759.4
Weekly,2011-09-30,North America,78327788997.7200012207,1503.87,1626.6
Weekly,2011-09-30,Europe,40689292275.3099975586,781.22,1626.6
Weekly,2011-09-30,Asia,2066326828.7899999619,39.12,1626.6
Weekly,2011-09-30,Other,3151263002.9899997711,60.5,1626.6
Weekly,2011-10-07,North America,79738989612.1000061035,1501.31,1639.5
Weekly,2011-10-07,Europe,41526325790.2799987793,781.85,1639.5
Weekly,2011-10-07,Asia,2107050579.9300000668,39.25,1639.5
Weekly,2011-10-07,Other,3179180553.5199999809,59.86,1639.5
Weekly,2011-10-14,North America,80938558915.6300048828,1500.28,1668
Weekly,2011-10-14,Europe,42903782062.6699981689,795.27,1668
Weekly,2011-10-14,Asia,2196080710.8499999046,40.52,1668
Weekly,2011-10-14,Other,3157215037.0799999237,58.52,1668
Weekly,2011-10-21,North America,79259208857.1000061035,1500.91,1645.6
Weekly,2011-10-21,Europe,42188137019.3300018311,798.9,1645.6
Weekly,2011-10-21,Asia,2142947671.7300000191,40.65,1645.6
Weekly,2011-10-21,Other,3087524849.1500000954,58.47,1645.6
Weekly,2011-10-28,North America,85001849899.9499969482,1518.58,1696.4
Weekly,2011-10-28,Europe,45195613077.3799972534,807.43,1696.4
Weekly,2011-10-28,Asia,2317520088.8000001907,42.1,1696.4
Weekly,2011-10-28,Other,3253410650.3000001907,58.12,1696.4
Weekly,2011-11-04,North America,85706620793.0800018311,1524.17,1734.2
Weekly,2011-11-04,Europe,45395840985.9599990845,807.3,1734.2
Weekly,2011-11-04,Asia,2410396839.9800000191,42.41,1734.2
Weekly,2011-11-04,Other,3266970150.4099998474,58.1,1734.2
Weekly,2011-11-11,North America,88231889693.1100006104,1547.84,1778
Weekly,2011-11-11,Europe,46154320846.5800018311,809.68,1778
Weekly,2011-11-11,Asia,2412918276.7199997902,42.26,1778
Weekly,2011-11-11,Other,3308144282.6500000954,58.04,1778
Weekly,2011-11-18,North America,87043551770.5899963379,1574.96,1755.7
Weekly,2011-11-18,Europe,44774642640.6399993896,810.15,1755.7
Weekly,2011-11-18,Asia,2347458088.8800001144,42.03,1755.7
Weekly,2011-11-18,Other,3178661712.6199998856,57.51,1755.7
Weekly,2011-11-25,North America,86874943966.0800018311,1600.3,1692.6
Weekly,2011-11-25,Europe,44287756627.3499984741,815.81,1692.6
Weekly,2011-11-25,Asia,2245185715.6100001335,41.32,1692.6
Weekly,2011-11-25,Other,3087907577.6999998093,56.89,1692.6
Weekly,2011-12-02,North America,90546639174.1499938965,1612.09,1735.2
Weekly,2011-12-02,Europe,46051567387.5100021362,819.9,1735.2
Weekly,2011-12-02,Asia,2373987569.8899998665,41.96,1735.2
Weekly,2011-12-02,Other,3151647270.7699999809,56.11,1735.2
Weekly,2011-12-09,North America,88488030662.4199981689,1610.47,1722.3
Weekly,2011-12-09,Europe,45386849768.0500030518,826.03,1722.3
Weekly,2011-12-09,Asia,2327185256.6999998093,41.82,1722.3
Weekly,2011-12-09,Other,3128210157.7600002289,56.93,1722.3
Weekly,2011-12-16,North America,81740209210.8099975586,1594.98,1620.6
Weekly,2011-12-16,Europe,42282409116.3799972534,825.05,1620.6
Weekly,2011-12-16,Asia,2164485365.5300002098,41.93,1620.6
Weekly,2011-12-16,Other,2867996191.3000001907,55.96,1620.6
Weekly,2011-12-23,North America,81086620199.5599975586,1568.94,1606.7
Weekly,2011-12-23,Europe,42862237054.6200027466,829.34,1606.7
Weekly,2011-12-23,Asia,2190911699.9899997711,42.08,1606.7
Weekly,2011-12-23,Other,2914343846.8400001526,56.39,1606.7
Weekly,2011-12-30,North America,79017006133.7200012207,1569.66,1578.3
Weekly,2011-12-30,Europe,41662416606.0400009155,841.03,1578.3
Weekly,2011-12-30,Asia,2207251467.3899998665,43.38,1578.3
Weekly,2011-12-30,Other,2794054702.0999999046,56.41,1578.3
Weekly,2012-01-06,North America,81463718583.9299926758,1567.46,1600.2
Weekly,2012-01-06,Europe,43150854600.9100036621,830.28,1600.2
Weekly,2012-01-06,Asia,2273495031.9899997711,43.31,1600.2
Weekly,2012-01-06,Other,2918285513.8699998856,56.15,1600.2
Weekly,2012-01-13,North America,82536438160.8099975586,1569.65,1636.6
Weekly,2012-01-13,Europe,43886886712.1100006104,834.63,1636.6
Weekly,2012-01-13,Asia,2308585527.9499998093,43.43,1636.6
Weekly,2012-01-13,Other,2936848785.3699998856,55.85,1636.6
Weekly,2012-01-20,North America,83538133264.3999938965,1571.89,1650.4
Weekly,2012-01-20,Europe,44431496365.5599975586,836.04,1650.4
Weekly,2012-01-20,Asia,2348719993.3699998856,43.55,1650.4
Weekly,2012-01-20,Other,3015179980.6999998093,56.74,1650.4
Weekly,2012-01-27,North America,88140921600.0700073242,1588.35,1688.8
Weekly,2012-01-27,Europe,46542600613.4000015259,838.72,1688.8
Weekly,2012-01-27,Asia,2452010963.8699998856,43.63,1688.8
Weekly,2012-01-27,Other,3150629114.3699998856,56.78,1688.8
Weekly,2012-02-03,North America,89314269128.9900054932,1602.07,1739.6
Weekly,2012-02-03,Europe,46556392668.4899978638,835.1,1739.6
Weekly,2012-02-03,Asia,2492672779.6300001144,43.52,1739.6
Weekly,2012-02-03,Other,3134889886.0300002098,56.22,1739.6
Weekly,2012-02-10,North America,88340742010.1199951172,1605.44,1729.7
Weekly,2012-02-10,Europe,46088833750.1500015259,837.58,1729.7
Weekly,2012-02-10,Asia,2447604883.7600002289,43.6,1729.7
Weekly,2012-02-10,Other,3092509655.3899998665,56.2,1729.7
Weekly,2012-02-17,North America,89116994363.1499938965,1608.73,1722.2
Weekly,2012-02-17,Europe,46295505043.8000030518,835.72,1722.2
Weekly,2012-02-17,Asia,2453646869.0100002289,43.61,1722.2
Weekly,2012-02-17,Other,3070276460.1700000763,55.42,1722.2
Weekly,2012-02-24,North America,92276888834.3300018311,1614.7,1757.5
Weekly,2012-02-24,Europe,48228049846.1299972534,843.92,1757.5
Weekly,2012-02-24,Asia,2515021198.0599999428,43.4,1757.5
Weekly,2012-02-24,Other,3160543120.6100001335,55.3,1757.5
Weekly,2012-03-02,North America,89236031425.2700042725,1625.98,1748.8
Weekly,2012-03-02,Europe,46186459036.0899963379,841.57,1748.8
Weekly,2012-03-02,Asia,2425102702.1199998856,43.36,1748.8
Weekly,2012-03-02,Other,3040208515.6100001335,55.39,1748.8
Weekly,2012-03-09,North America,88238102014.9299926758,1626.38,1685.8
Weekly,2012-03-09,Europe,45982280428.3799972534,847.53,1685.8
Weekly,2012-03-09,Asia,2406152515.6900000572,43.44,1685.8
Weekly,2012-03-09,Other,2991674142.2699999809,55.14,1685.8
Weekly,2012-03-16,North America,86653018221.4600067139,1625.58,1667.55
Weekly,2012-03-16,Europe,45170154619.8600006104,847.38,1667.55
Weekly,2012-03-16,Asia,2364473492.4699997902,43.27,1667.55
Weekly,2012-03-16,Other,2936310916.1900000572,55.09,1667.55
Weekly,2012-03-23,North America,86321774929.1399993896,1613.53,1653.4
Weekly,2012-03-23,Europe,45340333868.9499969482,847.5,1653.4
Weekly,2012-03-23,Asia,2342066338.5700001717,43.62,1653.4
Weekly,2012-03-23,Other,2955279591.8299999237,55.25,1653.4
Weekly,2012-03-30,North America,86407790604.8099975586,1616.59,1673.65
Weekly,2012-03-30,Europe,45740796786.9499969482,855.76,1673.65
Weekly,2012-03-30,Asia,2473834602.9800000191,45.84,1673.65
Weekly,2012-03-30,Other,2953418085.4200000763,55.26,1673.65
Weekly,2012-04-06,North America,84758375490,1616.36,1647.35
Weekly,2012-04-06,Europe,44549182838.5599975586,849.56,1647.35
Weekly,2012-04-06,Asia,2427335646.3800001144,45.21,1647.35
Weekly,2012-04-06,Other,2868229190.7899999619,54.7,1647.35
Weekly,2012-04-13,North America,86552674152.6399993896,1615.41,1653.6
Weekly,2012-04-13,Europe,45514347401.0800018311,849.48,1653.6
Weekly,2012-04-13,Asia,2534647828.0700001717,45.93,1653.6
Weekly,2012-04-13,Other,2941460562.5199999809,54.9,1653.6
Weekly,2012-04-20,North America,85262307342.9199981689,1615.57,1644.8
Weekly,2012-04-20,Europe,44930294880.1600036621,851.35,1644.8
Weekly,2012-04-20,Asia,2495532610.6300001144,45.87,1644.8
Weekly,2012-04-20,Other,2899860515.6700000763,54.95,1644.8
Weekly,2012-04-27,North America,86307276917.6999969482,1613.74,1646.65
Weekly,2012-04-27,Europe,45846622301.2099990845,857.22,1646.65
Weekly,2012-04-27,Asia,2526030469.9200000763,46.09,1646.65
Weekly,2012-04-27,Other,2933930519.6999998093,54.86,1646.65
Weekly,2012-05-04,North America,84755340226.1799926758,1603.76,1648.95
Weekly,2012-05-04,Europe,45271468368.9199981689,856.64,1648.95
Weekly,2012-05-04,Asia,2500818628.9600000381,46.18,1648.95
Weekly,2012-05-04,Other,2869406918.1100001335,54.3,1648.95
Weekly,2012-05-11,North America,81628735284.0399932861,1603.88,1602.05
Weekly,2012-05-11,Europe,42813718082.5400009155,841.22,1602.05
Weekly,2012-05-11,Asia,2423659787.8899998665,46.1,1602.05
Weekly,2012-05-11,Other,2762447038.2699999809,54.28,1602.05
Weekly,2012-05-18,North America,82162754417.9600067139,1607.77,1561.4
Weekly,2012-05-18,Europe,42816464230.7099990845,837.84,1561.4
Weekly,2012-05-18,Asia,2417886089.3699998856,46.13,1561.4
Weekly,2012-05-18,Other,2762204244.3400001526,54.05,1561.4
Weekly,2012-05-25,North America,80502961212.6499938965,1595.36,1572.4
Weekly,2012-05-25,Europe,42102297095.6500015259,834.36,1572.4
Weekly,2012-05-25,Asia,2388677417.8800001144,46.24,1572.4
Weekly,2012-05-25,Other,2686521417.1999998093,53.24,1572.4
Weekly,2012-06-01,North America,82556934937.8600006104,1598.88,1571.62
Weekly,2012-06-01,Europe,43001070200.5299987793,832.8,1571.62
Weekly,2012-06-01,Asia,2399255672.2800002098,46.26,1571.62
Weekly,2012-06-01,Other,2746996811.1100001335,53.22,1571.62
Weekly,2012-06-08,North America,81281158234.2100067139,1603.63,1605.9
Weekly,2012-06-08,Europe,42844712465.6500015259,845.3,1605.9
Weekly,2012-06-08,Asia,2386802192.8600001335,45.74,1605.9
Weekly,2012-06-08,Other,2740318408.4299998283,54.07,1605.9
Weekly,2012-06-15,North America,84125665252.9400024414,1607.99,1609.55
Weekly,2012-06-15,Europe,44547891442.5199966431,851.49,1609.55
Weekly,2012-06-15,Asia,2462781850.25,45.86,1609.55
Weekly,2012-06-15,Other,2827640035.6599998474,54.05,1609.55
Weekly,2012-06-22,North America,81102479180.2799987793,1611.35,1597.9
Weekly,2012-06-22,Europe,43274052614.7399978638,859.77,1597.9
Weekly,2012-06-22,Asia,2375808900.6500000954,45.76,1597.9
Weekly,2012-06-22,Other,2717508087.5999999046,53.99,1597.9
Weekly,2012-06-29,North America,82698301720.2400054932,1609.14,1575.3
Weekly,2012-06-29,Europe,44307365405.9800033569,862.13,1575.3
Weekly,2012-06-29,Asia,2388731471.9299998283,45.49,1575.3
Weekly,2012-06-29,Other,2819020764.3699998856,54.86,1575.3
Weekly,2012-07-06,North America,82098562381.0299987793,1609.04,1602.8
Weekly,2012-07-06,Europe,43876826404.5,859.94,1602.8
Weekly,2012-07-06,Asia,2387720832.2899999619,45.44,1602.8
Weekly,2012-07-06,Other,2806153303.0399999619,55,1602.8
Weekly,2012-07-13,North America,82200218724.3600006104,1602.45,1581.8
Weekly,2012-07-13,Europe,44204557241.5500030518,861.75,1581.8
Weekly,2012-07-13,Asia,2379240859.4499998093,45.34,1581.8
Weekly,2012-07-13,Other,2819887359.1599998474,54.98,1581.8
Weekly,2012-07-20,North America,80366090606.4900054932,1585.83,1582.1
Weekly,2012-07-20,Europe,43876935780.3300018311,865.81,1582.1
Weekly,2012-07-20,Asia,2367300960.0799999237,45.28,1582.1
Weekly,2012-07-20,Other,2788511700.3000001907,55.02,1582.1
Weekly,2012-07-27,North America,82234586318.6199951172,1580.58,1598.55
Weekly,2012-07-27,Europe,45296136093.1100006104,870.61,1598.55
Weekly,2012-07-27,Asia,2431956193.9299998283,45.51,1598.55
Weekly,2012-07-27,Other,2911895726.6100001335,55.97,1598.55
Weekly,2012-08-03,North America,81734170208.9600067139,1586.9,1607.55
Weekly,2012-08-03,Europe,45283372268.1399993896,879.19,1607.55
Weekly,2012-08-03,Asia,2418567500.2800002098,45.68,1607.55
Weekly,2012-08-03,Other,2908452943.6799998283,56.47,1607.55
Weekly,2012-08-10,North America,82818622155.2100067139,1591.56,1613.55
Weekly,2012-08-10,Europe,45845537992.6999969482,881.04,1613.55
Weekly,2012-08-10,Asia,2434357591.6500000954,45.55,1613.55
Weekly,2012-08-10,Other,2937515784.3200001717,56.46,1613.55
Weekly,2012-08-17,North America,83433530970.8800048828,1607.11,1608.25
Weekly,2012-08-17,Europe,45853405659.8899993896,883.23,1608.25
Weekly,2012-08-17,Asia,2432871619.4600000381,45.59,1608.25
Weekly,2012-08-17,Other,2922852624.6300001144,56.3,1608.25
Weekly,2012-08-24,North America,87012362655.0500030518,1623.51,1645.75
Weekly,2012-08-24,Europe,47850251852.2900009155,892.81,1645.75
Weekly,2012-08-24,Asia,2513926247.8600001335,45.71,1645.75
Weekly,2012-08-24,Other,3020175618.3099999428,56.35,1645.75
Weekly,2012-08-31,North America,86336594171.6000061035,1628.98,1660.8
Weekly,2012-08-31,Europe,47967895181.4199981689,905.05,1660.8
Weekly,2012-08-31,Asia,2493667693.4600000381,45.4,1660.8
Weekly,2012-08-31,Other,2990778864.4800000191,56.43,1660.8
Weekly,2012-09-07,North America,91130848504.7799987793,1640.33,1701.5
Weekly,2012-09-07,Europe,50691606343.6500015259,912.43,1701.5
Weekly,2012-09-07,Asia,2542919315.6799998283,45.18,1701.5
Weekly,2012-09-07,Other,3133535801.0799999237,56.42,1701.5
Weekly,2012-09-14,North America,93879089293.8699951172,1644.59,1742.9
Weekly,2012-09-14,Europe,52510089922.0699996948,919.88,1742.9
Weekly,2012-09-14,Asia,2654161922.5,45.05,1742.9
Weekly,2012-09-14,Other,3310857320.8800001144,58,1742.9
Weekly,2012-09-21,North America,96047985356.1499938965,1674.1,1769.85
Weekly,2012-09-21,Europe,52928989071.2200012207,922.54,1769.85
Weekly,2012-09-21,Asia,2643416279.3499999046,44.86,1769.85
Weekly,2012-09-21,Other,3354891960.1300001144,58.48,1769.85
Weekly,2012-09-28,North America,95869194580.4400024414,1678.98,1763.55
Weekly,2012-09-28,Europe,53144526682.5699996948,930.73,1763.55
Weekly,2012-09-28,Asia,2730540270.1700000763,46.48,1763.55
Weekly,2012-09-28,Other,3356687448.6199998856,58.78,1763.55
Weekly,2012-10-05,North America,97290647342.25,1696.23,1782.7
Weekly,2012-10-05,Europe,54031348558.0400009155,942.02,1782.7
Weekly,2012-10-05,Asia,2747570850.0700001717,46.33,1782.7
Weekly,2012-10-05,Other,3373319922.4000000954,58.81,1782.7
Weekly,2012-10-12,North America,96722698722.8899993896,1702.79,1768.9
Weekly,2012-10-12,Europe,53436339149.6900024414,940.74,1768.9
Weekly,2012-10-12,Asia,2708278612.9200000763,46.33,1768.9
Weekly,2012-10-12,Other,3381336281.0700001717,59.53,1768.9
Weekly,2012-10-19,North America,94817564299.8999938965,1697.84,1742.3
Weekly,2012-10-19,Europe,52824869350.1299972534,945.91,1742.3
Weekly,2012-10-19,Asia,2636570841.9099998474,46.02,1742.3
Weekly,2012-10-19,Other,3362559861.8299999237,60.21,1742.3
Weekly,2012-10-26,North America,93894343064.6900024414,1701.89,1715.15
Weekly,2012-10-26,Europe,52243300421.3399963379,946.94,1715.15
Weekly,2012-10-26,Asia,2612316872.3099999428,46.03,1715.15
Weekly,2012-10-26,Other,3332283829.6500000954,60.41,1715.15
Weekly,2012-11-02,North America,92232267897.3699951172,1702.52,1707.45
Weekly,2012-11-02,Europe,51376429867.0500030518,948.36,1707.45
Weekly,2012-11-02,Asia,2666822296.9299998283,47.17,1707.45
Weekly,2012-11-02,Other,3262072819.5,60.2,1707.45
Weekly,2012-11-09,North America,95458875055.5099945068,1708.1,1709
Weekly,2012-11-09,Europe,53150178941.0100021362,951.05,1709
Weekly,2012-11-09,Asia,2712393196.5199999809,47.28,1709
Weekly,2012-11-09,Other,3411717019.9699997902,61.05,1709
Weekly,2012-11-16,North America,94320996596.0399932861,1712.12,1722.15
Weekly,2012-11-16,Europe,52560318054.7600021362,954.08,1722.15
Weekly,2012-11-16,Asia,2697229183.1700000763,47.26,1722.15
Weekly,2012-11-16,Other,3384711502.8499999046,61.44,1722.15
Weekly,2012-11-23,North America,95570319047.6499938965,1713.79,1730.45
Weekly,2012-11-23,Europe,53678791731.2699966431,962.58,1730.45
Weekly,2012-11-23,Asia,2728612756.5599999428,47.5,1730.45
Weekly,2012-11-23,Other,3434485663.7399997711,61.59,1730.45
Weekly,2012-11-30,North America,95401443165.3099975586,1719.19,1731.15
Weekly,2012-11-30,Europe,53418321819.5899963379,962.63,1731.15
Weekly,2012-11-30,Asia,2752041392.5500001907,47.98,1731.15
Weekly,2012-11-30,Other,3412407657.5799999237,61.49,1731.15
Weekly,2012-12-07,North America,94477396702.9199981689,1727.05,1701.5
Weekly,2012-12-07,Europe,52736840475.6500015259,964.03,1701.5
Weekly,2012-12-07,Asia,2714472474.2600002289,48.04,1701.5
Weekly,2012-12-07,Other,3374323572.6300001144,61.69,1701.5
Weekly,2012-12-14,North America,94136110938.1199951172,1726.14,1705.55
Weekly,2012-12-14,Europe,52580436716.7200012207,964.15,1705.55
Weekly,2012-12-14,Asia,2708306052.8699998856,48.06,1705.55
Weekly,2012-12-14,Other,3381115264.4200000763,62,1705.55
Weekly,2012-12-21,North America,91678898879.2899932861,1726.63,1671.35
Weekly,2012-12-21,Europe,51120506230.6699981689,962.78,1671.35
Weekly,2012-12-21,Asia,2626620124.0399999619,47.98,1671.35
Weekly,2012-12-21,Other,3290978422.4299998283,61.98,1671.35
Weekly,2012-12-28,North America,92026535084.3600006104,1726.91,1660.1
Weekly,2012-12-28,Europe,51280350552.1999969482,962.29,1660.1
Weekly,2012-12-28,Asia,2643605120.4000000954,48,1660.1
Weekly,2012-12-28,Other,3303614395.5199999809,61.99,1660.1
Weekly,2013-01-04,North America,91123138138.3300018311,1719.81,1669.85
Weekly,2013-01-04,Europe,50912219261.0500030518,960.89,1669.85
Weekly,2013-01-04,Asia,2712667790.1199998856,49.5,1669.85
Weekly,2013-01-04,Other,3288435163.7600002289,62.08,1669.85
Weekly,2013-01-11,North America,91450466426.6999969482,1716.09,1658.3
Weekly,2013-01-11,Europe,51229183863.1800003052,961.33,1658.3
Weekly,2013-01-11,Asia,2737122340.9899997711,49.48,1658.3
Weekly,2013-01-11,Other,2949262048.9099998474,55.33,1658.3
Weekly,2013-01-18,North America,92907984862.5700073242,1711.44,1677.35
Weekly,2013-01-18,Europe,52027259025.9100036621,958.38,1677.35
Weekly,2013-01-18,Asia,2779170729.8499999046,49.49,1677.35
Weekly,2013-01-18,Other,3375834338.5500001907,62.18,1677.35
Weekly,2013-01-25,North America,91217050513.0299987793,1709.14,1679.85
Weekly,2013-01-25,Europe,51000609024.1200027466,955.6,1679.85
Weekly,2013-01-25,Asia,2767468395.8099999428,49.21,1679.85
Weekly,2013-01-25,Other,3318459978.5999999046,62.17,1679.85
Weekly,2013-02-01,North America,91641548604.2299957275,1707.83,1666.25
Weekly,2013-02-01,Europe,51593819524.75,961.5,1666.25
Weekly,2013-02-01,Asia,2802225525.1999998093,50.15,1666.25
Weekly,2013-02-01,Other,3382393801.6500000954,63.04,1666.25
Weekly,2013-02-08,North America,91713097464.1499938965,1709.93,1670
Weekly,2013-02-08,Europe,51281671316.6100006104,956.11,1670
Weekly,2013-02-08,Asia,2816742513.8200001717,50.13,1670
Weekly,2013-02-08,Other,3371624800.9099998474,62.86,1670
Weekly,2013-02-15,North America,88193157639.5899963379,1701.42,1640.55
Weekly,2013-02-15,Europe,49339484903.6299972534,951.86,1640.55
Weekly,2013-02-15,Asia,2722000462.5599999428,49.75,1640.55
Weekly,2013-02-15,Other,3205265282.0399999619,61.82,1640.55
Weekly,2013-02-22,North America,84377316728.3300018311,1664.72,1592.1
Weekly,2013-02-22,Europe,47341866393.8700027466,934.03,1592.1
Weekly,2013-02-22,Asia,2658437718.8499999046,49.8,1592.1
Weekly,2013-02-22,Other,3133367563.2600002289,61.82,1592.1
Weekly,2013-03-01,North America,82749866549.1000061035,1626.68,1590.35
Weekly,2013-03-01,Europe,46816883025.0899963379,920.31,1590.35
Weekly,2013-03-01,Asia,2570259494.5599999428,48.68,1590.35
Weekly,2013-03-01,Other,3147666901.6399998665,61.89,1590.35
Weekly,2013-03-08,North America,82121191335.25,1614.83,1577.85
Weekly,2013-03-08,Europe,46509598981.3099975586,914.56,1577.85
Weekly,2013-03-08,Asia,2606047543.2399997711,49.03,1577.85
Weekly,2013-03-08,Other,3140266114.6500000954,61.75,1577.85
Weekly,2013-03-15,North America,82319068623.1399993896,1604.77,1588.75
Weekly,2013-03-15,Europe,46760529853.1500015259,911.57,1588.75
Weekly,2013-03-15,Asia,2634023550.4800000191,49.03,1588.75
Weekly,2013-03-15,Other,3173550726.8000001907,61.87,1588.75
Weekly,2013-03-22,North America,82250975848.6799926758,1591.22,1608.7
Weekly,2013-03-22,Europe,47248602637.0500030518,914.07,1608.7
Weekly,2013-03-22,Asia,2659910789.1300001144,49.11,1608.7
Weekly,2013-03-22,Other,3209032027.9899997711,62.08,1608.7
Weekly,2013-03-29,North America,81815847463.5,1592.21,1599.35
Weekly,2013-03-29,Europe,46697460834.9499969482,908.78,1599.35
Weekly,2013-03-29,Asia,2654120769.7699999809,49.43,1599.35
Weekly,2013-03-29,Other,3164316185.2300000191,61.58,1599.35
Weekly,2013-04-05,North America,79426317890.0099945068,1575.53,1574.2
Weekly,2013-04-05,Europe,45915400020.6299972534,910.8,1574.2
Weekly,2013-04-05,Asia,2600113792.0799999237,49.58,1574.2
Weekly,2013-04-05,Other,3105486352.4899997711,61.61,1574.2
Weekly,2013-04-12,North America,76272162391.4700012207,1544.99,1565.55
Weekly,2013-04-12,Europe,44409383507.7099990845,899.57,1565.55
Weekly,2013-04-12,Asia,2590257842.9000000954,49.56,1565.55
Weekly,2013-04-12,Other,3026300078.3099999428,61.29,1565.55
Weekly,2013-04-19,North America,67175103847.8000030518,1486.57,1393.25
Weekly,2013-04-19,Europe,40649949734.1900024414,899.58,1393.25
Weekly,2013-04-19,Asia,2362645441.1900000572,49.85,1393.25
Weekly,2013-04-19,Other,2741105831.5900001526,60.65,1393.25
Weekly,2013-04-26,North America,67920841384.0299987793,1435.66,1436.7
Weekly,2013-04-26,Europe,42048137443.5,888.78,1436.7
Weekly,2013-04-26,Asia,2489288373.3699998856,50.07,1436.7
Weekly,2013-04-26,Other,3006384463.9299998283,63.55,1436.7
Weekly,2013-05-03,North America,67143297127.3099975586,1421.4,1465.95
Weekly,2013-05-03,Europe,41461852516.0100021362,877.73,1465.95
Weekly,2013-05-03,Asia,2486591480.2699999809,49.64,1465.95
Weekly,2013-05-03,Other,3000980525.6900000572,63.52,1465.95
Weekly,2013-05-10,North America,64457787443.7200012207,1405.44,1454.7
Weekly,2013-05-10,Europe,39764035600.2099990845,867.02,1454.7
Weekly,2013-05-10,Asia,2410502562.8699998856,49.68,1454.7
Weekly,2013-05-10,Other,2883233734.5900001526,62.85,1454.7
Weekly,2013-05-17,North America,61104626263.8199996948,1388.54,1404.85
Weekly,2013-05-17,Europe,37375727734.7399978638,849.33,1404.85
Weekly,2013-05-17,Asia,2324816952.9499998093,49.58,1404.85
Weekly,2013-05-17,Other,2728191000.8299999237,61.99,1404.85
Weekly,2013-05-24,North America,60759106003.2699966431,1359.34,1378.95
Weekly,2013-05-24,Europe,37195238305.4899978638,832.15,1378.95
Weekly,2013-05-24,Asia,2323261526.8099999428,49.61,1378.95
Weekly,2013-05-24,Other,2750066642.3200001717,61.53,1378.95
Weekly,2013-05-31,North America,60737440457.7300033569,1354.71,1391.45
Weekly,2013-05-31,Europe,36776285077.5,820.27,1391.45
Weekly,2013-05-31,Asia,2346017357.9899997711,49.41,1391.45
Weekly,2013-05-31,Other,2749608643.3400001526,61.32,1391.45
Weekly,2013-06-07,North America,60027524166.5100021362,1347.09,1398.4
Weekly,2013-06-07,Europe,36520795970.1699981689,819.57,1398.4
Weekly,2013-06-07,Asia,2363877618.0799999237,49.39,1398.4
Weekly,2013-06-07,Other,2669633729.1100001335,59.89,1398.4
Weekly,2013-06-14,North America,60068945120.9899978638,1342.93,1383.3
Weekly,2013-06-14,Europe,36384604683.0400009155,813.43,1383.3
Weekly,2013-06-14,Asia,2329912748.4899997711,49.37,1383.3
Weekly,2013-06-14,Other,2605018217.9000000954,58.25,1383.3
Weekly,2013-06-21,North America,55447113497.9700012207,1331.48,1342.4
Weekly,2013-06-21,Europe,33459799499.5600013733,803.49,1342.4
Weekly,2013-06-21,Asia,2193889041.0799999237,49.34,1342.4
Weekly,2013-06-21,Other,2446596207.2699999809,58.75,1342.4
Weekly,2013-06-28,North America,49890681256.9100036621,1301.82,1245.35
Weekly,2013-06-28,Europe,30003377267.7200012207,782.89,1245.35
Weekly,2013-06-28,Asia,2015756268.9500000477,48.62,1245.35
Weekly,2013-06-28,Other,2223815864.5300002098,58.02,1245.35
Weekly,2013-07-05,North America,50435940819.2099990845,1293.53,1241.95
Weekly,2013-07-05,Europe,29565513861.8300018311,758.27,1241.95
Weekly,2013-07-05,Asia,2028575174.0899999142,47.96,1241.95
Weekly,2013-07-05,Other,2232921259.0500001907,57.25,1241.95
Weekly,2013-07-12,North America,52235709223.5699996948,1269.55,1262.3
Weekly,2013-07-12,Europe,31026826548.3699989319,754.09,1262.3
Weekly,2013-07-12,Asia,2101273692.2100000381,48.1,1262.3
Weekly,2013-07-12,Other,2355760191.3600001335,57.26,1262.3
Weekly,2013-07-19,North America,52562850323.6200027466,1261.73,1290.5
Weekly,2013-07-19,Europe,31227066738.8600006104,749.58,1290.5
Weekly,2013-07-19,Asia,2130586024.4300000668,48.09,1290.5
Weekly,2013-07-19,Other,2385972428.3099999428,57.28,1290.5
Weekly,2013-07-26,North America,53801048221.0699996948,1257.25,1330.5
Weekly,2013-07-26,Europe,32105468497.9500007629,750.26,1330.5
Weekly,2013-07-26,Asia,2204430154.3499999046,48.03,1330.5
Weekly,2013-07-26,Other,2437324577.1900000572,56.96,1330.5
Weekly,2013-08-02,North America,52521621990.7099990845,1247.74,1318.53
Weekly,2013-08-02,Europe,31576266222.6699981689,750.15,1318.53
Weekly,2013-08-02,Asia,2229302115.5900001526,49.79,1318.53
Weekly,2013-08-02,Other,2420054922.1599998474,57.51,1318.53
Weekly,2013-08-09,North America,52170106922.25,1239.63,1295
Weekly,2013-08-09,Europe,31380014626.8800010681,745.63,1295
Weekly,2013-08-09,Asia,2244126427.0100002289,49.48,1295
Weekly,2013-08-09,Other,2436245052.3899998665,57.89,1295
Weekly,2013-08-16,North America,54768951880.2799987793,1244.12,1339
Weekly,2013-08-16,Europe,32729287058.4399986267,743.47,1339
Weekly,2013-08-16,Asia,2361627438.1799998283,49.26,1339
Weekly,2013-08-16,Other,2478398561.4699997902,56.3,1339
Weekly,2013-08-23,North America,55043165313.6800003052,1242.86,1370.7
Weekly,2013-08-23,Europe,32901078620.3400001526,742.9,1370.7
Weekly,2013-08-23,Asia,2356006980.4400000572,49.24,1370.7
Weekly,2013-08-23,Other,2507866839.1700000763,56.63,1370.7
Weekly,2013-08-30,North America,56024304516.0400009155,1249.36,1403.75
Weekly,2013-08-30,Europe,33105515274.2799987793,738.27,1403.75
Weekly,2013-08-30,Asia,2313540658.2100000381,48.66,1403.75
Weekly,2013-08-30,Other,2530639829.9299998283,56.44,1403.75
Weekly,2013-09-06,North America,55627982073.7300033569,1247.46,1390.75
Weekly,2013-09-06,Europe,32903918822.1800003052,737.87,1390.75
Weekly,2013-09-06,Asia,2277850042.0199999809,48.93,1390.75
Weekly,2013-09-06,Other,2511235389.6500000954,56.32,1390.75
Weekly,2013-09-13,North America,52515302946.4300003052,1238.84,1351.7
Weekly,2013-09-13,Europe,31190097782.7099990845,735.78,1351.7
Weekly,2013-09-13,Asia,2236670260.7600002289,48.92,1351.7
Weekly,2013-09-13,Other,2364821142.0700001717,55.79,1351.7
Weekly,2013-09-20,North America,53643232220.1500015259,1236.61,1330.4
Weekly,2013-09-20,Europe,31560320422.1399993896,727.54,1330.4
Weekly,2013-09-20,Asia,2292292315.7699999809,48.8,1330.4
Weekly,2013-09-20,Other,2398064698.1199998856,55.28,1330.4
Weekly,2013-09-27,North America,53180044225.0999984741,1233.47,1326.8
Weekly,2013-09-27,Europe,31423836772.4399986267,728.85,1326.8
Weekly,2013-09-27,Asia,2254141670.1199998856,48.72,1326.8
Weekly,2013-09-27,Other,2403328840.5199999809,55.75,1326.8
Weekly,2013-10-04,North America,51728331394.1299972534,1228.43,1309.85
Weekly,2013-10-04,Europe,30658222915.2799987793,728.06,1309.85
Weekly,2013-10-04,Asia,2181485126.8299999237,46.53,1309.85
Weekly,2013-10-04,Other,2341956735.1300001144,55.61,1309.85
Weekly,2013-10-11,North America,49546673868.0899963379,1217.76,1304.2
Weekly,2013-10-11,Europe,29505538553.3199996948,725.19,1304.2
Weekly,2013-10-11,Asia,2186573232.8000001907,46.57,1304.2
Weekly,2013-10-11,Other,2258288238.1999998093,55.5,1304.2
Weekly,2013-10-18,North America,51073478772.8199996948,1206.66,1293.05
Weekly,2013-10-18,Europe,30556928239.4900016785,721.93,1293.05
Weekly,2013-10-18,Asia,2268991869.0599999428,46.66,1293.05
Weekly,2013-10-18,Other,2352458984.3400001526,55.58,1293.05
Weekly,2013-10-25,North America,51784236439.1100006104,1195.08,1334.85
Weekly,2013-10-25,Europe,31304269394.5099983215,722.44,1334.85
Weekly,2013-10-25,Asia,2313661568.8800001144,46.7,1334.85
Weekly,2013-10-25,Other,2405788724.6100001335,55.52,1334.85
Weekly,2013-11-01,North America,49927514857.1200027466,1188.38,1339.15
Weekly,2013-11-01,Europe,30216070323.1100006104,719.21,1339.15
Weekly,2013-11-01,Asia,2111145543.5499999523,44.61,1339.15
Weekly,2013-11-01,Other,2329705030.9000000954,55.45,1339.15
Weekly,2013-11-08,North America,49215943768.8600006104,1190.81,1307.9
Weekly,2013-11-08,Europe,29685115197.7900009155,718.25,1307.9
Weekly,2013-11-08,Asia,2085937856.5399999619,44.69,1307.9
Weekly,2013-11-08,Other,2304112296.4400000572,55.74,1307.9
Weekly,2013-11-15,North America,49178891284.4800033569,1188.3,1281.9
Weekly,2013-11-15,Europe,29468742437.3499984741,712.05,1281.9
Weekly,2013-11-15,Asia,2105659396.9400000572,44.6,1281.9
Weekly,2013-11-15,Other,2321562718.2399997711,56.1,1281.9
Weekly,2013-11-22,North America,46968606164.1999969482,1172.23,1260.5
Weekly,2013-11-22,Europe,28413628419.8199996948,709.14,1260.5
Weekly,2013-11-22,Asia,2093682409.1400001049,44.75,1260.5
Weekly,2013-11-22,Other,2232472853.0799999237,55.72,1260.5
Weekly,2013-11-29,North America,46786031632.8000030518,1161.38,1246.8
Weekly,2013-11-29,Europe,28369562873.4900016785,704.22,1246.8
Weekly,2013-11-29,Asia,2005190370.0499999523,43.29,1246.8
Weekly,2013-11-29,Other,2234043696.1799998283,55.46,1246.8
Weekly,2013-12-06,North America,45680014367.8700027466,1152.32,1225.95
Weekly,2013-12-06,Europe,27656890358.1500015259,697.67,1225.95
Weekly,2013-12-06,Asia,2005851566.2699999809,43.15,1225.95
Weekly,2013-12-06,Other,2201008202.9800000191,55.52,1225.95
Weekly,2013-12-13,North America,45349367100.9800033569,1144.91,1244.25
Weekly,2013-12-13,Europe,27332872805.8499984741,690.05,1244.25
Weekly,2013-12-13,Asia,1976864058.4800000191,43.2,1244.25
Weekly,2013-12-13,Other,2188722062.8800001144,55.26,1244.25
Weekly,2013-12-20,North America,43365937024.0699996948,1128.49,1217.65
Weekly,2013-12-20,Europe,25736074301.1800003052,669.72,1217.65
Weekly,2013-12-20,Asia,1982442208.75,44.18,1217.65
Weekly,2013-12-20,Other,2128474747.5199999809,55.39,1217.65
Weekly,2013-12-27,North America,43473955334.0400009155,1113.37,1200.6
Weekly,2013-12-27,Europe,25984202713.9000015259,665.46,1200.6
Weekly,2013-12-27,Asia,1964616763.2999999523,43.85,1200.6
Weekly,2013-12-27,Other,2137506356.6300001144,54.74,1200.6
Weekly,2014-01-03,North America,43721261632.0500030518,1101.57,1213.4
Weekly,2014-01-03,Europe,26355937518.9799995422,664.04,1213.4
Weekly,2014-01-03,Asia,1968312800.5699999332,43.35,1213.4
Weekly,2014-01-03,Other,2178511945.2800002098,54.89,1213.4
Weekly,2014-01-10,North America,43998131171.5100021362,1099.86,1233
Weekly,2014-01-10,Europe,26425831882.2799987793,660.59,1233
Weekly,2014-01-10,Asia,1959227933.6400001049,43.09,1233
Weekly,2014-01-10,Other,2201675252.6599998474,55.04,1233
Weekly,2014-01-17,North America,44305044576.6699981689,1102.43,1245.4
Weekly,2014-01-17,Europe,26385458086.6899986267,656.54,1245.4
Weekly,2014-01-17,Asia,1950309886.0399999619,42.92,1245.4
Weekly,2014-01-17,Other,2199010947.4800000191,54.72,1245.4
Weekly,2014-01-24,North America,44630585015.0199966431,1095.63,1252.95
Weekly,2014-01-24,Europe,26691217891.9799995422,655.24,1252.95
Weekly,2014-01-24,Asia,1946511442.0899999142,42.83,1252.95
Weekly,2014-01-24,Other,2217247008.7800002098,54.43,1252.95
Weekly,2014-01-31,North America,44113637391.9899978638,1096.79,1253.85
Weekly,2014-01-31,Europe,26152617585.4300003052,650.23,1253.85
Weekly,2014-01-31,Asia,1940420395.1600000858,42.77,1253.85
Weekly,2014-01-31,Other,2212942418.4800000191,55.02,1253.85
Weekly,2014-02-07,North America,44498794499.8099975586,1099.12,1256.5
Weekly,2014-02-07,Europe,26350097422.4199981689,650.85,1256.5
Weekly,2014-02-07,Asia,1961386032.8900001049,42.78,1256.5
Weekly,2014-02-07,Other,2168671116.6300001144,53.57,1256.5
Weekly,2014-02-14,North America,46843186463.3600006104,1103.78,1292.9
Weekly,2014-02-14,Europe,27587295498.0099983215,650.05,1292.9
Weekly,2014-02-14,Asia,2001818397.2000000477,42.75,1292.9
Weekly,2014-02-14,Other,2282942445.4299998283,53.8,1292.9
Weekly,2014-02-21,North America,46860669215.6800003052,1101.48,1321.65
Weekly,2014-02-21,Europe,27536772119.6399993896,647.26,1321.65
Weekly,2014-02-21,Asia,2015661721,42.66,1321.65
Weekly,2014-02-21,Other,2294496095.9899997711,53.93,1321.65
Weekly,2014-02-28,North America,47201047948.4499969482,1106.76,1332.85
Weekly,2014-02-28,Europe,27815412640.9700012207,652.21,1332.85
Weekly,2014-02-28,Asia,2031541015.5399999619,42.81,1332.85
Weekly,2014-02-28,Other,2280610056.2800002098,53.47,1332.85
Weekly,2014-03-07,North America,47624343838.7300033569,1109.37,1340.35
Weekly,2014-03-07,Europe,28248376793.9799995422,658.02,1340.35
Weekly,2014-03-07,Asia,2050314488.7899999619,42.76,1340.35
Weekly,2014-03-07,Other,2296006267.8699998856,53.48,1340.35
Weekly,2014-03-14,North America,49885039139.5199966431,1120.29,1362
Weekly,2014-03-14,Europe,29279369049.4300003052,657.54,1362
Weekly,2014-03-14,Asia,2054432525.5399999619,42.76,1362
Weekly,2014-03-14,Other,2360362038.1900000572,53.01,1362
Weekly,2014-03-21,North America,48187010655.2600021362,1121.84,1347.05
Weekly,2014-03-21,Europe,28153627710.4900016785,655.45,1347.05
Weekly,2014-03-21,Asia,2014130726.8699998856,42.69,1347.05
Weekly,2014-03-21,Other,2279702049.2800002098,53.07,1347.05
Weekly,2014-03-28,North America,46701571561.9800033569,1121.9,1303.8
Weekly,2014-03-28,Europe,27264884771.8800010681,654.98,1303.8
Weekly,2014-03-28,Asia,1953420298.9100000858,42.64,1303.8
Weekly,2014-03-28,Other,2200548992.0399999619,52.86,1303.8
Weekly,2014-04-04,North America,46398866691.9499969482,1112.48,1289.75
Weekly,2014-04-04,Europe,27168390368.0699996948,651.4,1289.75
Weekly,2014-04-04,Asia,1944764333.7300000191,42.29,1289.75
Weekly,2014-04-04,Other,2202890781.3200001717,52.82,1289.75
Weekly,2014-04-11,North America,46940551452.5400009155,1107.75,1309.75
Weekly,2014-04-11,Europe,27623939064.1800003052,651.9,1309.75
Weekly,2014-04-11,Asia,1973473358.9800000191,42.22,1309.75
Weekly,2014-04-11,Other,2268388995.2300000191,53.53,1309.75
Weekly,2014-04-18,North America,45865374105.6800003052,1098.21,1304.65
Weekly,2014-04-18,Europe,27505507134.0099983215,658.6,1304.65
Weekly,2014-04-18,Asia,1974654917.7799999714,42.15,1304.65
Weekly,2014-04-18,Other,2231364866.4699997902,53.43,1304.65
Weekly,2014-04-25,North America,45822417116.3799972534,1095.28,1292.75
Weekly,2014-04-25,Europe,27774001316.0099983215,663.88,1292.75
Weekly,2014-04-25,Asia,1982810810.6199998856,42.06,1292.75
Weekly,2014-04-25,Other,2255930483.7199997902,53.93,1292.75
Weekly,2014-05-02,North America,44735491786.3600006104,1085.99,1289
Weekly,2014-05-02,Europe,27658124739.7299995422,671.38,1289
Weekly,2014-05-02,Asia,1918097478.1300001144,40.57,1289
Weekly,2014-05-02,Other,2220927656.4299998283,53.91,1289
Weekly,2014-05-09,North America,45054564016.7900009155,1085.27,1292.35
Weekly,2014-05-09,Europe,27450382206.8800010681,661.22,1292.35
Weekly,2014-05-09,Asia,1917385052.0799999237,40.56,1292.35
Weekly,2014-05-09,Other,2248255176.6900000572,54.16,1292.35
Weekly,2014-05-16,North America,45043211445.5800018311,1084.79,1298.2
Weekly,2014-05-16,Europe,27426804111.6699981689,660.53,1298.2
Weekly,2014-05-16,Asia,1911881908.5199999809,40.6,1298.2
Weekly,2014-05-16,Other,2265140364.2399997711,54.55,1298.2
Weekly,2014-05-23,North America,44870622082.9800033569,1080.63,1294.95
Weekly,2014-05-23,Europe,27414513336.7599983215,660.23,1294.95
Weekly,2014-05-23,Asia,1858084782.3800001144,40.65,1294.95
Weekly,2014-05-23,Other,2272380874.2399997711,54.73,1294.95
Weekly,2014-05-30,North America,43742448323.3099975586,1088,1267.2
Weekly,2014-05-30,Europe,26512129131.1500015259,659.43,1267.2
Weekly,2014-05-30,Asia,1793090257.9100000858,40.82,1267.2
Weekly,2014-05-30,Other,2192834135.0599999428,54.54,1267.2
Weekly,2014-06-06,North America,43678070874.6399993896,1089.01,1247.05
Weekly,2014-06-06,Europe,26160963570.4799995422,652.26,1247.05
Weekly,2014-06-06,Asia,1799074208.9900000095,41.07,1247.05
Weekly,2014-06-06,Other,2193670314.3899998665,54.69,1247.05
Weekly,2014-06-13,North America,44596264871.3899993896,1089.63,1262.75
Weekly,2014-06-13,Europe,26625792802.5299987793,650.55,1262.75
Weekly,2014-06-13,Asia,1818404249.4600000381,41.33,1262.75
Weekly,2014-06-13,Other,2290773355.0999999046,55.97,1262.75
Weekly,2014-06-20,North America,45792775738.7699966431,1085.19,1283.8
Weekly,2014-06-20,Europe,27329191903.0900001526,647.64,1283.8
Weekly,2014-06-20,Asia,1873285358,41.31,1283.8
Weekly,2014-06-20,Other,2346254168.9499998093,55.6,1283.8
Weekly,2014-06-27,North America,46088412505.9899978638,1088.05,1315.6
Weekly,2014-06-27,Europe,27483597488.9799995422,648.83,1315.6
Weekly,2014-06-27,Asia,1878939966.2799999714,41.35,1315.6
Weekly,2014-06-27,Other,2337645290.0700001717,55.19,1315.6
Weekly,2014-07-04,North America,46657307077.1100006104,1099.98,1321.15
Weekly,2014-07-04,Europe,27499522178.0600013733,648.32,1321.15
Weekly,2014-07-04,Asia,1847894729.8599998951,40.74,1321.15
Weekly,2014-07-04,Other,2331886020.9299998283,54.98,1321.15
Weekly,2014-07-11,North America,47380540423.1500015259,1103.89,1326.8
Weekly,2014-07-11,Europe,27910904018.3699989319,650.28,1326.8
Weekly,2014-07-11,Asia,1874031208.9300000668,40.72,1326.8
Weekly,2014-07-11,Other,2359221638.3699998856,54.97,1326.8
Weekly,2014-07-18,North America,46639255495.2699966431,1109.69,1305.35
Weekly,2014-07-18,Europe,27230686375.8199996948,647.9,1305.35
Weekly,2014-07-18,Asia,1842823387.1800000668,40.75,1305.35
Weekly,2014-07-18,Other,2312660710.3699998856,55.02,1305.35
Weekly,2014-07-25,North America,46087438185.0299987793,1107.15,1303.45
Weekly,2014-07-25,Europe,26971007994.2799987793,647.92,1303.45
Weekly,2014-07-25,Asia,1821227401.4400000572,40.66,1303.45
Weekly,2014-07-25,Other,2285011558.3000001907,54.89,1303.45
Weekly,2014-08-01,North America,45937098580.9899978638,1106.53,1294.95
Weekly,2014-08-01,Europe,26953390292.5699996948,649.25,1294.95
Weekly,2014-08-01,Asia,1795704758.1300001144,40.44,1294.95
Weekly,2014-08-01,Other,2279899853.9200000763,54.92,1294.95
Weekly,2014-08-08,North America,46335400586.7799987793,1100.36,1299.35
Weekly,2014-08-08,Europe,27336371778.0699996948,649.17,1299.35
Weekly,2014-08-08,Asia,1840080769.4200000763,40.57,1299.35
Weekly,2014-08-08,Other,2325157021.6100001335,55.21,1299.35
Weekly,2014-08-15,North America,45830860389.5699996948,1099.92,1308.9
Weekly,2014-08-15,Europe,27145994772.7599983215,651.49,1308.9
Weekly,2014-08-15,Asia,1832126025.1400001049,40.55,1308.9
Weekly,2014-08-15,Other,2284459932.6500000954,54.82,1308.9
Weekly,2014-08-22,North America,45354829570.7699966431,1104.48,1288.15
Weekly,2014-08-22,Europe,26764168511.4799995422,651.76,1288.15
Weekly,2014-08-22,Asia,1794037291.6500000954,40.41,1288.15
Weekly,2014-08-22,Other,2247002031.3400001526,54.72,1288.15
Weekly,2014-08-29,North America,45407927346.75,1098.46,1284.75
Weekly,2014-08-29,Europe,26907105067.5299987793,650.91,1284.75
Weekly,2014-08-29,Asia,1784659772.8399999142,40.01,1284.75
Weekly,2014-08-29,Other,2112694964.3399999142,51.11,1284.75
Weekly,2014-09-05,North America,44322536511.6699981689,1088.93,1271.3
Weekly,2014-09-05,Europe,26242464800.7099990845,644.73,1271.3
Weekly,2014-09-05,Asia,1761407458.3199999332,40.15,1271.3
Weekly,2014-09-05,Other,2081116518.5599999428,51.13,1271.3
Weekly,2014-09-12,North America,43199185637.5999984741,1091.06,1247.7
Weekly,2014-09-12,Europe,25657425261.4500007629,648.02,1247.7
Weekly,2014-09-12,Asia,1720340790.9700000286,40.22,1247.7
Weekly,2014-09-12,Other,2027268419.3599998951,51.2,1247.7
Weekly,2014-09-19,North America,42312342378.1600036621,1078.96,1228.55
Weekly,2014-09-19,Europe,25151038585.0499992371,641.35,1228.55
Weekly,2014-09-19,Asia,1702100204.2899999619,40.29,1228.55
Weekly,2014-09-19,Other,2013034209.3399999142,51.33,1228.55
Weekly,2014-09-26,North America,41896476241.8799972534,1073.64,1216.05
Weekly,2014-09-26,Europe,24908185887.1199989319,638.3,1216.05
Weekly,2014-09-26,Asia,1700848045.5299999714,40.28,1216.05
Weekly,2014-09-26,Other,2024705142.5199999809,51.88,1216.05
Weekly,2014-10-03,North America,40996056301.5299987793,1067.05,1211.85
Weekly,2014-10-03,Europe,24209621257.3899993896,630.13,1211.85
Weekly,2014-10-03,Asia,1677821590.5899999142,40.06,1211.85
Weekly,2014-10-03,Other,1998337710.2200000286,52.01,1211.85
Weekly,2014-10-10,North America,41473560593.5699996948,1058.22,1213.8
Weekly,2014-10-10,Europe,24692982698.0900001526,630.06,1213.8
Weekly,2014-10-10,Asia,1710640121.5799999237,40.26,1213.8
Weekly,2014-10-10,Other,2085428784.4600000381,53.21,1213.8
Weekly,2014-10-17,North America,42059201420.6299972534,1059.9,1234.65
Weekly,2014-10-17,Europe,25151736889.9300003052,633.83,1234.65
Weekly,2014-10-17,Asia,1731681145.1900000572,40.27,1234.65
Weekly,2014-10-17,Other,2108651661.4100000858,53.14,1234.65
Weekly,2014-10-24,North America,41401652008.6900024414,1044.6,1240.8
Weekly,2014-10-24,Europe,25114634634.4700012207,633.67,1240.8
Weekly,2014-10-24,Asia,1730654825.4400000572,40.25,1240.8
Weekly,2014-10-24,Other,2103298523.0199999809,53.07,1240.8
Weekly,2014-10-31,North America,38922058717.3600006104,1039.82,1209.55
Weekly,2014-10-31,Europe,23724215327.8800010681,633.8,1209.55
Weekly,2014-10-31,Asia,1644476823.0199999809,40.41,1209.55
Weekly,2014-10-31,Other,1976551493.75,52.8,1209.55
Weekly,2014-11-07,North America,38005964003.1999969482,1023.92,1155.15
Weekly,2014-11-07,Europe,23193522539.6800003052,624.86,1155.15
Weekly,2014-11-07,Asia,1624909584.5199999809,40.68,1155.15
Weekly,2014-11-07,Other,1963687604.6700000763,52.91,1155.15
Weekly,2014-11-14,North America,38217327682.9599990845,1016.84,1162.75
Weekly,2014-11-14,Europe,23500855279.5600013733,625.29,1162.75
Weekly,2014-11-14,Asia,1630976887.6600000858,40.56,1162.75
Weekly,2014-11-14,Other,1992306226.6400001049,53.01,1162.75
Weekly,2014-11-21,North America,39345393858.5899963379,1016.64,1193
Weekly,2014-11-21,Europe,24238122223.7099990845,626.28,1193
Weekly,2014-11-21,Asia,1674604828.6400001049,40.44,1193
Weekly,2014-11-21,Other,1948570076.7000000477,50.35,1193
Weekly,2014-11-28,North America,38565975956.3799972534,1014.19,1194.3
Weekly,2014-11-28,Europe,23850253026.9000015259,627.2,1194.3
Weekly,2014-11-28,Asia,1634939447.9800000191,40.17,1194.3
Weekly,2014-11-28,Other,1857655928.6800000668,48.85,1194.3
Weekly,2014-12-05,North America,39032858595.3300018311,1016.8,1199.35
Weekly,2014-12-05,Europe,23727774618.4199981689,618.1,1199.35
Weekly,2014-12-05,Asia,1657125581.2699999809,40.2,1199.35
Weekly,2014-12-05,Other,1875634657.6199998856,48.86,1199.35
Weekly,2014-12-12,North America,39938699673.0100021362,1020.73,1216.45
Weekly,2014-12-12,Europe,24185536576.2000007629,618.12,1216.45
Weekly,2014-12-12,Asia,1679097224.5399999619,40.15,1216.45
Weekly,2014-12-12,Other,1881350792.1199998856,48.08,1216.45
Weekly,2014-12-19,North America,39157279812.0100021362,1018.76,1200.4
Weekly,2014-12-19,Europe,23671733020.0299987793,615.87,1200.4
Weekly,2014-12-19,Asia,1648193981.0099999905,40.13,1200.4
Weekly,2014-12-19,Other,1836509487.4800000191,47.78,1200.4
Weekly,2014-12-26,North America,38164939400.5100021362,1008.55,1180.4
Weekly,2014-12-26,Europe,23376376869.1599998474,617.75,1180.4
Weekly,2014-12-26,Asia,1640063752.9300000668,40.07,1180.4
Weekly,2014-12-26,Other,1780390532.5499999523,47.05,1180.4
Weekly,2015-01-02,North America,37780827009.3899993896,1002.66,1192.4
Weekly,2015-01-02,Europe,23558597980.8699989319,625.22,1192.4
Weekly,2015-01-02,Asia,1632783449.0899999142,40.02,1192.4
Weekly,2015-01-02,Other,1764681026.1800000668,46.83,1192.4
Weekly,2015-01-09,North America,39231424259.25,1002.04,1210.8
Weekly,2015-01-09,Europe,24350399690.2700004578,621.95,1210.8
Weekly,2015-01-09,Asia,1670361414.1900000572,39.96,1210.8
Weekly,2015-01-09,Other,1848051852.2999999523,47.2,1210.8
Weekly,2015-01-16,North America,42156612429.5599975586,1026.39,1245.9
Weekly,2015-01-16,Europe,25580440318.9000015259,622.81,1245.9
Weekly,2015-01-16,Asia,1722343099.6500000954,39.86,1245.9
Weekly,2015-01-16,Other,1928803824.7699999809,46.97,1245.9
Weekly,2015-01-23,North America,43325823270.5500030518,1040.81,1289.3
Weekly,2015-01-23,Europe,26315035099.1800003052,632.16,1289.3
Weekly,2015-01-23,Asia,1756225856.1199998856,39.56,1289.3
Weekly,2015-01-23,Other,1929248577.2400000095,46.35,1289.3
Weekly,2015-01-30,North America,42833809150.5,1057.16,1277.35
Weekly,2015-01-30,Europe,25479323838.1500015259,628.84,1277.35
Weekly,2015-01-30,Asia,1683341583.7799999714,38.9,1277.35
Weekly,2015-01-30,Other,1869611392.2999999523,46.14,1277.35
Weekly,2015-02-06,North America,42739834436.2099990845,1071.2,1261.1
Weekly,2015-02-06,Europe,25205689218.1899986267,631.74,1261.1
Weekly,2015-02-06,Asia,1679886280.0499999523,38.86,1261.1
Weekly,2015-02-06,Other,1823512176.0599999428,45.7,1261.1
Weekly,2015-02-13,North America,42231776550.6800003052,1065.76,1230.35
Weekly,2015-02-13,Europe,25129170889.5900001526,634.16,1230.35
Weekly,2015-02-13,Asia,1641757456.1500000954,38.83,1230.35
Weekly,2015-02-13,Other,1757185760.0599999428,44.35,1230.35
Weekly,2015-02-20,North America,41546946559.0800018311,1069.53,1212.5
Weekly,2015-02-20,Europe,24914331624.7299995422,641.36,1212.5
Weekly,2015-02-20,Asia,1614707014.3499999046,38.84,1212.5
Weekly,2015-02-20,Other,1715920534.4100000858,44.17,1212.5
Weekly,2015-02-27,North America,41686754325.3300018311,1068.04,1204.8
Weekly,2015-02-27,Europe,25035938219.0499992371,641.44,1204.8
Weekly,2015-02-27,Asia,1612375716.6900000572,38.96,1204.8
Weekly,2015-02-27,Other,1677233505.2400000095,42.97,1204.8
Weekly,2015-03-06,North America,39759736586.6200027466,1051.81,1200.5
Weekly,2015-03-06,Europe,24206236625.4300003052,640.36,1200.5
Weekly,2015-03-06,Asia,1606594284.5699999332,39.04,1200.5
Weekly,2015-03-06,Other,1554951473.2300000191,41.13,1200.5
Weekly,2015-03-13,North America,38704299935.4800033569,1045,1156.95
Weekly,2015-03-13,Europe,23176942415.7000007629,625.77,1156.95
Weekly,2015-03-13,Asia,1563457858.2100000381,39.33,1156.95
Weekly,2015-03-13,Other,1577491988.5299999714,42.59,1156.95
Weekly,2015-03-20,North America,39529367612.4599990845,1039.22,1159.57
Weekly,2015-03-20,Europe,23681214595.8400001526,622.57,1159.57
Weekly,2015-03-20,Asia,1614199942.3299999237,40.04,1159.57
Weekly,2015-03-20,Other,1628929715.4700000286,42.83,1159.57
Weekly,2015-03-27,North America,39677058032.3600006104,1032.07,1194.45
Weekly,2015-03-27,Europe,24011906978.9700012207,624.59,1194.45
Weekly,2015-03-27,Asia,1654689567.0899999142,40.33,1194.45
Weekly,2015-03-27,Other,1630547330.8800001144,42.41,1194.45
Weekly,2015-04-03,North America,39775899963.6999969482,1032.26,1193.3
Weekly,2015-04-03,Europe,24053622835.2599983215,624.24,1193.3
Weekly,2015-04-03,Asia,1662599122.4700000286,40.78,1193.3
Weekly,2015-04-03,Other,1637440666.6900000572,42.49,1193.3
Weekly,2015-04-10,North America,39970230653.4199981689,1029.7,1203.78
Weekly,2015-04-10,Europe,24159678226.7400016785,622.4,1203.78
Weekly,2015-04-10,Asia,1675783504.9600000381,40.73,1203.78
Weekly,2015-04-10,Other,1648751211.8399999142,42.48,1203.78
Weekly,2015-04-17,North America,40021957408.8300018311,1034.46,1198.85
Weekly,2015-04-17,Europe,24208523797.7799987793,625.73,1198.85
Weekly,2015-04-17,Asia,1673286726.3099999428,40.69,1198.85
Weekly,2015-04-17,Other,1610804640.1500000954,41.63,1198.85
Weekly,2015-04-24,North America,39473472857.0400009155,1037.84,1189.96
Weekly,2015-04-24,Europe,23846147554.7599983215,626.96,1189.96
Weekly,2015-04-24,Asia,1659003037.6400001049,40.75,1189.96
Weekly,2015-04-24,Other,1545427180.1300001144,40.63,1189.96
Weekly,2015-05-01,North America,39213023240.3899993896,1037.17,1194.84
Weekly,2015-05-01,Europe,23811428154.8300018311,629.8,1194.84
Weekly,2015-05-01,Asia,1659805360.5399999619,40.65,1194.84
Weekly,2015-05-01,Other,1531838265.2599999905,40.52,1194.84
Weekly,2015-05-08,North America,39058568791.4800033569,1024.33,1188.04
Weekly,2015-05-08,Europe,24169669129.5200004578,633.86,1188.04
Weekly,2015-05-08,Asia,1650896308.7100000381,40.62,1188.04
Weekly,2015-05-08,Other,1423759439.7899999619,37.34,1188.04
Weekly,2015-05-15,North America,40031043584.1699981689,1020.16,1207.35
Weekly,2015-05-15,Europe,25056224036.2900009155,638.54,1207.35
Weekly,2015-05-15,Asia,1682182044.4900000095,40.45,1207.35
Weekly,2015-05-15,Other,1600547994.5799999237,40.79,1207.35
Weekly,2015-05-22,North America,39167068781.6100006104,1011.74,1211.48
Weekly,2015-05-22,Europe,24595087346.1500015259,635.32,1211.48
Weekly,2015-05-22,Asia,1657403365.4200000763,40.06,1211.48
Weekly,2015-05-22,Other,1556739515.6400001049,40.21,1211.48
Weekly,2015-05-29,North America,38765537798.6800003052,1012.04,1190.35
Weekly,2015-05-29,Europe,24292330189.7000007629,634.19,1190.35
Weekly,2015-05-29,Asia,1624400383.9100000858,39.92,1190.35
Weekly,2015-05-29,Other,1538992323.4400000572,40.18,1190.35
Weekly,2015-06-05,North America,37632749658.4000015259,1005.07,1184.66
Weekly,2015-06-05,Europe,23711122523.0800018311,633.26,1184.66
Weekly,2015-06-05,Asia,1599382145.9700000286,39.95,1184.66
Weekly,2015-06-05,Other,1499197171.1800000668,40.04,1184.66
Weekly,2015-06-12,North America,38028922734.5599975586,1000.03,1180
Weekly,2015-06-12,Europe,24169611569.9799995422,635.58,1180
Weekly,2015-06-12,Asia,1602457298.4000000954,39.72,1180
Weekly,2015-06-12,Other,1528721533.9800000191,40.2,1180
Weekly,2015-06-19,North America,38635066575.9599990845,998.57,1188.48
Weekly,2015-06-19,Europe,24631908601.3899993896,636.64,1188.48
Weekly,2015-06-19,Asia,1631269726.4300000668,39.78,1188.48
Weekly,2015-06-19,Other,1543783094.6600000858,39.9,1188.48
Weekly,2015-06-26,North America,37944307427.6999969482,1008.29,1176.08
Weekly,2015-06-26,Europe,23772671644.5800018311,631.71,1176.08
Weekly,2015-06-26,Asia,1594924447.8099999428,39.81,1176.08
Weekly,2015-06-26,Other,1464186637.7899999619,38.91,1176.08
Weekly,2015-07-03,North America,37769682732.7699966431,1005.84,1169.64
Weekly,2015-07-03,Europe,23670171343.1399993896,630.36,1169.64
Weekly,2015-07-03,Asia,1615310841.2999999523,40.55,1169.64
Weekly,2015-07-03,Other,1447491599.8199999332,38.55,1169.64
Weekly,2015-07-10,North America,37435425336.7900009155,1004.37,1160.86
Weekly,2015-07-10,Europe,23481975718.1500015259,630.01,1160.86
Weekly,2015-07-10,Asia,1611195401.7899999619,40.68,1160.86
Weekly,2015-07-10,Other,1434969420.7599999905,38.5,1160.86
Weekly,2015-07-17,North America,36118063292.5599975586,991.7,1147.2
Weekly,2015-07-17,Europe,22740003450.8100013733,624.38,1147.2
Weekly,2015-07-17,Asia,1592681568,40.79,1147.2
Weekly,2015-07-17,Other,1405077340.8199999332,38.58,1147.2
Weekly,2015-07-24,North America,33773171077.4900016785,971.93,1095.4
Weekly,2015-07-24,Europe,21461393973.6599998474,617.62,1095.4
Weekly,2015-07-24,Asia,1520770846.75,41.07,1095.4
Weekly,2015-07-24,Other,1322387554.1700000763,38.05,1095.4
Weekly,2015-07-31,North America,34003287863.7599983215,962.87,1094.47
Weekly,2015-07-31,Europe,21356061228.0900001526,604.74,1094.47
Weekly,2015-07-31,Asia,1511898551.0999999046,40.84,1094.47
Weekly,2015-07-31,Other,1336659294.5399999619,37.86,1094.47
Weekly,2015-08-07,North America,33635453019.7400016785,956.73,1090.18
Weekly,2015-08-07,Europe,20998268867.6100006104,597.27,1090.18
Weekly,2015-08-07,Asia,1521053839.2300000191,40.8,1090.18
Weekly,2015-08-07,Other,1284506419.6700000763,36.54,1090.18
Weekly,2015-08-14,North America,34511998172.3300018311,959.93,1111.85
Weekly,2015-08-14,Europe,21380990255.7299995422,594.7,1111.85
Weekly,2015-08-14,Asia,1552002469.0999999046,40.75,1111.85
Weekly,2015-08-14,Other,1287085964.5599999428,35.8,1111.85
Weekly,2015-08-21,North America,35945333513.1399993896,966.73,1132.12
Weekly,2015-08-21,Europe,22367975567.9700012207,601.58,1132.12
Weekly,2015-08-21,Asia,1633004376.8900001049,41.63,1132.12
Weekly,2015-08-21,Other,1324851373.0199999809,35.63,1132.12
Weekly,2015-08-28,North America,35460833121.0899963379,971.77,1135.75
Weekly,2015-08-28,Europe,22003278255.2999992371,602.98,1135.75
Weekly,2015-08-28,Asia,1676011700.0599999428,43.75,1135.75
Weekly,2015-08-28,Other,1308635132.5099999905,35.86,1135.75
Weekly,2015-09-04,North America,34863439137.9000015259,969.71,1132.26
Weekly,2015-09-04,Europe,21420988462.4799995422,595.81,1132.26
Weekly,2015-09-04,Asia,1654140535.9300000668,43.43,1132.26
Weekly,2015-09-04,Other,1382185611.2100000381,38.44,1132.26
Weekly,2015-09-11,North America,34152827879.5200004578,965.48,1112.05
Weekly,2015-09-11,Europe,21095919115.7000007629,596.37,1112.05
Weekly,2015-09-11,Asia,1635279603.7799999714,43.45,1112.05
Weekly,2015-09-11,Other,1378094303.2999999523,38.96,1112.05
Weekly,2015-09-18,North America,35372691459.7900009155,963.83,1117.47
Weekly,2015-09-18,Europe,21937471197.4199981689,597.75,1117.47
Weekly,2015-09-18,Asia,1667114365.4200000763,43.35,1117.47
Weekly,2015-09-18,Other,1422871604.75,38.77,1117.47
Weekly,2015-09-25,North America,35776965392.5,970.47,1137.73
Weekly,2015-09-25,Europe,22008219020.5499992371,596.98,1137.73
Weekly,2015-09-25,Asia,1664974641.8199999332,43.21,1137.73
Weekly,2015-09-25,Other,1502634604.2400000095,40.76,1137.73
Weekly,2015-10-02,North America,35777911010.2300033569,975.51,1127.38
Weekly,2015-10-02,Europe,21891181286.0699996948,596.88,1127.38
Weekly,2015-10-02,Asia,1629217790.9100000858,43.07,1127.38
Weekly,2015-10-02,Other,1516573247.2899999619,41.36,1127.38
Weekly,2015-10-09,North America,36064724401.2600021362,974.11,1144.68
Weekly,2015-10-09,Europe,22163924595.9700012207,598.65,1144.68
Weekly,2015-10-09,Asia,1690164878.0499999523,43.25,1144.68
Weekly,2015-10-09,Other,1523057144.7599999905,41.14,1144.68
Weekly,2015-10-16,North America,37263251294.6600036621,981.51,1173.82
Weekly,2015-10-16,Europe,22796481260.6699981689,600.46,1173.82
Weekly,2015-10-16,Asia,1717357203.4900000095,43.07,1173.82
Weekly,2015-10-16,Other,1570582938.0999999046,41.37,1173.82
Weekly,2015-10-23,North America,36755099274.9700012207,984.47,1169.7
Weekly,2015-10-23,Europe,22346657670.2799987793,598.54,1169.7
Weekly,2015-10-23,Asia,1701169871.1500000954,42.96,1169.7
Weekly,2015-10-23,Other,1540403986.5299999714,41.26,1169.7
Weekly,2015-10-30,North America,35975651162.3099975586,979.53,1160.53
Weekly,2015-10-30,Europe,22017840145.5699996948,599.49,1160.53
Weekly,2015-10-30,Asia,1661516714.6500000954,42.71,1160.53
Weekly,2015-10-30,Other,1524920434.6400001049,41.52,1160.53
Weekly,2015-11-06,North America,33426643362.8300018311,954.8,1113.4
Weekly,2015-11-06,Europe,21034096575.1800003052,600.82,1113.4
Weekly,2015-11-06,Asia,1634014023.2599999905,43.6,1113.4
Weekly,2015-11-06,Other,1444129664.8299999237,41.24,1113.4
Weekly,2015-11-13,North America,32948791475.4099998474,947.59,1086.3
Weekly,2015-11-13,Europe,20886204128.9599990845,600.68,1086.3
Weekly,2015-11-13,Asia,1631651849.8299999237,44,1086.3
Weekly,2015-11-13,Other,1439531540.0699999332,41.4,1086.3
Weekly,2015-11-20,North America,32891986359.4599990845,945.74,1079.21
Weekly,2015-11-20,Europe,20738592596.75,596.3,1079.21
Weekly,2015-11-20,Asia,1627188685.1800000668,44.13,1079.21
Weekly,2015-11-20,Other,1436562624.5699999332,41.3,1079.21
Weekly,2015-11-27,North America,31930754645.5600013733,939.24,1068.66
Weekly,2015-11-27,Europe,20108082101,591.48,1068.66
Weekly,2015-11-27,Asia,1605633122.5499999523,44.38,1068.66
Weekly,2015-11-27,Other,1401809587.4500000477,41.23,1068.66
Weekly,2015-12-04,North America,31949650221.5,920.77,1063.48
Weekly,2015-12-04,Europe,20458151640.2299995422,589.59,1063.48
Weekly,2015-12-04,Asia,1599587236.5299999714,44.37,1063.48
Weekly,2015-12-04,Other,1407309564.2899999619,40.56,1063.48
Weekly,2015-12-11,North America,31562660903.3300018311,915.35,1074.48
Weekly,2015-12-11,Europe,20348535327.4300003052,590.13,1074.48
Weekly,2015-12-11,Asia,1608187595.3599998951,44.48,1074.48
Weekly,2015-12-11,Other,1402808249.6099998951,40.68,1074.48
Weekly,2015-12-18,North America,31739669697.8600006104,929.14,1063.38
Weekly,2015-12-18,Europe,20040748339.5099983215,586.67,1063.38
Weekly,2015-12-18,Asia,1618198587.5899999142,44.99,1063.38
Weekly,2015-12-18,Other,1366931174.9100000858,40.02,1063.38
Weekly,2015-12-25,North America,31803920874.7400016785,922.87,1073.14
Weekly,2015-12-25,Europe,20088879913.4099998474,582.92,1073.14
Weekly,2015-12-25,Asia,1640569324.9600000381,45.03,1073.14
Weekly,2015-12-25,Other,1383685764.0099999905,40.15,1073.14
Weekly,2016-01-01,North America,31379712545.7700004578,918.82,1065.3
Weekly,2016-01-01,Europe,19863523975.3699989319,581.62,1065.3
Weekly,2016-01-01,Asia,1689549324.2000000477,46.84,1065.3
Weekly,2016-01-01,Other,1387185345.4600000381,40.62,1065.3
Weekly,2016-01-08,North America,33049035847.2299995422,932.92,1091.77
Weekly,2016-01-08,Europe,20661587121.9399986267,583.24,1091.77
Weekly,2016-01-08,Asia,1742220167.4100000858,47.01,1091.77
Weekly,2016-01-08,Other,1418531919.8800001144,40.04,1091.77
Weekly,2016-01-15,North America,33129054521.9000015259,942.11,1091.29
Weekly,2016-01-15,Europe,20667170710.8499984741,587.72,1091.29
Weekly,2016-01-15,Asia,1705031615.5899999142,46.89,1091.29
Weekly,2016-01-15,Other,1405469229.6900000572,39.97,1091.29
Weekly,2016-01-22,North America,33441392151.6699981689,948.82,1093.99
Weekly,2016-01-22,Europe,20806410139.1899986267,590.33,1093.99
Weekly,2016-01-22,Asia,1774681350.8099999428,48.02,1093.99
Weekly,2016-01-22,Other,1418958716.3800001144,40.26,1093.99
Weekly,2016-01-29,North America,34277249976.7799987793,958.93,1112.45
Weekly,2016-01-29,Europe,21321139789.0600013733,596.48,1112.45
Weekly,2016-01-29,Asia,1794629977.6400001049,47.92,1112.45
Weekly,2016-01-29,Other,1446488525.9000000954,40.47,1112.45
Weekly,2016-02-05,North America,36786827440.3399963379,994.65,1138.74
Weekly,2016-02-05,Europe,22402739703.6800003052,605.73,1138.74
Weekly,2016-02-05,Asia,1901518921.2699999809,49.09,1138.74
Weekly,2016-02-05,Other,1481958708.6800000668,40.07,1138.74
Weekly,2016-02-12,North America,40360992930.2900009155,1012.6,1211
Weekly,2016-02-12,Europe,25576255466.0900001526,641.67,1211
Weekly,2016-02-12,Asia,2004315656.3399999142,49.11,1211
Weekly,2016-02-12,Other,1612194670.0999999046,40.45,1211
Weekly,2016-02-19,North America,41150566182.6600036621,1039.62,1213.79
Weekly,2016-02-19,Europe,25762325157.7999992371,650.85,1213.79
Weekly,2016-02-19,Asia,2043330503.75,50.15,1213.79
Weekly,2016-02-19,Other,1598567418.5699999332,40.39,1213.79
Weekly,2016-02-26,North America,42335859522.1299972534,1073.62,1229.12
Weekly,2016-02-26,Europe,26218774255.7999992371,664.9,1229.12
Weekly,2016-02-26,Asia,2151189998.7800002098,52.67,1229.12
Weekly,2016-02-26,Other,1553317849.6600000858,39.39,1229.12
Weekly,2016-03-04,North America,45408211615.6999969482,1105.56,1247.67
Weekly,2016-03-04,Europe,27720609126.8499984741,674.92,1247.67
Weekly,2016-03-04,Asia,2376161586.2800002098,56.55,1247.67
Weekly,2016-03-04,Other,1685693873.5399999619,41.04,1247.67
Weekly,2016-03-11,North America,45239357907.2600021362,1112.55,1262.51
Weekly,2016-03-11,Europe,27867184117.1899986267,685.33,1262.51
Weekly,2016-03-11,Asia,2449961647.75,58.4,1262.51
Weekly,2016-03-11,Other,1760519218.2400000095,43.3,1262.51
Weekly,2016-03-18,North America,45682750475.1100006104,1134.81,1244.37
Weekly,2016-03-18,Europe,27718349842.8499984741,688.55,1244.37
Weekly,2016-03-18,Asia,2442443562.7100000381,58.71,1244.37
Weekly,2016-03-18,Other,1740102490.0599999428,43.22,1244.37
Weekly,2016-03-25,North America,44727162198.9700012207,1139.37,1231.4
Weekly,2016-03-25,Europe,27139356120.5600013733,691.34,1231.4
Weekly,2016-03-25,Asia,2345877570.1199998856,58.01,1231.4
Weekly,2016-03-25,Other,1731371832.0299999714,44.11,1231.4
Weekly,2016-04-01,North America,43989389149.4700012207,1127.41,1226.77
Weekly,2016-04-01,Europe,27383789829.4900016785,701.82,1226.77
Weekly,2016-04-01,Asia,2441856463.4000000954,59.75,1226.77
Weekly,2016-04-01,Other,1744827286.1199998856,44.71,1226.77
Weekly,2016-04-08,North America,44948184172.9899978638,1127.91,1230.8
Weekly,2016-04-08,Europe,27865587944.0400009155,699.25,1230.8
Weekly,2016-04-08,Asia,2451276842,59.62,1230.8
Weekly,2016-04-08,Other,1842179131.8499999046,46.23,1230.8
Weekly,2016-04-15,North America,44339604857.6999969482,1123.88,1243.21
Weekly,2016-04-15,Europe,27994167063.8899993896,709.57,1243.21
Weekly,2016-04-15,Asia,2438123336.3499999046,59.27,1243.21
Weekly,2016-04-15,Other,1816509800.4000000954,46.04,1243.21
Weekly,2016-04-22,North America,44586582036.4700012207,1115.46,1246.84
Weekly,2016-04-22,Europe,28421365017.5999984741,711.04,1246.84
Weekly,2016-04-22,Asia,2460925410.1500000954,59.36,1246.84
Weekly,2016-04-22,Other,1824534426.5999999046,45.64,1246.84
Weekly,2016-04-29,North America,46126896419.8000030518,1115.94,1253.93
Weekly,2016-04-29,Europe,29719834391.1100006104,719.01,1253.93
Weekly,2016-04-29,Asia,2489681172.5100002289,58.62,1253.93
Weekly,2016-04-29,Other,1887619336.0599999428,45.67,1253.93
Weekly,2016-05-06,North America,47845251987.7300033569,1154.5,1286.38
Weekly,2016-05-06,Europe,29836354755.0200004578,719.95,1286.38
Weekly,2016-05-06,Asia,2512868873.8200001717,58.89,1286.38
Weekly,2016-05-06,Other,1918943392.5699999332,46.31,1286.38
Weekly,2016-05-13,North America,47767740034.1100006104,1173.67,1270.01
Weekly,2016-05-13,Europe,29454777996.5699996948,723.71,1270.01
Weekly,2016-05-13,Asia,2556417777.2100000381,60.51,1270.01
Weekly,2016-05-13,Other,1879105360.3699998856,46.16,1270.01
Weekly,2016-05-20,North America,48085211756.1999969482,1192.49,1267.22
Weekly,2016-05-20,Europe,29373068813.3199996948,728.44,1267.22
Weekly,2016-05-20,Asia,2604398881.8899998665,62.55,1267.22
Weekly,2016-05-20,Other,1881606040.3299999237,46.66,1267.22
Weekly,2016-05-27,North America,46588610829.5100021362,1191.42,1228.69
Weekly,2016-05-27,Europe,28738151763.9300003052,734.93,1228.69
Weekly,2016-05-27,Asia,2536123828.4400000572,62.47,1228.69
Weekly,2016-05-27,Other,1818426124.3900001049,46.5,1228.69
Weekly,2016-06-03,North America,47989441529.2099990845,1203.26,1219.15
Weekly,2016-06-03,Europe,29564148979.1899986267,741.27,1219.15
Weekly,2016-06-03,Asia,2540700288.1399998665,62.64,1219.15
Weekly,2016-06-03,Other,1870927590.6900000572,46.93,1219.15
Weekly,2016-06-10,North America,49861997223.0800018311,1215.9,1257.48
Weekly,2016-06-10,Europe,30595833588.0699996948,746.09,1257.48
Weekly,2016-06-10,Asia,2631883716.75,63.23,1257.48
Weekly,2016-06-10,Other,1883483518.2599999905,45.93,1257.48
Weekly,2016-06-17,North America,51208404502.5599975586,1234.03,1290.54
Weekly,2016-06-17,Europe,31436407903.0299987793,757.56,1290.54
Weekly,2016-06-17,Asia,2752567955.6500000954,64.81,1290.54
Weekly,2016-06-17,Other,1925294016.1500000954,46.4,1290.54
Weekly,2016-06-24,North America,53371271061.8700027466,1261.9,1279.38
Weekly,2016-06-24,Europe,31973494610.5699996948,755.98,1279.38
Weekly,2016-06-24,Asia,2822685506.7100000381,64.86,1279.38
Weekly,2016-06-24,Other,1944756718.3299999237,45.98,1279.38
Weekly,2016-07-01,North America,55490874106.8600006104,1288.03,1323.3
Weekly,2016-07-01,Europe,33403427405.3899993896,775.35,1323.3
Weekly,2016-07-01,Asia,2887664466.9499998093,65.66,1323.3
Weekly,2016-07-01,Other,2039117832.9000000954,47.34,1323.3
Weekly,2016-07-08,North America,57582080985.0299987793,1322.51,1355.74
Weekly,2016-07-08,Europe,34462927806.3600006104,791.52,1355.74
Weekly,2016-07-08,Asia,3043199871.0500001907,68.33,1355.74
Weekly,2016-07-08,Other,2115548692.2799999714,48.59,1355.74
Weekly,2016-07-15,North America,55753852809.1699981689,1306.81,1338.57
Weekly,2016-07-15,Europe,34369952298.3600006104,805.6,1338.57
Weekly,2016-07-15,Asia,3164531216.2600002289,72.17,1338.57
Weekly,2016-07-15,Other,2096266466.9800000191,49.13,1338.57
Weekly,2016-07-22,North America,55534863704.6299972534,1307.84,1324.68
Weekly,2016-07-22,Europe,34285908661.8100013733,807.43,1324.68
Weekly,2016-07-22,Asia,3227071743.6500000954,74.09,1324.68
Weekly,2016-07-22,Other,2096210739.7000000477,49.36,1324.68
Weekly,2016-07-29,North America,56302508552.8499984741,1304.92,1329.78
Weekly,2016-07-29,Europe,35388095537.5800018311,820.19,1329.78
Weekly,2016-07-29,Asia,3272462124,74.32,1329.78
Weekly,2016-07-29,Other,2155487148.4299998283,49.96,1329.78
Weekly,2016-08-05,North America,57236459054.5899963379,1328.15,1355.09
Weekly,2016-08-05,Europe,35884811248.1600036621,832.69,1355.09
Weekly,2016-08-05,Asia,3361713344.5500001907,75.27,1355.09
Weekly,2016-08-05,Other,2162754232.4800000191,50.17,1355.09
Weekly,2016-08-12,North America,56983631347.0999984741,1310.74,1346.54
Weekly,2016-08-12,Europe,36589957075.7600021362,841.65,1346.54
Weekly,2016-08-12,Asia,3362854933.7399997711,76.22,1346.54
Weekly,2016-08-12,Other,2166105889.5199999809,49.84,1346.54
Weekly,2016-08-19,North America,56629015856.3099975586,1308.2,1344.64
Weekly,2016-08-19,Europe,36804728410.0999984741,850.23,1344.64
Weekly,2016-08-19,Asia,3317102466.7100000381,74.97,1344.64
Weekly,2016-08-19,Other,2186354874.1300001144,50.51,1344.64
Weekly,2016-08-26,North America,55546221193.1299972534,1310.09,1329.04
Weekly,2016-08-26,Europe,36097458536.5,851.38,1329.04
Weekly,2016-08-26,Asia,3249625403.2100000381,74.37,1329.04
Weekly,2016-08-26,Other,2175376934.1799998283,51.3,1329.04
Weekly,2016-09-02,North America,55017054570.0699996948,1291.78,1316.07
Weekly,2016-09-02,Europe,36592965573.7399978638,859.19,1316.07
Weekly,2016-09-02,Asia,3219087984.0300002098,74.28,1316.07
Weekly,2016-09-02,Other,2217027684.0199999809,52.06,1316.07
Weekly,2016-09-09,North America,55367277574.7200012207,1294,1337.24
Weekly,2016-09-09,Europe,37146719088.5999984741,868.16,1337.24
Weekly,2016-09-09,Asia,3240987674.4499998093,73.71,1337.24
Weekly,2016-09-09,Other,2213946310.8299999237,51.74,1337.24
Weekly,2016-09-16,North America,54562243346.5899963379,1297.11,1317.83
Weekly,2016-09-16,Europe,36789210140.9300003052,874.59,1317.83
Weekly,2016-09-16,Asia,3198545096.6399998665,73.48,1317.83
Weekly,2016-09-16,Other,2199987373.25,52.3,1317.83
Weekly,2016-09-23,North America,56138610153.7799987793,1304.38,1326.5
Weekly,2016-09-23,Europe,37802344967.3899993896,878.34,1326.5
Weekly,2016-09-23,Asia,3245391478.3800001144,73.58,1326.5
Weekly,2016-09-23,Other,2206187023.5599999428,51.26,1326.5
Weekly,2016-09-30,North America,55419255576.7600021362,1303.39,1326.12
Weekly,2016-09-30,Europe,37708957842.0599975586,886.87,1326.12
Weekly,2016-09-30,Asia,3286539346.9899997711,75.06,1326.12
Weekly,2016-09-30,Other,2170236373.0999999046,51.04,1326.12
Weekly,2016-10-07,North America,53229157743.7300033569,1315.28,1275.85
Weekly,2016-10-07,Europe,36004341381.7200012207,889.66,1275.85
Weekly,2016-10-07,Asia,3208748109.9600000381,75.23,1275.85
Weekly,2016-10-07,Other,2040692182.25,50.43,1275.85
Weekly,2016-10-14,North America,53224294946.6500015259,1322.52,1256.45
Weekly,2016-10-14,Europe,35995158610.9599990845,894.41,1256.45
Weekly,2016-10-14,Asia,3264342350.2199997902,78.53,1256.45
Weekly,2016-10-14,Other,2037757470.7400000095,50.63,1256.45
Weekly,2016-10-21,North America,53376763148.7099990845,1311.32,1263.95
Weekly,2016-10-21,Europe,36547767652.9499969482,897.88,1263.95
Weekly,2016-10-21,Asia,3316888666.2300000191,79.45,1263.95
Weekly,2016-10-21,Other,2075457696.0599999428,50.99,1263.95
Weekly,2016-10-28,North America,53323102261.5599975586,1302.85,1268.94
Weekly,2016-10-28,Europe,37029765057.8000030518,904.76,1268.94
Weekly,2016-10-28,Asia,3365748216.75,80.26,1268.94
Weekly,2016-10-28,Other,2091310921.0299999714,51.1,1268.94
Weekly,2016-11-04,North America,54912480677.9599990845,1311,1293.6
Weekly,2016-11-04,Europe,38142011196.6200027466,910.62,1293.6
Weekly,2016-11-04,Asia,3511301709.9200000763,82,1293.6
Weekly,2016-11-04,Other,2140337450.9800000191,51.1,1293.6
Weekly,2016-11-11,North America,51039719257.4100036621,1264.3,1270.15
Weekly,2016-11-11,Europe,36313804259.1299972534,900.57,1270.15
Weekly,2016-11-11,Asia,3185161433.5,76.43,1270.15
Weekly,2016-11-11,Other,2034049274.2100000381,50.52,1270.15
Weekly,2016-11-18,North America,48789433259.5899963379,1253.11,1221.5
Weekly,2016-11-18,Europe,34938499375.4599990845,897.36,1221.5
Weekly,2016-11-18,Asia,3093795898.2800002098,77.38,1221.5
Weekly,2016-11-18,Other,1947949396.5999999046,50.04,1221.5
Weekly,2016-11-25,North America,46510655444.0699996948,1218.02,1197.13
Weekly,2016-11-25,Europe,33900705327.3100013733,887.79,1197.13
Weekly,2016-11-25,Asia,3028719938.9000000954,76.82,1197.13
Weekly,2016-11-25,Other,1843747630.7300000191,48.28,1197.13
Weekly,2016-12-02,North America,45222304527.2200012207,1198.61,1177.4
Weekly,2016-12-02,Europe,33222138742.3199996948,880.55,1177.4
Weekly,2016-12-02,Asia,3123313761.4200000763,79.6,1177.4
Weekly,2016-12-02,Other,1781037527.4400000572,47.21,1177.4
Weekly,2016-12-09,North America,44317101084.5400009155,1184.61,1169.4
Weekly,2016-12-09,Europe,32463434261.1800003052,867.76,1169.4
Weekly,2016-12-09,Asia,3079686667.3699998856,78.76,1169.4
Weekly,2016-12-09,Other,1766853779.7699999809,47.22,1169.4
Weekly,2016-12-16,North America,42240577841.6800003052,1161.04,1147.09
Weekly,2016-12-16,Europe,31174389240.6500015259,856.87,1147.09
Weekly,2016-12-16,Asia,2972469370.4000000954,78.05,1147.09
Weekly,2016-12-16,Other,1690240743.5099999905,46.46,1147.09
Weekly,2016-12-23,North America,41757901311.4800033569,1148.38,1131.59
Weekly,2016-12-23,Europe,30835423661.6100006104,848,1131.59
Weekly,2016-12-23,Asia,2913512986.5599999428,76.79,1131.59
Weekly,2016-12-23,Other,1672216764.0599999428,45.99,1131.59
Weekly,2016-12-30,North America,42702755738.1500015259,1145.89,1140.32
Weekly,2016-12-30,Europe,31765294099.7299995422,852.4,1140.32
Weekly,2016-12-30,Asia,3356475287.3800001144,87.01,1140.32
Weekly,2016-12-30,Other,1703518945.6600000858,45.71,1140.32
Weekly,2017-01-06,North America,43092067938.0699996948,1139.87,1165.38
Weekly,2017-01-06,Europe,32456737764.3899993896,858.54,1165.38
Weekly,2017-01-06,Asia,3354155819.6799998283,86.19,1165.38
Weekly,2017-01-06,Other,1743148774.8099999428,46.11,1165.38
Weekly,2017-01-13,North America,43429032042.5599975586,1134.79,1188.39
Weekly,2017-01-13,Europe,33197652009.8199996948,867.44,1188.39
Weekly,2017-01-13,Asia,3469463242.3499999046,87.52,1188.39
Weekly,2017-01-13,Other,1767138628.0099999905,46.17,1188.39
Weekly,2017-01-20,North America,43866109977.7600021362,1136.47,1206.08
Weekly,2017-01-20,Europe,34288604623.9300003052,888.34,1206.08
Weekly,2017-01-20,Asia,3442433101.5999999046,86.33,1206.08
Weekly,2017-01-20,Other,1754045291.8499999046,45.44,1206.08
Weekly,2017-01-27,North America,42888718740.1200027466,1125.87,1199.84
Weekly,2017-01-27,Europe,33844357184.0999984741,888.45,1199.84
Weekly,2017-01-27,Asia,3444719923.6599998474,87.76,1199.84
Weekly,2017-01-27,Other,1733243088.8699998856,45.5,1199.84
Weekly,2017-02-03,North America,44649755743.2399978638,1142.83,1209.28
Weekly,2017-02-03,Europe,34844565042.75,891.86,1209.28
Weekly,2017-02-03,Asia,3512690425.0300002098,87.33,1209.28
Weekly,2017-02-03,Other,1788896526.4200000763,45.79,1209.28
Weekly,2017-02-10,North America,46041836162.0800018311,1165.89,1232.99
Weekly,2017-02-10,Europe,36061419163.8700027466,913.16,1232.99
Weekly,2017-02-10,Asia,3561310106.4000000954,88.03,1232.99
Weekly,2017-02-10,Other,1909389061.2200000286,48.35,1232.99
Weekly,2017-02-17,North America,46749076721.0899963379,1170.79,1231.98
Weekly,2017-02-17,Europe,36732302471.0299987793,919.93,1231.98
Weekly,2017-02-17,Asia,3624023716.8400001526,88.52,1231.98
Weekly,2017-02-17,Other,1929215207.0899999142,48.32,1231.98
Weekly,2017-02-24,North America,47232033709.1999969482,1171.84,1241.74
Weekly,2017-02-24,Europe,37477368994.2699966431,929.83,1241.74
Weekly,2017-02-24,Asia,3638186795.1700000763,87.85,1241.74
Weekly,2017-02-24,Other,1987138779.7100000381,49.3,1241.74
Weekly,2017-03-03,North America,46028885932.0899963379,1167.27,1243.56
Weekly,2017-03-03,Europe,36655064333.5400009155,929.56,1243.56
Weekly,2017-03-03,Asia,3550800656.9499998093,87.18,1243.56
Weekly,2017-03-03,Other,1939082772.3900001049,49.17,1243.56
Weekly,2017-03-10,North America,44496130064.7799987793,1150.78,1213.2
Weekly,2017-03-10,Europe,35869832028.3099975586,927.68,1213.2
Weekly,2017-03-10,Asia,3472022825.7100000381,87.04,1213.2
Weekly,2017-03-10,Other,1902233535.2100000381,49.2,1213.2
Weekly,2017-03-17,North America,45877546075,1160.5,1213.31
Weekly,2017-03-17,Europe,36880621143.75,932.92,1213.31
Weekly,2017-03-17,Asia,3570339395.7600002289,87.69,1213.31
Weekly,2017-03-17,Other,1957770533.8299999237,49.52,1213.31
Weekly,2017-03-24,North America,46507653291.4599990845,1159.56,1243.61
Weekly,2017-03-24,Europe,37984500439.3199996948,947.05,1243.61
Weekly,2017-03-24,Asia,3586550494.9499998093,87.15,1243.61
Weekly,2017-03-24,Other,1978492468.5599999428,49.33,1243.61
Weekly,2017-03-31,North America,46451464349.6999969482,1160.62,1251.91
Weekly,2017-03-31,Europe,38043267592.8199996948,950.54,1251.91
Weekly,2017-03-31,Asia,3307388656.7600002289,80.26,1251.91
Weekly,2017-03-31,Other,1970691580.7999999523,49.24,1251.91
Weekly,2017-04-07,North America,47431304930.6299972534,1164.89,1253.93
Weekly,2017-04-07,Europe,38776918330.7900009155,952.34,1253.93
Weekly,2017-04-07,Asia,3340828985.5500001907,79.86,1253.93
Weekly,2017-04-07,Other,2018607087.3699998856,49.58,1253.93
Weekly,2017-04-14,North America,48729388812.5500030518,1180.28,1269.11
Weekly,2017-04-14,Europe,39455683736.7900009155,955.66,1269.11
Weekly,2017-04-14,Asia,3385155654.4000000954,79.56,1269.11
Weekly,2017-04-14,Other,2052966870.3099999428,49.72,1269.11
Weekly,2017-04-21,North America,49092649046.2600021362,1191.21,1281.22
Weekly,2017-04-21,Europe,39471672358.1500015259,957.76,1281.22
Weekly,2017-04-21,Asia,3273332742.8499999046,77.28,1281.22
Weekly,2017-04-21,Other,2050227838.8399999142,49.75,1281.22
Weekly,2017-04-28,North America,48280515435.0299987793,1185.75,1265.66
Weekly,2017-04-28,Europe,38820460105.3799972534,953.41,1265.66
Weekly,2017-04-28,Asia,3154854370.1199998856,75.15,1265.66
Weekly,2017-04-28,Other,2013492067.3699998856,49.45,1265.66
Weekly,2017-05-05,North America,46694376921.1699981689,1182.65,1245.74
Weekly,2017-05-05,Europe,37836900411.8700027466,958.32,1245.74
Weekly,2017-05-05,Asia,3065482654.7699999809,74.72,1245.74
Weekly,2017-05-05,Other,1971135988.7999999523,49.91,1245.74
Weekly,2017-05-12,North America,46772349750.9499969482,1181.55,1225.51
Weekly,2017-05-12,Europe,37885976896.7799987793,957.06,1225.51
Weekly,2017-05-12,Asia,3031039399.2899999619,74.19,1225.51
Weekly,2017-05-12,Other,1941167492.1800000668,49.04,1225.51
Weekly,2017-05-19,North America,47571749091.6800003052,1181.83,1246.56
Weekly,2017-05-19,Europe,38970047370.25,968.13,1246.56
Weekly,2017-05-19,Asia,3069118218.7899999619,73.9,1246.56
Weekly,2017-05-19,Other,1953750374.9100000858,48.54,1246.56
Weekly,2017-05-26,North America,47934556884.7699966431,1178.56,1258.72
Weekly,2017-05-26,Europe,39507684196.1500015259,971.37,1258.72
Weekly,2017-05-26,Asia,3052643078.4899997711,73.09,1258.72
Weekly,2017-05-26,Other,1976959456.8499999046,48.61,1258.72
Weekly,2017-06-02,North America,48493770181.9499969482,1183.05,1266.75
Weekly,2017-06-02,Europe,40020296803.0599975586,976.33,1266.75
Weekly,2017-06-02,Asia,3025458868.9299998283,72.27,1266.75
Weekly,2017-06-02,Other,1999278018.5399999619,48.79,1266.75
Weekly,2017-06-09,North America,48921911045.4199981689,1201.41,1280.82
Weekly,2017-06-09,Europe,39718664127.2699966431,975.4,1280.82
Weekly,2017-06-09,Asia,3009979571.7899999619,71.5,1280.82
Weekly,2017-06-09,Other,1988149523.2000000477,48.82,1280.82
Weekly,2017-06-16,North America,47982600037.2699966431,1188.8,1262.77
Weekly,2017-06-16,Europe,39351322090.0899963379,974.96,1262.77
Weekly,2017-06-16,Asia,2949588604.9800000191,70.82,1262.77
Weekly,2017-06-16,Other,1968619961.4400000572,48.77,1262.77
Weekly,2017-06-23,North America,47929750043.8600006104,1187.21,1247.87
Weekly,2017-06-23,Europe,39384293172.7399978638,975.54,1247.87
Weekly,2017-06-23,Asia,2943208400.3200001717,70.63,1247.87
Weekly,2017-06-23,Other,1972308331.4500000477,48.85,1247.87
Weekly,2017-06-30,North America,47576511201.7200012207,1191.22,1245.71
Weekly,2017-06-30,Europe,39354317658.9800033569,985.35,1245.71
Weekly,2017-06-30,Asia,3203904119.6399998665,77.63,1245.71
Weekly,2017-06-30,Other,1956342414.7200000286,48.98,1245.71
Weekly,2017-07-07,North America,45901817835.4199981689,1174.44,1222.77
Weekly,2017-07-07,Europe,38284480388.5,979.54,1222.77
Weekly,2017-07-07,Asia,3144498674.5300002098,77.72,1222.77
Weekly,2017-07-07,Other,1890507450.8699998856,48.37,1222.77
Weekly,2017-07-14,North America,46230692628.1399993896,1168.77,1218.19
Weekly,2017-07-14,Europe,38680658912.1399993896,977.89,1218.19
Weekly,2017-07-14,Asia,3163343425.1399998665,78.23,1218.19
Weekly,2017-07-14,Other,1914987336.7799999714,48.42,1218.19
Weekly,2017-07-21,North America,46324959495.7300033569,1154.03,1240.85
Weekly,2017-07-21,Europe,39568894238.0400009155,985.73,1240.85
Weekly,2017-07-21,Asia,3222649678.4299998283,78.07,1240.85
Weekly,2017-07-21,Other,1917423222.4300000668,47.77,1240.85
Weekly,2017-07-28,North America,45997196294.2099990845,1131.06,1256.81
Weekly,2017-07-28,Europe,40524722977.75,996.49,1256.81
Weekly,2017-07-28,Asia,3237767569.2100000381,77.9,1256.81
Weekly,2017-07-28,Other,1944343226.6800000668,47.82,1256.81
Weekly,2017-08-04,North America,45544955979.5,1126.35,1266.78
Weekly,2017-08-04,Europe,40333087857.0699996948,997.46,1266.78
Weekly,2017-08-04,Asia,3233567852.3200001717,77.38,1266.78
Weekly,2017-08-04,Other,1918651650.7699999809,47.44,1266.78
Weekly,2017-08-11,North America,46650461122.0699996948,1128.21,1272.27
Weekly,2017-08-11,Europe,41466072202.4100036621,1002.83,1272.27
Weekly,2017-08-11,Asia,3271700815.3200001717,77.16,1272.27
Weekly,2017-08-11,Other,1965935935.4800000191,47.54,1272.27
Weekly,2017-08-18,North America,47558665359.9899978638,1141.56,1281.26
Weekly,2017-08-18,Europe,41727460175.9499969482,1001.6,1281.26
Weekly,2017-08-18,Asia,3276403114.1900000572,76.96,1281.26
Weekly,2017-08-18,Other,1995533519.2699999809,47.9,1281.26
Weekly,2017-08-25,North America,47526253410.3499984741,1150.11,1287.61
Weekly,2017-08-25,Europe,41381579851.1699981689,1001.41,1287.61
Weekly,2017-08-25,Asia,3233279521.5599999428,76.17,1287.61
Weekly,2017-08-25,Other,1989110023.8699998856,48.13,1287.61
Weekly,2017-09-01,North America,50018083344.3399963379,1178.23,1308.92
Weekly,2017-09-01,Europe,42675500243.6100006104,1005.27,1308.92
Weekly,2017-09-01,Asia,3290734007.0999999046,75.64,1308.92
Weekly,2017-09-01,Other,2014051923.8900001049,47.44,1308.92
Weekly,2017-09-08,North America,51199451119.9700012207,1182.9,1339.25
Weekly,2017-09-08,Europe,43857316829.4000015259,1013.27,1339.25
Weekly,2017-09-08,Asia,3344216148.0999999046,75.27,1339.25
Weekly,2017-09-08,Other,2043767718.5099999905,47.21,1339.25
Weekly,2017-09-15,North America,50532786926.5100021362,1188.15,1327.13
Weekly,2017-09-15,Europe,42776209371.8399963379,1005.77,1327.13
Weekly,2017-09-15,Asia,3271517883.8400001526,74.83,1327.13
Weekly,2017-09-15,Other,2011334329.2400000095,47.29,1327.13
Weekly,2017-09-22,North America,50236098208.8399963379,1206.76,1303.98
Weekly,2017-09-22,Europe,41637934427.7900009155,1000.22,1303.98
Weekly,2017-09-22,Asia,3204688990.8699998856,74.75,1303.98
Weekly,2017-09-22,Other,1991108700.6600000858,47.83,1303.98
Weekly,2017-09-29,North America,50389082888.0500030518,1221.48,1288.47
Weekly,2017-09-29,Europe,41159554786.3499984741,997.74,1288.47
Weekly,2017-09-29,Asia,2916688883.1799998283,68.38,1288.47
Weekly,2017-09-29,Other,1974184908.6400001049,47.85,1288.47
Weekly,2017-10-06,North America,49178403053.4499969482,1212.25,1271.1
Weekly,2017-10-06,Europe,40606414905.9800033569,1000.95,1271.1
Weekly,2017-10-06,Asia,2882590622.6300001144,68.36,1271.1
Weekly,2017-10-06,Other,1925702570.1099998951,47.46,1271.1
Weekly,2017-10-13,North America,50595665152.6600036621,1210.91,1289.85
Weekly,2017-10-13,Europe,42145045747.2799987793,1008.66,1289.85
Weekly,2017-10-13,Asia,2948286801.1799998283,68.58,1289.85
Weekly,2017-10-13,Other,1988823037.8800001144,47.6,1289.85
Weekly,2017-10-20,North America,49981939017.4300003052,1213.4,1287.17
Weekly,2017-10-20,Europe,41735159147.4599990845,1013.2,1287.17
Weekly,2017-10-20,Asia,2918466082.2300000191,68.68,1287.17
Weekly,2017-10-20,Other,1946434142.9600000381,47.25,1287.17
Weekly,2017-10-27,North America,49382039551.3000030518,1212.8,1273.31
Weekly,2017-10-27,Europe,41017304427.7399978638,1007.37,1273.31
Weekly,2017-10-27,Asia,2890113322.7899999619,68.77,1273.31
Weekly,2017-10-27,Other,1927599145.6199998856,47.34,1273.31
Weekly,2017-11-03,North America,49282698749.2300033569,1209.65,1273.12
Weekly,2017-11-03,Europe,41219219199.6600036621,1011.73,1273.12
Weekly,2017-11-03,Asia,2893856066.6900000572,68.6,1273.12
Weekly,2017-11-03,Other,1911999021.8199999332,46.92,1273.12
Weekly,2017-11-10,North America,49907703009.6500015259,1208.68,1279.92
Weekly,2017-11-10,Europe,41917991859.7699966431,1015.18,1279.92
Weekly,2017-11-10,Asia,2928829289.7300000191,69.11,1279.92
Weekly,2017-11-10,Other,1939062212.8900001049,46.96,1279.92
Weekly,2017-11-17,North America,49940859675.0400009155,1209.43,1279.82
Weekly,2017-11-17,Europe,42206140517.8700027466,1022.12,1279.82
Weekly,2017-11-17,Asia,2926478510.3000001907,68.9,1279.82
Weekly,2017-11-17,Other,1934800165.6800000668,46.86,1279.82
Weekly,2017-11-24,North America,50261569230.4700012207,1211.4,1287.46
Weekly,2017-11-24,Europe,42387458368.8600006104,1021.62,1287.46
Weekly,2017-11-24,Asia,2932755518.8600001335,68.69,1287.46
Weekly,2017-11-24,Other,1946189225.9500000477,46.91,1287.46
Weekly,2017-12-01,North America,49923545415.4499969482,1217.4,1285.26
Weekly,2017-12-01,Europe,42330397858.9400024414,1032.24,1285.26
Weekly,2017-12-01,Asia,2909172313.8299999237,68.75,1285.26
Weekly,2017-12-01,Other,1886617495.9300000668,46,1285.26
Weekly,2017-12-08,North America,48747144305.5299987793,1212.33,1261.82
Weekly,2017-12-08,Europe,41320796739.6299972534,1027.64,1261.82
Weekly,2017-12-08,Asia,2845907241.3299999237,68.85,1261.82
Weekly,2017-12-08,Other,1846983657.4200000763,45.94,1261.82
Weekly,2017-12-15,North America,48761542883.7699966431,1208.87,1247.26
Weekly,2017-12-15,Europe,41590134434.9499969482,1031.08,1247.26
Weekly,2017-12-15,Asia,2901990740.6500000954,69.67,1247.26
Weekly,2017-12-15,Other,1854881091.9800000191,45.98,1247.26
Weekly,2017-12-22,North America,49288446002.1800003052,1208.98,1263.62
Weekly,2017-12-22,Europe,41929240087.5899963379,1028.47,1263.62
Weekly,2017-12-22,Asia,2955835727.25,70.4,1263.62
Weekly,2017-12-22,Other,1845963867.4800000191,45.28,1263.62
Weekly,2017-12-29,North America,51727574956.3700027466,1240.96,1280.6
Weekly,2017-12-29,Europe,43046621230.4499969482,1032.7,1280.6
Weekly,2017-12-29,Asia,3541528669.8499999046,82.96,1280.6
Weekly,2017-12-29,Other,1879590236.0799999237,45.09,1280.6
Weekly,2018-01-05,North America,52534725059.3799972534,1240.57,1311.02
Weekly,2018-01-05,Europe,43934097152.5999984741,1037.47,1311.02
Weekly,2018-01-05,Asia,3585320257.3600001335,82.74,1311.02
Weekly,2018-01-05,Other,1920725677.7100000381,45.36,1311.02
Weekly,2018-01-12,North America,52808635358.4599990845,1237.97,1320.11
Weekly,2018-01-12,Europe,44234515580.9199981689,1036.97,1320.11
Weekly,2018-01-12,Asia,3554030322.3299999237,81.1,1320.11
Weekly,2018-01-12,Other,1933783045.4900000095,45.33,1320.11
Weekly,2018-01-19,North America,54091587532.7200012207,1260.3,1335.18
Weekly,2018-01-19,Europe,44610721739.2099990845,1039.4,1335.18
Weekly,2018-01-19,Asia,3551097079.3800001144,81.01,1335.18
Weekly,2018-01-19,Other,1941785187.6600000858,45.24,1335.18
Weekly,2018-01-26,North America,55114957164.4100036621,1266.87,1345.56
Weekly,2018-01-26,Europe,45331550687.8399963379,1041.99,1345.56
Weekly,2018-01-26,Asia,3669290076.2199997902,82.05,1345.56
Weekly,2018-01-26,Other,1971314507.7599999905,45.31,1345.56
Weekly,2018-02-02,North America,54051614358.6100006104,1262.96,1341.26
Weekly,2018-02-02,Europe,44461280901.0699996948,1038.88,1341.26
Weekly,2018-02-02,Asia,3639676148.3000001907,82.35,1341.26
Weekly,2018-02-02,Other,1920217688.7599999905,44.86,1341.26
Weekly,2018-02-09,North America,52567226849.3300018311,1244.22,1323.84
Weekly,2018-02-09,Europe,43700591378.2799987793,1034.35,1323.84
Weekly,2018-02-09,Asia,3640391253.6100001335,83.69,1323.84
Weekly,2018-02-09,Other,1893794077.3099999428,44.82,1323.84
Weekly,2018-02-16,North America,54339496163.0800018311,1250.02,1337.69
Weekly,2018-02-16,Europe,45050449206.2600021362,1036.33,1337.69
Weekly,2018-02-16,Asia,3898896813.1700000763,88.35,1337.69
Weekly,2018-02-16,Other,1957423277.2200000286,45.02,1337.69
Weekly,2018-02-23,North America,53602428091.6999969482,1255.49,1334.65
Weekly,2018-02-23,Europe,44174791702.5199966431,1034.67,1334.65
Weekly,2018-02-23,Asia,3892942599.4299998283,89.21,1334.65
Weekly,2018-02-23,Other,1910327525.5099999905,44.74,1334.65
Weekly,2018-03-02,North America,53481849712.5999984741,1258.01,1321.43
Weekly,2018-03-02,Europe,43874296617.6200027466,1032.02,1321.43
Weekly,2018-03-02,Asia,3899013381.1399998665,90.01,1321.43
Weekly,2018-03-02,Other,1892975854.1900000572,44.53,1321.43
Weekly,2018-03-09,North America,53433724804.3899993896,1258.5,1324.56
Weekly,2018-03-09,Europe,43712349517.0999984741,1029.54,1324.56
Weekly,2018-03-09,Asia,3974560305.2199997902,91.66,1324.56
Weekly,2018-03-09,Other,1882431868.5999999046,44.34,1324.56
Weekly,2018-03-16,North America,53325508487.9199981689,1266.02,1318.86
Weekly,2018-03-16,Europe,43381683549.4199981689,1029.94,1318.86
Weekly,2018-03-16,Asia,4011902362.1799998283,92.68,1318.86
Weekly,2018-03-16,Other,1852153813.3699998856,43.97,1318.86
Weekly,2018-03-23,North America,55460211894.25,1281.01,1324.1
Weekly,2018-03-23,Europe,44722167585.6999969482,1032.98,1324.1
Weekly,2018-03-23,Asia,4283656656.5799999237,97.21,1324.1
Weekly,2018-03-23,Other,1895377430.0999999046,43.78,1324.1
Weekly,2018-03-30,North America,54380920943.25,1277.66,1334.8
Weekly,2018-03-30,Europe,43975314040.8300018311,1033.19,1334.8
Weekly,2018-03-30,Asia,3358909004.4200000763,76.7,1334.8
Weekly,2018-03-30,Other,1846184758.0099999905,43.38,1334.8
Weekly,2018-04-06,North America,55511067378.5500030518,1297.02,1330.7
Weekly,2018-04-06,Europe,44669897812.7399978638,1043.71,1330.7
Weekly,2018-04-06,Asia,3469233765.9099998474,79.32,1330.7
Weekly,2018-04-06,Other,1845665762.2899999619,43.13,1330.7
Weekly,2018-04-13,North America,56531205336.0400009155,1308.56,1341.34
Weekly,2018-04-13,Europe,45388521587.3099975586,1050.64,1341.34
Weekly,2018-04-13,Asia,3512475368.9600000381,79.74,1341.34
Weekly,2018-04-13,Other,1826765944.9900000095,42.29,1341.34
Weekly,2018-04-20,North America,56481898044.6900024414,1314.22,1345.65
Weekly,2018-04-20,Europe,45623287996.5999984741,1061.56,1345.65
Weekly,2018-04-20,Asia,3447657951.3400001526,78.16,1345.65
Weekly,2018-04-20,Other,1834241237.9000000954,42.68,1345.65
Weekly,2018-04-27,North America,56128558471.5,1321.07,1323.4
Weekly,2018-04-27,Europe,44992330510.6200027466,1058.96,1323.4
Weekly,2018-04-27,Asia,3433078009.3800001144,79.03,1323.4
Weekly,2018-04-27,Other,1802852017.3299999237,42.44,1323.4
Weekly,2018-05-04,North America,55272842467.0999984741,1312.95,1309.79
Weekly,2018-05-04,Europe,44327434453.4000015259,1052.95,1309.79
Weekly,2018-05-04,Asia,3570479438.1100001335,82.88,1309.79
Weekly,2018-05-04,Other,1763851047.2400000095,41.9,1309.79
Weekly,2018-05-11,North America,55730762304.4400024414,1308.88,1314.6
Weekly,2018-05-11,Europe,45297027315.7399978638,1063.84,1314.6
Weekly,2018-05-11,Asia,3808886187.3200001717,87.74,1314.6
Weekly,2018-05-11,Other,1734306809.4200000763,40.73,1314.6
Weekly,2018-05-18,North America,54077634422.9599990845,1305.6,1296.78
Weekly,2018-05-18,Europe,44305477376.0500030518,1069.67,1296.78
Weekly,2018-05-18,Asia,3827666425.8699998856,90.5,1296.78
Weekly,2018-05-18,Other,1695183735.2100000381,40.93,1296.78
Weekly,2018-05-25,North America,54385177549.0199966431,1297.71,1295.75
Weekly,2018-05-25,Europe,44728247923.9800033569,1067.28,1295.75
Weekly,2018-05-25,Asia,4275015944.2600002289,100.1,1295.75
Weekly,2018-05-25,Other,1691434078.1199998856,40.36,1295.75
Weekly,2018-06-01,North America,53357054442.2799987793,1281.93,1299.93
Weekly,2018-06-01,Europe,45327705923,1089.02,1299.93
Weekly,2018-06-01,Asia,4183989216.1799998283,98.41,1299.93
Weekly,2018-06-01,Other,1674427885.9800000191,40.23,1299.93
Weekly,2018-06-08,North America,52828530588.3000030518,1265.67,1296.62
Weekly,2018-06-08,Europe,45347274327.75,1086.43,1296.62
Weekly,2018-06-08,Asia,4117798306.5700001717,96.89,1296.62
Weekly,2018-06-08,Other,1673598741.0199999809,40.1,1296.62
Weekly,2018-06-15,North America,52141897277.6500015259,1261.85,1296.48
Weekly,2018-06-15,Europe,44845376721.3700027466,1085.27,1296.48
Weekly,2018-06-15,Asia,4071269399.8400001526,95.93,1296.48
Weekly,2018-06-15,Other,1636819761.4300000668,39.6,1296.48
Weekly,2018-06-22,North America,51246264037.4599990845,1255.91,1273.44
Weekly,2018-06-22,Europe,44202730057.9499969482,1083.29,1273.44
Weekly,2018-06-22,Asia,3962238912.25,95.28,1273.44
Weekly,2018-06-22,Other,1580740508.3299999237,38.74,1273.44
Weekly,2018-06-29,North America,50138263865.8600006104,1247.13,1257.12
Weekly,2018-06-29,Europe,43500836656.9100036621,1082.03,1257.12
Weekly,2018-06-29,Asia,3839822487.9400000572,93.64,1257.12
Weekly,2018-06-29,Other,1530780095.2799999714,38.07,1257.12
Weekly,2018-07-06,North America,49525119906.8899993896,1227.07,1253.21
Weekly,2018-07-06,Europe,44130261044.7099990845,1093.4,1253.21
Weekly,2018-07-06,Asia,3780538020.2800002098,91.8,1253.21
Weekly,2018-07-06,Other,1508762573.8800001144,37.38,1253.21
Weekly,2018-07-13,North America,48673606933.5500030518,1219.23,1251.01
Weekly,2018-07-13,Europe,43394880759.2200012207,1087,1251.01
Weekly,2018-07-13,Asia,3633519091.4099998474,89.58,1251.01
Weekly,2018-07-13,Other,1481692758.3699998856,37.12,1251.01
Weekly,2018-07-20,North America,48211991646.3499984741,1220.4,1228.94
Weekly,2018-07-20,Europe,42507150251.8099975586,1075.99,1228.94
Weekly,2018-07-20,Asia,3625670720.7800002098,90.25,1228.94
Weekly,2018-07-20,Other,1472181121.1199998856,37.26,1228.94
Weekly,2018-07-27,North America,48106360765.3799972534,1222.5,1227.4
Weekly,2018-07-27,Europe,42287483945.5800018311,1074.63,1227.4
Weekly,2018-07-27,Asia,3610536574.4800000191,90.13,1227.4
Weekly,2018-07-27,Other,1459689201.7599999905,37.1,1227.4
Weekly,2018-08-03,North America,47560032931.1600036621,1216.22,1219.1
Weekly,2018-08-03,Europe,41918062590.8199996948,1071.94,1219.1
Weekly,2018-08-03,Asia,3477487954.3099999428,87.5,1219.1
Weekly,2018-08-03,Other,1453508344.6500000954,37.18,1219.1
Weekly,2018-08-10,North America,47137667461.0899963379,1207.3,1212.06
Weekly,2018-08-10,Europe,41594261546.2799987793,1065.32,1212.06
Weekly,2018-08-10,Asia,3462955010.8800001144,87.42,1212.06
Weekly,2018-08-10,Other,1442255389.1600000858,36.94,1212.06
Weekly,2018-08-17,North America,45228269638.75,1193.79,1187.63
Weekly,2018-08-17,Europe,40431716138.9199981689,1067.18,1187.63
Weekly,2018-08-17,Asia,3500777440.8699998856,90.52,1187.63
Weekly,2018-08-17,Other,1377271875.8599998951,36.35,1187.63
Weekly,2018-08-24,North America,45671223690.4400024414,1186.05,1192.4
Weekly,2018-08-24,Europe,41282317024.5500030518,1072.07,1192.4
Weekly,2018-08-24,Asia,3518790477.2600002289,89.57,1192.4
Weekly,2018-08-24,Other,1370791195.9600000381,35.61,1192.4
Weekly,2018-08-31,North America,45529408541.8899993896,1177.7,1202.78
Weekly,2018-08-31,Europe,41709506900.5699996948,1078.89,1202.78
Weekly,2018-08-31,Asia,3548505208.7199997902,89.74,1202.78
Weekly,2018-08-31,Other,1378514156.0199999809,35.65,1202.78
Weekly,2018-09-07,North America,44936920551.1600036621,1165.81,1198.33
Weekly,2018-09-07,Europe,41445566589.8499984741,1075.24,1198.33
Weekly,2018-09-07,Asia,3467718380.5599999428,88.33,1198.33
Weekly,2018-09-07,Other,1357437830.1600000858,35.21,1198.33
Weekly,2018-09-14,North America,45004337592.5299987793,1164.6,1198.76
Weekly,2018-09-14,Europe,41548391669.4400024414,1075.17,1198.76
Weekly,2018-09-14,Asia,3463434307.5100002289,87.84,1198.76
Weekly,2018-09-14,Other,1347083474.6700000763,34.86,1198.76
Weekly,2018-09-21,North America,44974205758.4199981689,1166.98,1202.49
Weekly,2018-09-21,Europe,41444425846.5500030518,1075.39,1202.49
Weekly,2018-09-21,Asia,3332016030.9000000954,84.12,1202.49
Weekly,2018-09-21,Other,1338065203.7300000191,34.71,1202.49
Weekly,2018-09-28,North America,44720375950.5500030518,1171.58,1194.31
Weekly,2018-09-28,Europe,40767137649.0800018311,1068.01,1194.31
Weekly,2018-09-28,Asia,3201656248.3699998856,82.15,1194.31
Weekly,2018-09-28,Other,1351069831.3299999237,34.82,1194.31
Weekly,2018-10-05,North America,44753753498.8899993896,1156.34,1200.5
Weekly,2018-10-05,Europe,41232424261.0699996948,1065.35,1200.5
Weekly,2018-10-05,Asia,3217813813.9299998283,82.14,1200.5
Weekly,2018-10-05,Other,1344302676.7100000381,34.9,1200.5
Weekly,2018-10-12,North America,45906376805.1399993896,1170.61,1197.28
Weekly,2018-10-12,Europe,41868750655.3799972534,1067.65,1197.28
Weekly,2018-10-12,Asia,3347942863.6999998093,83.95,1197.28
Weekly,2018-10-12,Other,1356993118.5699999332,34.82,1197.28
Weekly,2018-10-19,North America,46346327155.6600036621,1174.03,1228.11
Weekly,2018-10-19,Europe,42422805862.9899978638,1074.64,1228.11
Weekly,2018-10-19,Asia,3080977673.8000001907,76.5,1228.11
Weekly,2018-10-19,Other,1383696029.3900001049,34.95,1228.11
Weekly,2018-10-26,North America,46793051413.6800003052,1179.58,1230.69
Weekly,2018-10-26,Europe,42763995050.0999984741,1078.02,1230.69
Weekly,2018-10-26,Asia,3080984667.6799998283,75.83,1230.69
Weekly,2018-10-26,Other,1386391242.3099999428,35.13,1230.69
Weekly,2018-11-02,North America,47133516966,1189.85,1226.88
Weekly,2018-11-02,Europe,42828808221.7300033569,1081.18,1226.88
Weekly,2018-11-02,Asia,3032599353.8899998665,74.97,1226.88
Weekly,2018-11-02,Other,1390395820.9100000858,35.27,1226.88
Weekly,2018-11-09,North America,46226709362.0299987793,1186.9,1225.87
Weekly,2018-11-09,Europe,42216760084.4899978638,1083.94,1225.87
Weekly,2018-11-09,Asia,3028173911.7699999809,75.37,1225.87
Weekly,2018-11-09,Other,1373866416.9200000763,35.33,1225.87
Weekly,2018-11-16,North America,46777876069.5299987793,1190.24,1209.03
Weekly,2018-11-16,Europe,42680733769.1299972534,1085.99,1209.03
Weekly,2018-11-16,Asia,3075288596.3699998856,76.85,1209.03
Weekly,2018-11-16,Other,1398580571.9800000191,35.46,1209.03
Weekly,2018-11-23,North America,46949201073.2799987793,1193.38,1224.28
Weekly,2018-11-23,Europe,42748094456.7200012207,1086.6,1224.28
Weekly,2018-11-23,Asia,3093246382.1799998283,76.84,1224.28
Weekly,2018-11-23,Other,1384812441.6199998856,35.1,1224.28
Weekly,2018-11-30,North America,46684567369.4000015259,1192.6,1220.33
Weekly,2018-11-30,Europe,42592446445.6299972534,1088.06,1220.33
Weekly,2018-11-30,Asia,3103414812.5,77.24,1220.33
Weekly,2018-11-30,Other,1376326693.5799999237,35.14,1220.33
Weekly,2018-12-07,North America,47592077122.2200012207,1190.6,1238.47
Weekly,2018-12-07,Europe,43720020631.5400009155,1093.74,1238.47
Weekly,2018-12-07,Asia,3165279732.1900000572,77.7,1238.47
Weekly,2018-12-07,Other,1361629193.6600000858,34.71,1238.47
Weekly,2018-12-14,North America,47552102927.8000030518,1197.26,1242.9
Weekly,2018-12-14,Europe,43931850909,1106.11,1242.9
Weekly,2018-12-14,Asia,3138045747.0999999046,76.94,1242.9
Weekly,2018-12-14,Other,1360420601.75,34.41,1242.9
Weekly,2018-12-21,North America,48821655179.0400009155,1206.95,1252.17
Weekly,2018-12-21,Europe,45257492268.5599975586,1118.84,1252.17
Weekly,2018-12-21,Asia,3242619806.8600001335,78.42,1252.17
Weekly,2018-12-21,Other,1364309577.2599999905,34.28,1252.17
Weekly,2018-12-28,North America,50494040909.4000015259,1227.94,1266.15
Weekly,2018-12-28,Europe,46441617573.1699981689,1129.39,1266.15
Weekly,2018-12-28,Asia,3351218494.7399997711,79.69,1266.15
Weekly,2018-12-28,Other,1400066075.3099999428,34.11,1266.15
Weekly,2019-01-04,North America,51056774399.1500015259,1240.76,1283.31
Weekly,2019-01-04,Europe,46812663839.0199966431,1137.62,1283.31
Weekly,2019-01-04,Asia,3372309908.4200000763,79.33,1283.31
Weekly,2019-01-04,Other,1433885223.25,34.1,1283.31
Weekly,2019-01-11,North America,51686583918.9800033569,1247.24,1289.62
Weekly,2019-01-11,Europe,47431275563.3700027466,1144.56,1289.62
Weekly,2019-01-11,Asia,3352763822.0300002098,78.84,1289.62
Weekly,2019-01-11,Other,1417364374.0099999905,34.12,1289.62
Weekly,2019-01-18,North America,52102289816.6900024414,1261.92,1290.87
Weekly,2019-01-18,Europe,47482765977.9899978638,1150.04,1290.87
Weekly,2019-01-18,Asia,3323142286.2699999809,78.44,1290.87
Weekly,2019-01-18,Other,1404451697.6300001144,34.06,1290.87
Weekly,2019-01-25,North America,52755841872.2699966431,1268.17,1283.81
Weekly,2019-01-25,Europe,47939708401.1900024414,1152.4,1283.81
Weekly,2019-01-25,Asia,3314116754.5300002098,78.12,1283.81
Weekly,2019-01-25,Other,1422144702.3800001144,34.06,1283.81
Weekly,2019-02-01,North America,54063626123.4599990845,1275.17,1312.47
Weekly,2019-02-01,Europe,49016910608.4000015259,1156.14,1312.47
Weekly,2019-02-01,Asia,3337762119.4899997711,77.15,1312.47
Weekly,2019-02-01,Other,1456266097.1700000763,34.08,1312.47
Weekly,2019-02-08,North America,53521286711.6299972534,1266.07,1312.72
Weekly,2019-02-08,Europe,48722317667.7600021362,1152.55,1312.72
Weekly,2019-02-08,Asia,3333165842.5399999619,77.15,1312.72
Weekly,2019-02-08,Other,1429405891.4100000858,34.01,1312.72
Weekly,2019-02-15,North America,53359977866.5199966431,1260.63,1311.44
Weekly,2019-02-15,Europe,48902123556.5199966431,1155.31,1311.44
Weekly,2019-02-15,Asia,3220857097.5700001717,74.44,1311.44
Weekly,2019-02-15,Other,1427189762.0299999714,33.99,1311.44
Weekly,2019-02-22,North America,53767707829.9700012207,1258.31,1332.74
Weekly,2019-02-22,Europe,49524926447.4599990845,1159.02,1332.74
Weekly,2019-02-22,Asia,3234124703.6700000763,73.96,1332.74
Weekly,2019-02-22,Other,1462972433.5299999714,34.01,1332.74
Weekly,2019-03-01,North America,52283841410.0699996948,1239.54,1322.01
Weekly,2019-03-01,Europe,48590757841.1399993896,1151.98,1322.01
Weekly,2019-03-01,Asia,3192090031.3400001526,74.07,1322.01
Weekly,2019-03-01,Other,1415311303.5999999046,33.85,1322.01
Weekly,2019-03-08,North America,51535873759.8600006104,1236.12,1287.42
Weekly,2019-03-08,Europe,47610020665.0899963379,1141.96,1287.42
Weekly,2019-03-08,Asia,3171284221.8299999237,74.31,1287.42
Weekly,2019-03-08,Other,1394782467.4500000477,33.88,1287.42
Weekly,2019-03-15,North America,52019849075.0599975586,1241.27,1299.16
Weekly,2019-03-15,Europe,48133202468.7799987793,1148.53,1299.16
Weekly,2019-03-15,Asia,3227145220.0799999237,75,1299.16
Weekly,2019-03-15,Other,1407011020.3800001144,33.77,1299.16
Weekly,2019-03-22,North America,52747029245.0999984741,1251.14,1307.58
Weekly,2019-03-22,Europe,48560503689.75,1151.83,1307.58
Weekly,2019-03-22,Asia,3216315741.4000000954,74.29,1307.58
Weekly,2019-03-22,Other,1422944177.2000000477,33.85,1307.58
Weekly,2019-03-29,North America,52284619299.5599975586,1255.39,1307.22
Weekly,2019-03-29,Europe,48006012677.4700012207,1152.66,1307.22
Weekly,2019-03-29,Asia,3096117371.5100002289,72.83,1307.22
Weekly,2019-03-29,Other,1429731873.0399999619,34.02,1307.22
Weekly,2019-04-05,North America,51119932387.5599975586,1234.05,1289.17
Weekly,2019-04-05,Europe,48254446598.6800003052,1164.87,1289.17
Weekly,2019-04-05,Asia,3106628635.8899998665,72.9,1289.17
Weekly,2019-04-05,Other,1410580178.9300000668,33.9,1289.17
Weekly,2019-04-12,North America,51198977966.3700027466,1230.37,1300.31
Weekly,2019-04-12,Europe,48531397760.8899993896,1166.26,1300.31
Weekly,2019-04-12,Asia,3141966780.1700000763,73.53,1300.31
Weekly,2019-04-12,Other,1415966018.2799999714,33.9,1300.31
Weekly,2019-04-19,North America,49992782073.7200012207,1218.9,1277.85
Weekly,2019-04-19,Europe,47394419496.1299972534,1155.55,1277.85
Weekly,2019-04-19,Asia,3161048570.8800001144,74.86,1277.85
Weekly,2019-04-19,Other,1390423816.7000000477,33.85,1277.85
Weekly,2019-04-26,North America,50040409655.3799972534,1211.98,1276.37
Weekly,2019-04-26,Europe,47234892174.4800033569,1144.03,1276.37
Weekly,2019-04-26,Asia,3048922620.7600002289,71.94,1276.37
Weekly,2019-04-26,Other,1388682926.1500000954,33.81,1276.37
Weekly,2019-05-03,North America,49362445230.3399963379,1200.85,1279.02
Weekly,2019-05-03,Europe,46992683874.9599990845,1143.2,1279.02
Weekly,2019-05-03,Asia,2961332811.6300001144,70.08,1279.02
Weekly,2019-05-03,Other,1373309920.0199999809,33.41,1279.02
Weekly,2019-05-10,North America,49139099176.0400009155,1187.47,1283.63
Weekly,2019-05-10,Europe,47441203042.9300003052,1146.44,1283.63
Weekly,2019-05-10,Asia,2918220606.5399999619,69.02,1283.63
Weekly,2019-05-10,Other,1390348187.4400000572,33.36,1283.63
Weekly,2019-05-17,North America,48929328722.8300018311,1188.22,1293.12
Weekly,2019-05-17,Europe,47454305865.7200012207,1152.4,1293.12
Weekly,2019-05-17,Asia,2780497640.4800000191,65.62,1293.12
Weekly,2019-05-17,Other,1379533311.8399999142,33.46,1293.12
Weekly,2019-05-24,North America,49058903939.6699981689,1189.79,1277.59
Weekly,2019-05-24,Europe,47575164577.3300018311,1153.8,1277.59
Weekly,2019-05-24,Asia,2755719278.8400001526,64.81,1277.59
Weekly,2019-05-24,Other,1363271520.9300000668,33.24,1277.59
Weekly,2019-05-31,North America,49803616796.2600021362,1195.68,1283.79
Weekly,2019-05-31,Europe,48330661923.9300003052,1160.32,1283.79
Weekly,2019-05-31,Asia,2826269364.0300002098,65.93,1283.79
Weekly,2019-05-31,Other,1386802744.7300000191,33.2,1283.79
Weekly,2019-06-07,North America,52063733075.4400024414,1207.89,1330.51
Weekly,2019-06-07,Europe,51933997525.7900009155,1204.88,1330.51
Weekly,2019-06-07,Asia,2945293411.8600001335,66.92,1330.51
Weekly,2019-06-07,Other,1430692793.2400000095,33.29,1330.51
Weekly,2019-06-14,North America,52922697294.1699981689,1218.19,1334.48
Weekly,2019-06-14,Europe,52510030810.9000015259,1208.69,1334.48
Weekly,2019-06-14,Asia,2957079499.3699998856,66.38,1334.48
Weekly,2019-06-14,Other,1427606149.8399999142,33.12,1334.48
Weekly,2019-06-21,North America,56519244460.9000015259,1258.24,1360.67
Weekly,2019-06-21,Europe,54627817001.2099990845,1216.13,1360.67
Weekly,2019-06-21,Asia,3062681833.1999998093,66.76,1360.67
Weekly,2019-06-21,Other,1476221820.75,33.32,1360.67
Weekly,2019-06-28,North America,57063863403.7399978638,1259.68,1410.51
Weekly,2019-06-28,Europe,55584356753.8399963379,1227.02,1410.51
Weekly,2019-06-28,Asia,3176393757.0799999237,68.34,1410.51
Weekly,2019-06-28,Other,1527234702.3299999237,33.52,1410.51
Weekly,2019-07-05,North America,56380921948.1900024414,1262.84,1399.64
Weekly,2019-07-05,Europe,54700827440.6200027466,1225.21,1399.64
Weekly,2019-07-05,Asia,3154641702.7899999619,67.61,1399.64
Weekly,2019-07-05,Other,1498055283.3099999428,33.32,1399.64
Weekly,2019-07-12,North America,57356439580.4100036621,1267.39,1404.26
Weekly,2019-07-12,Europe,55537155560.1900024414,1227.19,1404.26
Weekly,2019-07-12,Asia,3164997940.1199998856,67.95,1404.26
Weekly,2019-07-12,Other,1522243201.0599999428,33.48,1404.26
Weekly,2019-07-19,North America,59678420848.9400024414,1289.3,1417.95
Weekly,2019-07-19,Europe,57067280932.6200027466,1232.89,1417.95
Weekly,2019-07-19,Asia,3246780407.9499998093,68.46,1417.95
Weekly,2019-07-19,Other,1545809272.7899999619,33.7,1417.95
Weekly,2019-07-26,North America,59054803800.1800003052,1293.16,1423.35
Weekly,2019-07-26,Europe,56423088052.1299972534,1235.54,1423.35
Weekly,2019-07-26,Asia,3232731184.6900000572,69,1423.35
Weekly,2019-07-26,Other,1554890786.8599998951,34.44,1423.35
Weekly,2019-08-02,North America,60843746280.2799987793,1312.61,1424.21
Weekly,2019-08-02,Europe,57797751136.6600036621,1246.9,1424.21
Weekly,2019-08-02,Asia,3290579596.4699997902,69.52,1424.21
Weekly,2019-08-02,Other,1599510635.8199999332,35.4,1424.21
Weekly,2019-08-09,North America,63800600497.4100036621,1324.98,1486
Weekly,2019-08-09,Europe,61130233139.8000030518,1269.52,1486
Weekly,2019-08-09,Asia,3564024074.8299999237,72.17,1486
Weekly,2019-08-09,Other,1717239800.4000000954,36.36,1486
Weekly,2019-08-16,North America,64974519527.4700012207,1333.73,1509.45
Weekly,2019-08-16,Europe,62062514321.6299972534,1273.95,1509.45
Weekly,2019-08-16,Asia,3827250888.75,77.06,1509.45
Weekly,2019-08-16,Other,1825104743.2899999619,37.5,1509.45
Weekly,2019-08-23,North America,65568158818.4300003052,1356.16,1502.05
Weekly,2019-08-23,Europe,61519455157.0299987793,1272.42,1502.05
Weekly,2019-08-23,Asia,3847998842.8600001335,78.28,1502.05
Weekly,2019-08-23,Other,1892942225.3299999237,39.23,1502.05
Weekly,2019-08-30,North America,67863713274.1800003052,1381.05,1528.5
Weekly,2019-08-30,Europe,62591687954.0899963379,1273.76,1528.5
Weekly,2019-08-30,Asia,3978012580.9400000572,79.21,1528.5
Weekly,2019-08-30,Other,1964207439.2200000286,39.82,1528.5
Weekly,2019-09-06,North America,68353819058.0199966431,1395.31,1532.54
Weekly,2019-09-06,Europe,62483425379.8499984741,1275.48,1532.54
Weekly,2019-09-06,Asia,4075494002.1399998665,81.92,1532.54
Weekly,2019-09-06,Other,2008249091.5699999332,40.61,1532.54
Weekly,2019-09-13,North America,66770187258.6999969482,1381.67,1503.28
Weekly,2019-09-13,Europe,61468259405.9300003052,1271.96,1503.28
Weekly,2019-09-13,Asia,4055141843.8699998856,82.15,1503.28
Weekly,2019-09-13,Other,1983727307.1099998951,41.02,1503.28
Weekly,2019-09-20,North America,67957684646.5100021362,1407.36,1501.08
Weekly,2019-09-20,Europe,61529120355.5899963379,1274.23,1501.08
Weekly,2019-09-20,Asia,4110188282.7199997902,83.32,1501.08
Weekly,2019-09-20,Other,1955173126.7999999523,40.86,1501.08
Weekly,2019-09-27,North America,69033346545.5399932861,1441.16,1513.56
Weekly,2019-09-27,Europe,61558927280.6200027466,1285.12,1513.56
Weekly,2019-09-27,Asia,4083481304.9299998283,82.89,1513.56
Weekly,2019-09-27,Other,1982533642.0999999046,40.99,1513.56
Weekly,2019-10-04,North America,69861406164.8899993896,1449.44,1493.52
Weekly,2019-10-04,Europe,62355485335.6200027466,1293.71,1493.52
Weekly,2019-10-04,Asia,4060665435.1700000763,82.39,1493.52
Weekly,2019-10-04,Other,2002309365.9300000668,41.31,1493.52
Weekly,2019-10-11,North America,69231839140.25,1455.8,1497.66
Weekly,2019-10-11,Europe,62197431746.9199981689,1307.88,1497.66
Weekly,2019-10-11,Asia,4081588096.6199998856,82.59,1497.66
Weekly,2019-10-11,Other,2013419710.8499999046,41.38,1497.66
Weekly,2019-10-18,North America,70001022552.6000061035,1461.26,1489.23
Weekly,2019-10-18,Europe,62745619348.4400024414,1309.8,1489.23
Weekly,2019-10-18,Asia,4034109164.6500000954,82.19,1489.23
Weekly,2019-10-18,Other,2000958855.2699999809,41.58,1489.23
Weekly,2019-10-25,North America,70879196684.9400024414,1456.66,1496.29
Weekly,2019-10-25,Europe,63515213362.4899978638,1305.33,1496.29
Weekly,2019-10-25,Asia,4093641028.7100000381,82.44,1496.29
Weekly,2019-10-25,Other,2014385598.6500000954,41.64,1496.29
Weekly,2019-11-01,North America,70614466092.2700042725,1455.7,1498.2
Weekly,2019-11-01,Europe,63771684120.1699981689,1314.64,1498.2
Weekly,2019-11-01,Asia,4080702759.25,81.96,1498.2
Weekly,2019-11-01,Other,2023252765.6400001049,41.99,1498.2
Weekly,2019-11-08,North America,67914621329.7600021362,1442.74,1486.57
Weekly,2019-11-08,Europe,61538729046.4300003052,1307.29,1486.57
Weekly,2019-11-08,Asia,3908160949.4099998474,80.76,1486.57
Weekly,2019-11-08,Other,2008783697.5599999428,42.42,1486.57
Weekly,2019-11-15,North America,67826094566.3399963379,1438.15,1461.44
Weekly,2019-11-15,Europe,61048611058.9499969482,1294.45,1461.44
Weekly,2019-11-15,Asia,3856006082.5900001526,79.85,1461.44
Weekly,2019-11-15,Other,2012789878.5999999046,42.4,1461.44
Weekly,2019-11-22,North America,67546090886.1900024414,1434.61,1467.86
Weekly,2019-11-22,Europe,61076623030.9400024414,1297.21,1467.86
Weekly,2019-11-22,Asia,3833452012.3099999428,79.16,1467.86
Weekly,2019-11-22,Other,2009493645.7000000477,42.43,1467.86
Weekly,2019-11-29,North America,67536692879.8700027466,1438.64,1456.44
Weekly,2019-11-29,Europe,60976055227.5100021362,1298.89,1456.44
Weekly,2019-11-29,Asia,3821583335.9800000191,79.38,1456.44
Weekly,2019-11-29,Other,2109663277.0699999332,44.97,1456.44
Weekly,2019-12-06,North America,67132733115.6699981689,1430.52,1469.83
Weekly,2019-12-06,Europe,61090922323.9100036621,1301.78,1469.83
Weekly,2019-12-06,Asia,3825398846.3800001144,78.72,1469.83
Weekly,2019-12-06,Other,2121335993.3599998951,45.04,1469.83
Weekly,2019-12-13,North America,67574114842.5999984741,1433.1,1465.57
Weekly,2019-12-13,Europe,61575713715.1200027466,1305.89,1465.57
Weekly,2019-12-13,Asia,3802712849.6199998856,78.43,1465.57
Weekly,2019-12-13,Other,2148104719.9000000954,45.36,1465.57
Weekly,2019-12-20,North America,68032453715.5299987793,1430.73,1476.69
Weekly,2019-12-20,Europe,62204667824.5599975586,1308.17,1476.69
Weekly,2019-12-20,Asia,3780893005.4899997711,77.51,1476.69
Weekly,2019-12-20,Other,2138429607.9400000572,44.94,1476.69
Weekly,2019-12-27,North America,69885043996.8500061035,1438.09,1493.23
Weekly,2019-12-27,Europe,63863508902.2900009155,1314.18,1493.23
Weekly,2019-12-27,Asia,3899432544.2800002098,78.45,1493.23
Weekly,2019-12-27,Other,2153986962.1599998474,44.39,1493.23
Weekly,2020-01-03,North America,71827705260.9299926758,1442.51,1527.32
Weekly,2020-01-03,Europe,65604949301.9000015259,1317.54,1527.32
Weekly,2020-01-03,Asia,3845485465.8499999046,75.74,1527.32
Weekly,2020-01-03,Other,2186475133.7800002098,44.72,1527.32
Weekly,2020-01-10,North America,71321516267.8800048828,1427.88,1563.45
Weekly,2020-01-10,Europe,66131710563.5599975586,1323.97,1563.45
Weekly,2020-01-10,Asia,3882987293.4000000954,75.91,1563.45
Weekly,2020-01-10,Other,2247212277.9299998283,44.96,1563.45
Weekly,2020-01-17,North America,72687134272.6000061035,1451.48,1551.23
Weekly,2020-01-17,Europe,66238768698.6399993896,1322.71,1551.23
Weekly,2020-01-17,Asia,3921560136.2600002289,76.46,1551.23
Weekly,2020-01-17,Other,2231340182.5300002098,44.81,1551.23
Weekly,2020-01-24,North America,73271141642.5,1456.87,1559.11
Weekly,2020-01-24,Europe,66998226753.8600006104,1332.15,1559.11
Weekly,2020-01-24,Asia,3922916721.2399997711,76.23,1559.11
Weekly,2020-01-24,Other,2247128364.9200000763,44.73,1559.11
Weekly,2020-01-31,North America,74696881098.6399993896,1466.57,1578
Weekly,2020-01-31,Europe,68753815274.5800018311,1349.88,1578
Weekly,2020-01-31,Asia,3972146959.4699997902,76.7,1578
Weekly,2020-01-31,Other,2270987653.9499998093,45.27,1578
Weekly,2020-02-07,North America,74662874618.2899932861,1476.66,1564.47
Weekly,2020-02-07,Europe,68570455151.4000015259,1356.17,1564.47
Weekly,2020-02-07,Asia,3956706257,76.74,1564.47
Weekly,2020-02-07,Other,2243429199.0999999046,45.08,1564.47
Weekly,2020-02-14,North America,75759736286.5500030518,1490.07,1572.77
Weekly,2020-02-14,Europe,69283008636.1300048828,1362.68,1572.77
Weekly,2020-02-14,Asia,3997270562.5,77.05,1572.77
Weekly,2020-02-14,Other,2275398835.5900001526,44.76,1572.77
Weekly,2020-02-21,North America,79430954431.3399963379,1503.43,1607.43
Weekly,2020-02-21,Europe,72435557691.5700073242,1371.02,1607.43
Weekly,2020-02-21,Asia,4112684184.4099998474,76.71,1607.43
Weekly,2020-02-21,Other,2376398223.6300001144,44.99,1607.43
Weekly,2020-02-28,North America,78091439367.3300018311,1508.78,1643.74
Weekly,2020-02-28,Europe,71693990486.1000061035,1385.18,1643.74
Weekly,2020-02-28,Asia,4547906730.8100004196,84.67,1643.74
Weekly,2020-02-28,Other,2380595078.9499998093,45.97,1643.74
Weekly,2020-03-06,North America,83385568798.0500030518,1540.45,1640.05
Weekly,2020-03-06,Europe,76956286260.7400054932,1421.68,1640.05
Weekly,2020-03-06,Asia,4796447890.470000267,87.02,1640.05
Weekly,2020-03-06,Other,2536097869.1199998856,46.85,1640.05
Weekly,2020-03-13,North America,76444305201.0500030518,1521.43,1623.09
Weekly,2020-03-13,Europe,72884971762.5700073242,1450.59,1623.09
Weekly,2020-03-13,Asia,4581631580.6199998856,88.34,1623.09
Weekly,2020-03-13,Other,2393347257.6900000572,47.59,1623.09
Weekly,2020-03-20,North America,71603120530.9499969482,1490.3,1498.15
Weekly,2020-03-20,Europe,68272951738.1999969482,1420.99,1498.15
Weekly,2020-03-20,Asia,4341903896.970000267,88.41,1498.15
Weekly,2020-03-20,Other,2348544766.6799998283,48.87,1498.15
Weekly,2020-03-27,North America,80803670807.8399963379,1553.99,1597.74
Weekly,2020-03-27,Europe,75969066022.0599975586,1461.02,1597.74
Weekly,2020-03-27,Asia,4769443744.25,91.08,1597.74
Weekly,2020-03-27,Other,2594436733.5900001526,49.89,1597.74
Weekly,2020-04-03,North America,82255837510.6300048828,1586.04,1606.74
Weekly,2020-04-03,Europe,76587893685.3099975586,1476.75,1606.74
Weekly,2020-04-03,Asia,4712393906.8999996185,91.02,1606.74
Weekly,2020-04-03,Other,2648380805.5199999809,51.07,1606.74
Weekly,2020-04-10,North America,88640437861.3800048828,1640.45,1661.33
Weekly,2020-04-10,Europe,80480903777.8899993896,1489.45,1661.33
Weekly,2020-04-10,Asia,4855247269.3000001907,90.88,1661.33
Weekly,2020-04-10,Other,2781158816.8400001526,51.5,1661.33
Weekly,2020-04-17,North America,90166904750.8399963379,1656.97,1712.65
Weekly,2020-04-17,Europe,81370526054.9799957275,1495.32,1712.65
Weekly,2020-04-17,Asia,4947332932.3000001907,93.25,1712.65
Weekly,2020-04-17,Other,2802726759.5300002098,51.5,1712.65
Weekly,2020-04-24,North America,93601089089.1499938965,1696.67,1706.19
Weekly,2020-04-24,Europe,81955206143.4199981689,1485.57,1706.19
Weekly,2020-04-24,Asia,5126285220.6400003433,94.63,1706.19
Weekly,2020-04-24,Other,2863447148.2600002289,51.89,1706.19
Weekly,2020-05-01,North America,93510195236.2299957275,1724.83,1699.77
Weekly,2020-05-01,Europe,81105844951.5599975586,1496.03,1699.77
Weekly,2020-05-01,Asia,5409726037.1899995804,100.11,1699.77
Weekly,2020-05-01,Other,2907943227.0599999428,53.66,1699.77
Weekly,2020-05-08,North America,95803134706.25,1748.66,1701.65
Weekly,2020-05-08,Europe,82469674291.1300048828,1505.29,1701.65
Weekly,2020-05-08,Asia,5479608742.5600004196,100.72,1701.65
Weekly,2020-05-08,Other,2981498636.5,54.45,1701.65
Weekly,2020-05-15,North America,99902997119.3099975586,1790.61,1716.1
Weekly,2020-05-15,Europe,84653409627.7100067139,1517.28,1716.1
Weekly,2020-05-15,Asia,5518151586.8999996185,100.65,1716.1
Weekly,2020-05-15,Other,3025319058.9600000381,54.22,1716.1
Weekly,2020-05-22,North America,100363405632.0899963379,1800.73,1735.88
Weekly,2020-05-22,Europe,85576619484.5299987793,1535.42,1735.88
Weekly,2020-05-22,Asia,5577436938.5100002289,101.55,1735.88
Weekly,2020-05-22,Other,3106286821.5999999046,55.73,1735.88
Weekly,2020-05-29,North America,100723510827.8699951172,1812.26,1718.89
Weekly,2020-05-29,Europe,85609434826.3000030518,1540.32,1718.89
Weekly,2020-05-29,Asia,5726835871.5600004196,104.41,1718.89
Weekly,2020-05-29,Other,3131697610.0999999046,56.35,1718.89
Weekly,2020-06-05,North America,98540630949.0500030518,1820.64,1712.32
Weekly,2020-06-05,Europe,83180104097.5899963379,1536.84,1712.32
Weekly,2020-06-05,Asia,5880763932.0500001907,104.42,1712.32
Weekly,2020-06-05,Other,3091454392.6700000763,57.07,1712.32
Weekly,2020-06-12,North America,102324958495.5800018311,1835.97,1719.53
Weekly,2020-06-12,Europe,85518984549.3399963379,1534.43,1719.53
Weekly,2020-06-12,Asia,5949271952.2299995422,104.49,1719.53
Weekly,2020-06-12,Other,3144640027.1199998856,56.42,1719.53
Weekly,2020-06-19,North America,104008480787.4299926758,1864.84,1721.78
Weekly,2020-06-19,Europe,85730708170.6999969482,1537.12,1721.78
Weekly,2020-06-19,Asia,5883154917.8999996185,103.2,1721.78
Weekly,2020-06-19,Other,3226996143.4600000381,57.87,1721.78
Weekly,2020-06-26,North America,106294995798.9400024414,1891.82,1760.19
Weekly,2020-06-26,Europe,87276982734.1000061035,1553.34,1760.19
Weekly,2020-06-26,Asia,5925528508.5399999619,102.19,1760.19
Weekly,2020-06-26,Other,3288152631.8000001907,58.5,1760.19
Weekly,2020-07-03,North America,108853586606.3200073242,1909.71,1772.22
Weekly,2020-07-03,Europe,89061888730.4100036621,1562.49,1772.22
Weekly,2020-07-03,Asia,5793939811.1000003815,99.31,1772.22
Weekly,2020-07-03,Other,3385522806.5100002289,59.39,1772.22
Weekly,2020-07-10,North America,111734420692.2400054932,1927.42,1800.75
Weekly,2020-07-10,Europe,91104786294.5099945068,1571.56,1800.75
Weekly,2020-07-10,Asia,5851813752.0200004578,98.88,1800.75
Weekly,2020-07-10,Other,3491325219.9299998283,60.22,1800.75
Weekly,2020-07-17,North America,112911601300.9499969482,1943.15,1805.81
Weekly,2020-07-17,Europe,91833813220.8300018311,1580.41,1805.81
Weekly,2020-07-17,Asia,5875195609.5,99.52,1805.81
Weekly,2020-07-17,Other,3555233914.3299999237,61.19,1805.81
Weekly,2020-07-24,North America,121470485199.4900054932,1986.31,1858.2
Weekly,2020-07-24,Europe,97663994766.3699951172,1597.02,1858.2
Weekly,2020-07-24,Asia,6156241727.1099996567,99.97,1858.2
Weekly,2020-07-24,Other,3770399506.6700000763,61.67,1858.2
Weekly,2020-07-31,North America,127167310532.8099975586,2013,1950.2
Weekly,2020-07-31,Europe,101021877227.1399993896,1599.13,1950.2
Weekly,2020-07-31,Asia,6754784176.3299999237,105.37,1950.2
Weekly,2020-07-31,Other,3974560740.75,62.9,1950.2
Weekly,2020-08-07,North America,133826873629.9900054932,2049.32,2016.58
Weekly,2020-08-07,Europe,103777476954.3999938965,1589.17,2016.58
Weekly,2020-08-07,Asia,7122559947.8900003433,106.51,2016.58
Weekly,2020-08-07,Other,4136284237.6900000572,63.29,2016.58
Weekly,2020-08-14,North America,127560657513.5700073242,2040.15,1961.01
Weekly,2020-08-14,Europe,98679872993.6900024414,1578.24,1961.01
Weekly,2020-08-14,Asia,6757788839.470000267,107.27,1961.01
Weekly,2020-08-14,Other,3977983157.4200000763,63.62,1961.01
Weekly,2020-08-21,North America,126885970842.7899932861,2050.87,1962.82
Weekly,2020-08-21,Europe,97702220389.0299987793,1579.17,1962.82
Weekly,2020-08-21,Asia,6828954324.7399997711,109.18,1962.82
Weekly,2020-08-21,Other,3979779888.5799999237,64.31,1962.82
Weekly,2020-08-28,North America,129162498381.0599975586,2052.47,1933.85
Weekly,2020-08-28,Europe,99892680692.5500030518,1587.36,1933.85
Weekly,2020-08-28,Asia,6998554253.2600002289,110.57,1933.85
Weekly,2020-08-28,Other,4069725648.7300000191,64.67,1933.85
Weekly,2020-09-04,North America,127479895867.6000061035,2058.39,1948.7
Weekly,2020-09-04,Europe,98873167431.6000061035,1596.48,1948.7
Weekly,2020-09-04,Asia,7188931435.6700000763,114.04,1948.7
Weekly,2020-09-04,Other,4057873928.3499999046,65.5,1948.7
Weekly,2020-09-11,North America,128936405495.5500030518,2059.35,1940.05
Weekly,2020-09-11,Europe,100372963897.2400054932,1603.14,1940.05
Weekly,2020-09-11,Asia,7308066694.3299999237,115.35,1940.05
Weekly,2020-09-11,Other,4096699784.7199997902,65.44,1940.05
Weekly,2020-09-18,North America,130018512220.6100006104,2072.96,1951.39
Weekly,2020-09-18,Europe,101158163813.3200073242,1612.82,1951.39
Weekly,2020-09-18,Asia,7318860471.279999733,114.67,1951.39
Weekly,2020-09-18,Other,4119829702.3099999428,65.68,1951.39
Weekly,2020-09-25,North America,124273242296.3500061035,2078.47,1882.04
Weekly,2020-09-25,Europe,96421822306.0800018311,1612.65,1882.04
Weekly,2020-09-25,Asia,6997324646.0500001907,114.8,1882.04
Weekly,2020-09-25,Other,3889506266.9299998283,65.03,1882.04
Weekly,2020-10-02,North America,128267816495.3800048828,2096.41,1888.04
Weekly,2020-10-02,Europe,99396939517.9199981689,1624.55,1888.04
Weekly,2020-10-02,Asia,7409731244.1300001144,119.88,1888.04
Weekly,2020-10-02,Other,3946249842.1999998093,64.49,1888.04
Weekly,2020-10-09,North America,129634003206.2700042725,2096.49,1903.64
Weekly,2020-10-09,Europe,100988738662.7700042725,1633.23,1903.64
Weekly,2020-10-09,Asia,7503137814.9499998093,119.7,1903.64
Weekly,2020-10-09,Other,3986826572.0199999809,64.5,1903.64
Weekly,2020-10-16,North America,128678915385.4499969482,2100.92,1904.76
Weekly,2020-10-16,Europe,100051282745.6100006104,1633.52,1904.76
Weekly,2020-10-16,Asia,7484369278.0600004196,119.71,1904.76
Weekly,2020-10-16,Other,3963630846.3200001717,64.71,1904.76
Weekly,2020-10-23,North America,128201376496.9100036621,2094.66,1906.55
Weekly,2020-10-23,Europe,100407633313.5,1640.55,1906.55
Weekly,2020-10-23,Asia,7438777662.1599998474,119.05,1906.55
Weekly,2020-10-23,Other,3978557485.6500000954,64.99,1906.55
Weekly,2020-10-30,North America,126348752821.8000030518,2088.31,1885.25
Weekly,2020-10-30,Europe,99503056671.1399993896,1644.6,1885.25
Weekly,2020-10-30,Asia,7347739399.1000003815,119.53,1885.25
Weekly,2020-10-30,Other,3789634786.7199997902,62.65,1885.25
Weekly,2020-11-06,North America,130895072728.2200012207,2097.74,1915.52
Weekly,2020-11-06,Europe,102831170038.0700073242,1647.98,1915.52
Weekly,2020-11-06,Asia,7689494523.8000001907,120.45,1915.52
Weekly,2020-11-06,Other,3929664735.9000000954,62.96,1915.52
Weekly,2020-11-13,North America,125944493513.1499938965,2071.67,1874.54
Weekly,2020-11-13,Europe,99531881093.3300018311,1637.2,1874.54
Weekly,2020-11-13,Asia,7467645089.4600000381,120.52,1874.54
Weekly,2020-11-13,Other,3824663473.2800002098,62.94,1874.54
Weekly,2020-11-20,North America,123836492620.2100067139,2053.5,1876.76
Weekly,2020-11-20,Europe,98192456473.8999938965,1628.26,1876.76
Weekly,2020-11-20,Asia,7445344921.0900001526,120.73,1876.76
Weekly,2020-11-20,Other,3792664338.5199999809,62.91,1876.76
Weekly,2020-11-27,North America,115966755892.4400024414,2027.18,1807.34
Weekly,2020-11-27,Europe,91554831840.2599945068,1600.45,1807.34
Weekly,2020-11-27,Asia,7109467257.8599996567,119.39,1807.34
Weekly,2020-11-27,Other,3518196945.8600001335,61.43,1807.34
Weekly,2020-12-04,North America,118776442138.0800018311,2004.54,1814.25
Weekly,2020-12-04,Europe,94236375764.2599945068,1590.38,1814.25
Weekly,2020-12-04,Asia,7080647085.5699996948,116.71,1814.25
Weekly,2020-12-04,Other,3588096168.0599999428,60.56,1814.25
Weekly,2020-12-11,North America,118800128005.9600067139,2006.02,1851.24
Weekly,2020-12-11,Europe,94082377233.3000030518,1588.65,1851.24
Weekly,2020-12-11,Asia,6940712240.8999996185,114.9,1851.24
Weekly,2020-12-11,Other,3583332674.9200000763,60.53,1851.24
Weekly,2020-12-18,North America,120585280656.7299957275,1995.28,1860.85
Weekly,2020-12-18,Europe,96218595241.5099945068,1592.09,1860.85
Weekly,2020-12-18,Asia,7092794814.4300003052,114.66,1860.85
Weekly,2020-12-18,Other,3655193548.4499998093,60.48,1860.85
Weekly,2020-12-25,North America,120173627590.4799957275,1996.11,1875.44
Weekly,2020-12-25,Europe,95777811161.2200012207,1590.89,1875.44
Weekly,2020-12-25,Asia,7093774353.3699998856,114.48,1875.44
Weekly,2020-12-25,Other,3669395331.9699997902,60.95,1875.44
Weekly,2021-01-01,North America,121616814191.8000030518,2000.27,1883.33
Weekly,2021-01-01,Europe,96769665094.9199981689,1591.6,1883.33
Weekly,2021-01-01,Asia,7151927949.5,115.14,1883.33
Weekly,2021-01-01,Other,3714134752.7899999619,61.09,1883.33
Weekly,2021-01-08,North America,120760039121.5099945068,2016.24,1919.7
Weekly,2021-01-08,Europe,95906187911.2799987793,1601.28,1919.7
Weekly,2021-01-08,Asia,7134147723.6099996567,113.21,1919.7
Weekly,2021-01-08,Other,3782630691.1500000954,63.09,1919.7
Weekly,2021-01-15,North America,119087780837.3699951172,2014.16,1845.62
Weekly,2021-01-15,Europe,95341094121.1499938965,1612.53,1845.62
Weekly,2021-01-15,Asia,6995718418.1499996185,113.8,1845.62
Weekly,2021-01-15,Other,3748705440.8299999237,63.37,1845.62
Weekly,2021-01-22,North America,119653795106.4600067139,2008.77,1847.83
Weekly,2021-01-22,Europe,95990876550.6699981689,1611.51,1847.83
Weekly,2021-01-22,Asia,7078098119.6999998093,114.87,1847.83
Weekly,2021-01-22,Other,3770301324.3200001717,63.29,1847.83
Weekly,2021-01-29,North America,119491655637.8699951172,1994.1,1854.79
Weekly,2021-01-29,Europe,96649199603.7899932861,1612.9,1854.79
Weekly,2021-01-29,Asia,7113513602.279999733,115.38,1854.79
Weekly,2021-01-29,Other,3818710751.2300000191,63.76,1854.79
Weekly,2021-02-05,North America,115430820518.3600006104,1991.35,1824.07
Weekly,2021-02-05,Europe,93651172148.1300048828,1615.62,1824.07
Weekly,2021-02-05,Asia,6952200828.25,116.33,1824.07
Weekly,2021-02-05,Other,3743914108.8000001907,64.57,1824.07
Weekly,2021-02-12,North America,115505264426.0700073242,1977.93,1834.79
Weekly,2021-02-12,Europe,94002184807.9900054932,1609.71,1834.79
Weekly,2021-02-12,Asia,7098600556.8500003815,117.2,1834.79
Weekly,2021-02-12,Other,3774908536.8800001144,64.64,1834.79
Weekly,2021-02-19,North America,112681840264.8399963379,1962.15,1790.32
Weekly,2021-02-19,Europe,91982620191.0899963379,1601.71,1790.32
Weekly,2021-02-19,Asia,6991743603.4399995804,118.91,1790.32
Weekly,2021-02-19,Other,3688008028.9099998474,64.25,1790.32
Weekly,2021-02-26,North America,107793216173.4700012207,1923.71,1783.52
Weekly,2021-02-26,Europe,89202868199.4199981689,1591.94,1783.52
Weekly,2021-02-26,Asia,7308020674.8299999237,125.47,1783.52
Weekly,2021-02-26,Other,3554085135.1900000572,63.37,1783.52
Weekly,2021-03-05,North America,103057141528.4799957275,1889.72,1715.55
Weekly,2021-03-05,Europe,85288056517.6499938965,1563.89,1715.55
Weekly,2021-03-05,Asia,7239986793.3500003815,129.12,1715.55
Weekly,2021-03-05,Other,3467670279.0999999046,63.59,1715.55
Weekly,2021-03-12,North America,102615147421.3600006104,1872.18,1709.84
Weekly,2021-03-12,Europe,85477909012.9400024414,1559.51,1709.84
Weekly,2021-03-12,Asia,7396713047.5799999237,131,1709.84
Weekly,2021-03-12,Other,3485911346.5500001907,63.6,1709.84
Weekly,2021-03-19,North America,104509172305.1600036621,1873.33,1729.88
Weekly,2021-03-19,Europe,86692316599.6799926758,1553.96,1729.88
Weekly,2021-03-19,Asia,7566669558.9200000763,131.57,1729.88
Weekly,2021-03-19,Other,3525643538.0700001717,63.19,1729.88
Weekly,2021-03-26,North America,103395095081.0599975586,1857,1732.39
Weekly,2021-03-26,Europe,85947017686.4600067139,1543.63,1732.39
Weekly,2021-03-26,Asia,7495279652.6400003433,131.48,1732.39
Weekly,2021-03-26,Other,3481788897.1900000572,62.54,1732.39
Weekly,2021-04-02,North America,102667905401.3200073242,1850.08,1706.61
Weekly,2021-04-02,Europe,85394835154.3099975586,1538.82,1706.61
Weekly,2021-04-02,Asia,7581023432.6499996185,132.69,1706.61
Weekly,2021-04-02,Other,3468053118.7300000191,62.52,1706.61
Weekly,2021-04-09,North America,103085984118.5099945068,1841.45,1741.09
Weekly,2021-04-09,Europe,86524369707.8399963379,1545.61,1741.09
Weekly,2021-04-09,Asia,7662069643.4399995804,132.73,1741.09
Weekly,2021-04-09,Other,3500149556.7899999619,62.51,1741.09
Weekly,2021-04-16,North America,104543281011.9600067139,1832.49,1749.6
Weekly,2021-04-16,Europe,88312750378.5200042725,1547.99,1749.6
Weekly,2021-04-16,Asia,7714306930.2700004578,132.03,1749.6
Weekly,2021-04-16,Other,3571227951.7399997711,62.62,1749.6
Weekly,2021-04-23,North America,104989086808.1699981689,1832.71,1784.02
Weekly,2021-04-23,Europe,88864779896.8500061035,1551.24,1784.02
Weekly,2021-04-23,Asia,7743979912.1300001144,131.36,1784.02
Weekly,2021-04-23,Other,3597399615.3299999237,62.79,1784.02
Weekly,2021-04-30,North America,103802468821.8000030518,1826.5,1772
Weekly,2021-04-30,Europe,88343250292.7899932861,1554.48,1772
Weekly,2021-04-30,Asia,7799275017.8400001526,132.4,1772
Weekly,2021-04-30,Other,3558284827.8699998856,62.61,1772
Weekly,2021-05-07,North America,108396903710.2599945068,1835.79,1799.47
Weekly,2021-05-07,Europe,92026869431.4700012207,1558.55,1799.47
Weekly,2021-05-07,Asia,7996183182.3999996185,132.27,1799.47
Weekly,2021-05-07,Other,3662654178.0799999237,62.07,1799.47
Weekly,2021-05-14,North America,108747633042.8399963379,1840.18,1832.03
Weekly,2021-05-14,Europe,92766405693.7200012207,1569.75,1832.03
Weekly,2021-05-14,Asia,7892395889.5,130.28,1832.03
Weekly,2021-05-14,Other,3635282429.7300000191,61.53,1832.03
Weekly,2021-05-21,North America,112037176405.6900024414,1857.64,1872.62
Weekly,2021-05-21,Europe,95016534049.2799987793,1575.43,1872.62
Weekly,2021-05-21,Asia,8011734551.6199998856,129.91,1872.62
Weekly,2021-05-21,Other,3683773480.1799998283,61.08,1872.62
Weekly,2021-05-28,North America,113620857330.8699951172,1860.05,1891.66
Weekly,2021-05-28,Europe,96795870881.7599945068,1584.61,1891.66
Weekly,2021-05-28,Asia,8073427890.029999733,129.08,1891.66
Weekly,2021-05-28,Other,3759156383.4299998283,61.56,1891.66
Weekly,2021-06-04,North America,113225551206.8800048828,1862.75,1891.84
Weekly,2021-06-04,Europe,96068579440.1000061035,1580.49,1891.84
Weekly,2021-06-04,Asia,7865634553.9300003052,127.49,1891.84
Weekly,2021-06-04,Other,3745755551.9099998474,61.67,1891.84
Weekly,2021-06-11,North America,112877402953.6699981689,1866.45,1889.17
Weekly,2021-06-11,Europe,95578792294.8399963379,1580.41,1889.17
Weekly,2021-06-11,Asia,7937072178.0500001907,127.38,1889.17
Weekly,2021-06-11,Other,3704038501.3899998665,61.22,1889.17
Weekly,2021-06-18,North America,106920599612.0299987793,1875.59,1828.65
Weekly,2021-06-18,Europe,89616672387.2400054932,1572.04,1828.65
Weekly,2021-06-18,Asia,7502440190.2600002289,127.01,1828.65
Weekly,2021-06-18,Other,3490955717.3899998665,61.2,1828.65
Weekly,2021-06-25,North America,107242596790.0200042725,1866.97,1782.64
Weekly,2021-06-25,Europe,90292628841.1000061035,1571.89,1782.64
Weekly,2021-06-25,Asia,7603066842.6599998474,129.03,1782.64
Weekly,2021-06-25,Other,3485304238.0300002098,60.68,1782.64
Weekly,2021-07-02,North America,107273961694.9700012207,1868.04,1773.31
Weekly,2021-07-02,Europe,90126411448.9900054932,1569.43,1773.31
Weekly,2021-07-02,Asia,7788663982.4799995422,132.05,1773.31
Weekly,2021-07-02,Other,3494834814.8200001717,60.86,1773.31
Weekly,2021-07-09,North America,108357186802.9600067139,1866.16,1803.91
Weekly,2021-07-09,Europe,91671886312.0099945068,1578.8,1803.91
Weekly,2021-07-09,Asia,7971837210.7299995422,133.79,1803.91
Weekly,2021-07-09,Other,3525184516.75,60.72,1803.91
Weekly,2021-07-16,North America,108778780219.0200042725,1854.63,1815.5
Weekly,2021-07-16,Europe,92940696421.6600036621,1584.6,1815.5
Weekly,2021-07-16,Asia,7984935335.5399999619,132.83,1815.5
Weekly,2021-07-16,Other,3563150540.8699998856,60.75,1815.5
Weekly,2021-07-23,North America,107349779558.6300048828,1855.39,1807.83
Weekly,2021-07-23,Europe,91617895341.7899932861,1583.48,1807.83
Weekly,2021-07-23,Asia,7913655235.9799995422,132.85,1807.83
Weekly,2021-07-23,Other,3516332593.1199998856,60.77,1807.83
Weekly,2021-07-30,North America,109367110094.8600006104,1863.18,1810.44
Weekly,2021-07-30,Europe,93282404177.1199951172,1589.16,1810.44
Weekly,2021-07-30,Asia,7990207345.9899997711,132.24,1810.44
Weekly,2021-07-30,Other,3570358159.1199998856,60.82,1810.44
Weekly,2021-08-06,North America,105250739894.7200012207,1856.98,1803.37
Weekly,2021-08-06,Europe,90199437676.6699981689,1591.42,1803.37
Weekly,2021-08-06,Asia,7813928491.529999733,131.6,1803.37
Weekly,2021-08-06,Other,3452346483.0999999046,60.83,1803.37
Weekly,2021-08-13,North America,105667845166.1199951172,1852.83,1745.41
Weekly,2021-08-13,Europe,90876194364.8600006104,1593.46,1745.41
Weekly,2021-08-13,Asia,7898975697.5399999619,135.49,1745.41
Weekly,2021-08-13,Other,3491400295.5399999619,61.26,1745.41
Weekly,2021-08-20,North America,105225693106.5399932861,1839.68,1784.07
Weekly,2021-08-20,Europe,91405820057.2700042725,1598.07,1784.07
Weekly,2021-08-20,Asia,8028931287.1499996185,136.08,1784.07
Weekly,2021-08-20,Other,3456284241.7699999809,60.42,1784.07
Weekly,2021-08-27,North America,105876692115.0099945068,1831.04,1796.85
Weekly,2021-08-27,Europe,92455004472.9600067139,1598.93,1796.85
Weekly,2021-08-27,Asia,7986544898.75,133.95,1796.85
Weekly,2021-08-27,Other,3510615132.4600000381,60.72,1796.85
Weekly,2021-09-03,North America,107351929161.1600036621,1830.9,1812.28
Weekly,2021-09-03,Europe,93758713038.6699981689,1599.07,1812.28
Weekly,2021-09-03,Asia,7876775412.5200004578,131.37,1812.28
Weekly,2021-09-03,Other,3535900760.7899999619,60.33,1812.28
Weekly,2021-09-10,North America,105715213169.9700012207,1832.22,1798.52
Weekly,2021-09-10,Europe,92272811867.8200073242,1599.25,1798.52
Weekly,2021-09-10,Asia,7664924895.5699996948,128.73,1798.52
Weekly,2021-09-10,Other,3491872367.6900000572,60.51,1798.52
Weekly,2021-09-17,North America,103670365355.3000030518,1836.33,1777.5
Weekly,2021-09-17,Europe,90042339401.3399963379,1594.94,1777.5
Weekly,2021-09-17,Asia,7484037901.0799999237,128.21,1777.5
Weekly,2021-09-17,Other,3413763283.1199998856,60.45,1777.5
Weekly,2021-09-24,North America,102724658018.9799957275,1829.11,1760.48
Weekly,2021-09-24,Europe,89479093985.2100067139,1593.26,1760.48
Weekly,2021-09-24,Asia,7544648950.8999996185,129.78,1760.48
Weekly,2021-09-24,Other,3404454264.2199997902,60.6,1760.48
Weekly,2021-10-01,North America,102920546930.1999969482,1821.91,1745.21
Weekly,2021-10-01,Europe,89398761884.1199951172,1582.55,1745.21
Weekly,2021-10-01,Asia,7823487422.3000001907,135.28,1745.21
Weekly,2021-10-01,Other,3430945171.75,60.74,1745.21
Weekly,2021-10-08,North America,103662507415.25,1818.28,1760.56
Weekly,2021-10-08,Europe,89948799377.1999969482,1577.74,1760.56
Weekly,2021-10-08,Asia,7928091829.4200000763,136.42,1760.56
Weekly,2021-10-08,Other,3453013599.9000000954,60.6,1760.56
Weekly,2021-10-15,North America,103149441178.3600006104,1809.89,1776.49
Weekly,2021-10-15,Europe,89911829797.5800018311,1577.62,1776.49
Weekly,2021-10-15,Asia,8181203504.0399999619,138.21,1776.49
Weekly,2021-10-15,Other,3437369276.2600002289,60.29,1776.49
Weekly,2021-10-22,North America,105019011924.3300018311,1806.42,1782.59
Weekly,2021-10-22,Europe,91350002922.8300018311,1571.3,1782.59
Weekly,2021-10-22,Asia,8158507899.4499998093,137.56,1782.59
Weekly,2021-10-22,Other,3516923416.4699997902,60.53,1782.59
Weekly,2021-10-29,North America,102914822605.2899932861,1809.35,1791.74
Weekly,2021-10-29,Europe,89336214127.9700012207,1570.62,1791.74
Weekly,2021-10-29,Asia,8126609234.1099996567,137.1,1791.74
Weekly,2021-10-29,Other,3470189180.5199999809,60.95,1791.74
Weekly,2021-11-05,North America,104516236676.7599945068,1804.16,1789.14
Weekly,2021-11-05,Europe,90914662941.7400054932,1569.37,1789.14
Weekly,2021-11-05,Asia,8132892339.7600002289,137.03,1789.14
Weekly,2021-11-05,Other,3552040413.7600002289,61.33,1789.14
Weekly,2021-11-12,North America,107905516675.9900054932,1803.89,1845.5
Weekly,2021-11-12,Europe,93978458405.5200042725,1571.07,1845.5
Weekly,2021-11-12,Asia,8105271208.4600000381,131.96,1845.5
Weekly,2021-11-12,Other,3663726950.6100001335,61.27,1845.5
Weekly,2021-11-19,North America,108535794194.2899932861,1813.9,1861.08
Weekly,2021-11-19,Europe,93894902695.2400054932,1569.21,1861.08
Weekly,2021-11-19,Asia,7873761342.5600004196,127.72,1861.08
Weekly,2021-11-19,Other,3673691577.7100000381,61.4,1861.08
Weekly,2021-11-26,North America,105475385427.7599945068,1821.77,1795.24
Weekly,2021-11-26,Europe,90899326929.3899993896,1570.02,1795.24
Weekly,2021-11-26,Asia,7725881585.8199996948,128.89,1795.24
Weekly,2021-11-26,Other,3561818883.8400001526,61.5,1795.24
Weekly,2021-12-03,North America,102969031330.3300018311,1811.94,1782.43
Weekly,2021-12-03,Europe,89208090188.3899993896,1569.79,1782.43
Weekly,2021-12-03,Asia,8003024042.6800003052,136.09,1782.43
Weekly,2021-12-03,Other,3498610484.8699998856,61.55,1782.43
Weekly,2021-12-10,North America,103532314033.8899993896,1809.36,1779.94
Weekly,2021-12-10,Europe,90010010299.8999938965,1573.04,1779.94
Weekly,2021-12-10,Asia,8365883695.1700000763,142.28,1779.94
Weekly,2021-12-10,Other,3472859836.0599999428,60.71,1779.94
Weekly,2021-12-17,North America,104820249558.0299987793,1803.55,1787.35
Weekly,2021-12-17,Europe,91621998378.5099945068,1576.46,1787.35
Weekly,2021-12-17,Asia,8643232561.4899997711,144.7,1787.35
Weekly,2021-12-17,Other,3505832901.8099999428,60.32,1787.35
Weekly,2021-12-24,North America,103163730167.9700012207,1796.56,1794.82
Weekly,2021-12-24,Europe,90771290470.7799987793,1580.75,1794.82
Weekly,2021-12-24,Asia,8566434768.970000267,143.09,1794.82
Weekly,2021-12-24,Other,3522417873.8899998665,61.34,1794.82
Weekly,2021-12-31,North America,105273654335.2100067139,1799.01,1798.46
Weekly,2021-12-31,Europe,92444888862.3300018311,1579.78,1798.46
Weekly,2021-12-31,Asia,8424958955.8000001907,140.16,1798.46
Weekly,2021-12-31,Other,3542808343.4899997711,60.54,1798.46
Weekly,2022-01-07,North America,103829846173.4100036621,1801.56,1807.94
Weekly,2022-01-07,Europe,91348208377,1584.99,1807.94
Weekly,2022-01-07,Asia,8135411989.9499998093,136.94,1807.94
Weekly,2022-01-07,Other,3493279164.2399997711,60.61,1807.94
Weekly,2022-01-14,North America,105709745828.9700012207,1803.64,1813.14
Weekly,2022-01-14,Europe,92926261048.9100036621,1585.52,1813.14
Weekly,2022-01-14,Asia,8241396149.4300003052,136.47,1813.14
Weekly,2022-01-14,Other,3540953086.0100002289,60.42,1813.14
Weekly,2022-01-21,North America,108511707052,1836.68,1829
Weekly,2022-01-21,Europe,93641362026.9600067139,1584.99,1829
Weekly,2022-01-21,Asia,8129955903.3999996185,133.24,1829
Weekly,2022-01-21,Other,3577228607.2100000381,60.56,1829
Weekly,2022-01-28,North America,106018795378.1300048828,1844.11,1821.95
Weekly,2022-01-28,Europe,90962557708.8600006104,1582.22,1821.95
Weekly,2022-01-28,Asia,7823698549.4600000381,131.15,1821.95
Weekly,2022-01-28,Other,3488473631.4000000954,60.68,1821.95
Weekly,2022-02-04,North America,106777001862.5,1840.27,1799.23
Weekly,2022-02-04,Europe,92292855758.4600067139,1590.64,1799.23
Weekly,2022-02-04,Asia,7787020139.4799995422,130.16,1799.23
Weekly,2022-02-04,Other,3533098396.3600001335,60.87,1799.23
Weekly,2022-02-11,North America,109128091037.5500030518,1853.62,1826.09
Weekly,2022-02-11,Europe,93929019321.5399932861,1595.46,1826.09
Weekly,2022-02-11,Asia,7880719459.3699998856,130.32,1826.09
Weekly,2022-02-11,Other,3586544755,60.93,1826.09
Weekly,2022-02-18,North America,113467231082.0200042725,1863.76,1872.87
Weekly,2022-02-18,Europe,97620533515.2299957275,1603.47,1872.87
Weekly,2022-02-18,Asia,7785684270.3299999237,124.25,1872.87
Weekly,2022-02-18,Other,3693517838.2699999809,60.68,1872.87
Weekly,2022-02-25,North America,113117182350.0299987793,1866.69,1904.07
Weekly,2022-02-25,Europe,97462299173.6799926758,1608.35,1904.07
Weekly,2022-02-25,Asia,7786038162.9300003052,122.98,1904.07
Weekly,2022-02-25,Other,3683085700.1399998665,60.72,1904.07
Weekly,2022-03-04,North America,119233109475.2700042725,1906.42,1927.05
Weekly,2022-03-04,Europe,101115361329.8800048828,1616.74,1927.05
Weekly,2022-03-04,Asia,7910677002.5,123.76,1927.05
Weekly,2022-03-04,Other,3837714385.7600002289,61.36,1927.05
Weekly,2022-03-11,North America,122294196709.1799926758,1922.36,1996.84
Weekly,2022-03-11,Europe,105017296783.6999969482,1650.78,1996.84
Weekly,2022-03-11,Asia,8178469579.1899995804,125.89,1996.84
Weekly,2022-03-11,Other,3927958492.3400001526,61.72,1996.84
Weekly,2022-03-18,North America,121112534979.5099945068,1945.98,1933.27
Weekly,2022-03-18,Europe,103723662303.3300018311,1666.58,1933.27
Weekly,2022-03-18,Asia,7933870211.6899995804,124.48,1933.27
Weekly,2022-03-18,Other,3860522179.3600001335,62.04,1933.27
Weekly,2022-03-25,North America,123439718686.0800018311,1965.1,1940.21
Weekly,2022-03-25,Europe,106026055892.3500061035,1687.88,1940.21
Weekly,2022-03-25,Asia,7996303681.9099998474,124.34,1940.21
Weekly,2022-03-25,Other,3912324671.1399998665,62.28,1940.21
Weekly,2022-04-01,North America,122323481193.2899932861,1971.95,1930.49
Weekly,2022-04-01,Europe,105073651315.0099945068,1693.87,1930.49
Weekly,2022-04-01,Asia,7991605953,125.22,1930.49
Weekly,2022-04-01,Other,3880447901.3499999046,62.55,1930.49
Weekly,2022-04-08,North America,123169538120.5,1973.32,1935.66
Weekly,2022-04-08,Europe,106212435490.7700042725,1701.65,1935.66
Weekly,2022-04-08,Asia,8045484255.4099998474,126.13,1935.66
Weekly,2022-04-08,Other,3924602688.75,62.9,1935.66
Weekly,2022-04-15,North America,125262411178.8600006104,1984.51,1963.13
Weekly,2022-04-15,Europe,107854460329.4600067139,1708.72,1963.13
Weekly,2022-04-15,Asia,8330614073.970000267,127.6,1963.13
Weekly,2022-04-15,Other,3979604528.7699999809,63.03,1963.13
Weekly,2022-04-22,North America,124303903275.7100067139,1991.34,1952.41
Weekly,2022-04-22,Europe,107141244844.7599945068,1716.39,1952.41
Weekly,2022-04-22,Asia,8174356804.6899995804,127.54,1952.41
Weekly,2022-04-22,Other,3924674804.6300001144,62.87,1952.41
Weekly,2022-04-29,North America,122102429154.0899963379,1987.03,1897.04
Weekly,2022-04-29,Europe,105162022679.9400024414,1711.35,1897.04
Weekly,2022-04-29,Asia,7846084940.4600000381,124.44,1897.04
Weekly,2022-04-29,Other,3854661561.2100000381,62.72,1897.04
Weekly,2022-05-06,North America,119462586667.1100006104,1973.97,1883.86
Weekly,2022-05-06,Europe,103477180984.2400054932,1709.83,1883.86
Weekly,2022-05-06,Asia,7691956015.7100000381,123.16,1883.86
Weekly,2022-05-06,Other,3804434272.0300002098,62.86,1883.86
Weekly,2022-05-13,North America,113018272177.1399993896,1940.47,1843.76
Weekly,2022-05-13,Europe,98976183767.5200042725,1699.38,1843.76
Weekly,2022-05-13,Asia,7394681362.5600004196,121.96,1843.76
Weekly,2022-05-13,Other,3638741186.8899998665,62.45,1843.76
Weekly,2022-05-20,North America,114790488344.3500061035,1946.56,1824.67
Weekly,2022-05-20,Europe,100081331279.8899993896,1697.13,1824.67
Weekly,2022-05-20,Asia,7504805769.9300003052,122.66,1824.67
Weekly,2022-05-20,Other,3657560196.6399998665,62,1824.67
Weekly,2022-05-27,North America,116368015294.3800048828,1954.56,1854.11
Weekly,2022-05-27,Europe,100960239268.1300048828,1695.76,1854.11
Weekly,2022-05-27,Asia,7612837425.5900001526,123.35,1854.11
Weekly,2022-05-27,Other,3708275337.2699999809,62.27,1854.11
Weekly,2022-06-03,North America,115722756356.4700012207,1950.99,1845.67
Weekly,2022-06-03,Europe,100555209592.7899932861,1695.28,1845.67
Weekly,2022-06-03,Asia,7604608343.6099996567,123.26,1845.67
Weekly,2022-06-03,Other,3707783601.1599998474,62.55,1845.67
Weekly,2022-06-10,North America,114817550792.9100036621,1951.49,1844.92
Weekly,2022-06-10,Europe,99247520289.3000030518,1686.85,1844.92
Weekly,2022-06-10,Asia,7556702298.2299995422,123.82,1844.92
Weekly,2022-06-10,Other,3675018180.2199997902,62.43,1844.92
Weekly,2022-06-17,North America,115749534518.1999969482,1954.99,1828.19
Weekly,2022-06-17,Europe,100009502783.1100006104,1689.14,1828.19
Weekly,2022-06-17,Asia,7521261322.6000003815,123.04,1828.19
Weekly,2022-06-17,Other,3700648117.8200001717,62.48,1828.19
Weekly,2022-06-24,North America,113784003983.7200012207,1938.74,1837.19
Weekly,2022-06-24,Europe,99030819433.2400054932,1687.37,1837.19
Weekly,2022-06-24,Asia,7501318784,123.68,1837.19
Weekly,2022-06-24,Other,3666475395.4699997902,62.47,1837.19
Weekly,2022-07-01,North America,110866995249.1699981689,1918.47,1815.51
Weekly,2022-07-01,Europe,97517825828.9299926758,1687.47,1815.51
Weekly,2022-07-01,Asia,7462612428.2299995422,124.64,1815.51
Weekly,2022-07-01,Other,3608328411.2699999809,62.44,1815.51
Weekly,2022-07-08,North America,106095720548.4700012207,1898.48,1764.17
Weekly,2022-07-08,Europe,93645622420.0700073242,1675.7,1764.17
Weekly,2022-07-08,Asia,7310113533.529999733,124.92,1764.17
Weekly,2022-07-08,Other,3448336765.8800001144,61.71,1764.17
Weekly,2022-07-15,North America,103542647456.1399993896,1887.6,1720.43
Weekly,2022-07-15,Europe,91772386363.7599945068,1673.03,1720.43
Weekly,2022-07-15,Asia,7392391351.7899999619,128.8,1720.43
Weekly,2022-07-15,Other,3383565753.3899998665,61.69,1720.43
Weekly,2022-07-22,North America,104801177152.6799926758,1876.67,1716.69
Weekly,2022-07-22,Europe,92556758529.8000030518,1657.41,1716.69
Weekly,2022-07-22,Asia,7613534468.6199998856,131.26,1716.69
Weekly,2022-07-22,Other,3439296020.8400001526,61.62,1716.69
Weekly,2022-07-29,North America,105852217091.2299957275,1877.71,1731.98
Weekly,2022-07-29,Europe,92991446555.7899932861,1649.57,1731.98
Weekly,2022-07-29,Asia,7823467263.6300001144,132.38,1731.98
Weekly,2022-07-29,Other,3470071968.7600002289,61.54,1731.98
Weekly,2022-08-05,North America,106301007170.9100036621,1864.56,1773.97
Weekly,2022-08-05,Europe,94087277993.4499969482,1650.33,1773.97
Weekly,2022-08-05,Asia,7836850600.0100002289,131.06,1773.97
Weekly,2022-08-05,Other,3507409909.0100002289,61.49,1773.97
Weekly,2022-08-12,North America,107105026875,1858.9,1792.63
Weekly,2022-08-12,Europe,95042589535.2100067139,1649.55,1792.63
Weekly,2022-08-12,Asia,7729432878.6099996567,128.69,1792.63
Weekly,2022-08-12,Other,3588441648.8200001717,62.29,1792.63
Weekly,2022-08-19,North America,104215573242.1999969482,1851.47,1766.99
Weekly,2022-08-19,Europe,92536545824.3099975586,1643.99,1766.99
Weekly,2022-08-19,Asia,7436366838.7399997711,125.95,1766.99
Weekly,2022-08-19,Other,3521380704.0900001526,62.56,1766.99
Weekly,2022-08-26,North America,104016949734.0200042725,1847.42,1746.05
Weekly,2022-08-26,Europe,92348088304.8500061035,1640.17,1746.05
Weekly,2022-08-26,Asia,7412907388.8599996567,125.62,1746.05
Weekly,2022-08-26,Other,3514553349.3099999428,62.42,1746.05
Weekly,2022-09-02,North America,101017768114.3399963379,1834.75,1720.85
Weekly,2022-09-02,Europe,89966706319.0700073242,1634.03,1720.85
Weekly,2022-09-02,Asia,7212497329.4899997711,124.8,1720.85
Weekly,2022-09-02,Other,3438290004.6100001335,62.46,1720.85
Weekly,2022-09-09,North America,100497965973.9900054932,1824.35,1707.79
Weekly,2022-09-09,Europe,90055284483.4400024414,1634.78,1707.79
Weekly,2022-09-09,Asia,7291868534.8999996185,124.89,1707.79
Weekly,2022-09-09,Other,3444598055.6599998474,62.5,1707.79
Weekly,2022-09-16,North America,97199851663.3000030518,1816.15,1697.78
Weekly,2022-09-16,Europe,87272613438.7799987793,1630.66,1697.78
Weekly,2022-09-16,Asia,7060363621.7600002289,124.38,1697.78
Weekly,2022-09-16,Other,3326746306.9600000381,62.16,1697.78
Weekly,2022-09-23,North America,94983223873.75,1797.52,1663.19
Weekly,2022-09-23,Europe,85309738469.9700012207,1614.45,1663.19
Weekly,2022-09-23,Asia,7048869999.1800003052,124.9,1663.19
Weekly,2022-09-23,Other,3272928752.6500000954,61.9,1663.19
Weekly,2022-09-30,North America,95488921713.8699951172,1776.6,1651.27
Weekly,2022-09-30,Europe,85861016674.9199981689,1597.47,1651.27
Weekly,2022-09-30,Asia,7067309146.9399995804,124.82,1651.27
Weekly,2022-09-30,Other,3302517200.5700001717,61.44,1651.27
Weekly,2022-10-07,North America,97050199494.1600036621,1779.68,1698.82
Weekly,2022-10-07,Europe,86859565302.4900054932,1592.8,1698.82
Weekly,2022-10-07,Asia,7140312081.3400001526,124.84,1698.82
Weekly,2022-10-07,Other,3357471719.6399998665,61.53,1698.82
Weekly,2022-10-14,North America,94101833591.1499938965,1774.63,1661.86
Weekly,2022-10-14,Europe,83837259772.5899963379,1581.05,1661.86
Weekly,2022-10-14,Asia,6838222332.1000003815,121.56,1661.86
Weekly,2022-10-14,Other,3234079913.2300000191,60.98,1661.86
Weekly,2022-10-21,North America,92465579386.4299926758,1750.19,1645.6
Weekly,2022-10-21,Europe,83628716158.4100036621,1582.93,1645.6
Weekly,2022-10-21,Asia,6716061275.8199996948,120.54,1645.6
Weekly,2022-10-21,Other,3254529448.3800001144,61.65,1645.6
Weekly,2022-10-28,North America,92112812115.3300018311,1738.44,1656.59
Weekly,2022-10-28,Europe,83876242326.6799926758,1582.99,1656.59
Weekly,2022-10-28,Asia,6676914694.6300001144,119.43,1656.59
Weekly,2022-10-28,Other,3258228580.3299999237,61.49,1656.59
Weekly,2022-11-04,North America,92564179925.8000030518,1719.46,1647.39
Weekly,2022-11-04,Europe,85291375141.9900054932,1584.36,1647.39
Weekly,2022-11-04,Asia,6751878958.9799995422,119.46,1647.39
Weekly,2022-11-04,Other,3294098340.3200001717,61.25,1647.39
Weekly,2022-11-11,North America,97282926866.4799957275,1719.86,1715.39
Weekly,2022-11-11,Europe,89588881157.1000061035,1583.84,1715.39
Weekly,2022-11-11,Asia,7183762770.9399995804,119.99,1715.39
Weekly,2022-11-11,Other,3464420921.9299998283,61.23,1715.39
Weekly,2022-11-18,North America,96474024418.6100006104,1713.11,1764.69
Weekly,2022-11-18,Europe,88927218383.5700073242,1579.1,1764.69
Weekly,2022-11-18,Asia,7021821853.3100004196,118.01,1764.69
Weekly,2022-11-18,Other,3438813582.1300001144,61.03,1764.69
Weekly,2022-11-25,North America,96750741683.5,1717.78,1746.15
Weekly,2022-11-25,Europe,89062701629.2700042725,1581.28,1746.15
Weekly,2022-11-25,Asia,7017029957.6300001144,118.79,1746.15
Weekly,2022-11-25,Other,3454478598.9000000954,61.33,1746.15
Weekly,2022-12-02,North America,98267557204.25,1712.54,1768.13
Weekly,2022-12-02,Europe,90727487211.4499969482,1581.14,1768.13
Weekly,2022-12-02,Asia,7173244485.8599996567,118.44,1768.13
Weekly,2022-12-02,Other,3516102441.8699998856,61.23,1768.13
Weekly,2022-12-09,North America,99035362788.3899993896,1714.97,1783.82
Weekly,2022-12-09,Europe,90866764175.6100006104,1573.52,1783.82
Weekly,2022-12-09,Asia,7112759564.8000001907,117.9,1783.82
Weekly,2022-12-09,Other,3516365998.5199999809,60.9,1783.82
Weekly,2022-12-16,North America,98768197527.7400054932,1713.78,1798.86
Weekly,2022-12-16,Europe,90482221427.8800048828,1570,1798.86
Weekly,2022-12-16,Asia,7056692033.3999996185,117.36,1798.86
Weekly,2022-12-16,Other,3482136137.9499998093,60.46,1798.86
Weekly,2022-12-23,North America,99332695106.6000061035,1718.92,1804.07
Weekly,2022-12-23,Europe,90474843944.9199981689,1565.64,1804.07
Weekly,2022-12-23,Asia,7106517637.3299999237,117.32,1804.07
Weekly,2022-12-23,Other,3517927880.7899999619,60.88,1804.07
Weekly,2022-12-30,North America,100477467660.4499969482,1724.39,1804.85
Weekly,2022-12-30,Europe,91293754206.9900054932,1566.78,1804.85
Weekly,2022-12-30,Asia,7332463158.2899999619,119.3,1804.85
Weekly,2022-12-30,Other,3541043380.1900000572,60.77,1804.85
Weekly,2023-01-06,North America,102773087965.1900024414,1725.84,1839.82
Weekly,2023-01-06,Europe,93200288838.8999938965,1565.09,1839.82
Weekly,2023-01-06,Asia,7378290826.5799999237,118.49,1839.82
Weekly,2023-01-06,Other,3639921605.4099998474,61.17,1839.82
Weekly,2023-01-13,North America,105764050025.9100036621,1724.89,1883.91
Weekly,2023-01-13,Europe,95551330922.4700012207,1558.34,1883.91
Weekly,2023-01-13,Asia,7465251884.6099996567,116.39,1883.91
Weekly,2023-01-13,Other,3739279158.4200000763,60.99,1883.91
Weekly,2023-01-20,North America,107178181919.6900024414,1731.84,1919
Weekly,2023-01-20,Europe,95563000381.1000061035,1544.15,1919
Weekly,2023-01-20,Asia,7542567331.1400003433,116.62,1919
Weekly,2023-01-20,Other,3817427810.3899998665,61.67,1919
Weekly,2023-01-27,North America,107272041345.8600006104,1735.02,1924.38
Weekly,2023-01-27,Europe,95121327416.3300018311,1538.5,1924.38
Weekly,2023-01-27,Asia,7536014365.6899995804,116.63,1924.38
Weekly,2023-01-27,Other,3876532176.8000001907,62.69,1924.38
Weekly,2023-02-03,North America,104805312981.9900054932,1738.24,1914.18
Weekly,2023-02-03,Europe,91766743022.7899932861,1521.99,1914.18
Weekly,2023-02-03,Asia,7316280902.9200000763,113.98,1914.18
Weekly,2023-02-03,Other,3758207194.8299999237,62.24,1914.18
Weekly,2023-02-10,North America,103757396403.5200042725,1735.34,1871.08
Weekly,2023-02-10,Europe,90971586106.7200012207,1521.5,1871.08
Weekly,2023-02-10,Asia,7232125096.5699996948,114.6,1871.08
Weekly,2023-02-10,Other,3734634264.4699997902,62.45,1871.08
Weekly,2023-02-17,North America,101976890253.3600006104,1729.51,1842.77
Weekly,2023-02-17,Europe,89572154411.1699981689,1519.13,1842.77
Weekly,2023-02-17,Asia,7149166835.0100002289,115.05,1842.77
Weekly,2023-02-17,Other,3693487343.8499999046,62.67,1842.77
Weekly,2023-02-24,North America,100489574902.1199951172,1725.93,1831.08
Weekly,2023-02-24,Europe,87860895756.0500030518,1509.03,1831.08
Weekly,2023-02-24,Asia,7078299178.6700000763,114.88,1831.08
Weekly,2023-02-24,Other,3662639359.4299998283,62.87,1831.08
Weekly,2023-03-03,North America,101709566195.6799926758,1718.23,1832.37
Weekly,2023-03-03,Europe,89114385763.0200042725,1505.45,1832.37
Weekly,2023-03-03,Asia,7249407014.2600002289,115.66,1832.37
Weekly,2023-03-03,Other,3770262707.4499998093,63.68,1832.37
Weekly,2023-03-10,North America,102049318905.2899932861,1705.35,1836.91
Weekly,2023-03-10,Europe,90292206108.0299987793,1508.88,1836.91
Weekly,2023-03-10,Asia,7303052814.2399997711,116.7,1836.91
Weekly,2023-03-10,Other,3807501817.7199997902,63.7,1836.91
Weekly,2023-03-17,North America,108671935630.4199981689,1722.68,1925.42
Weekly,2023-03-17,Europe,95404903269.3200073242,1512.37,1925.42
Weekly,2023-03-17,Asia,7638785183.3100004196,117.28,1925.42
Weekly,2023-03-17,Other,4048055192.9800000191,64.25,1925.42
Weekly,2023-03-24,North America,110701955667.2799987793,1726.96,1968.59
Weekly,2023-03-24,Europe,97457463439.9799957275,1520.35,1968.59
Weekly,2023-03-24,Asia,7902485973.9899997711,118.61,1968.59
Weekly,2023-03-24,Other,4094389459.0100002289,63.87,1968.59
Weekly,2023-03-31,North America,110413323450.8999938965,1734.73,1963.92
Weekly,2023-03-31,Europe,97177551486.7400054932,1526.78,1963.92
Weekly,2023-03-31,Asia,7913188222.2100000381,118.66,1963.92
Weekly,2023-03-31,Other,3985415456.5799999237,62.62,1963.92
Weekly,2023-04-07,North America,112119505524.4600067139,1742,2005.51
Weekly,2023-04-07,Europe,98263968089.2799987793,1526.73,2005.51
Weekly,2023-04-07,Asia,8023277934.7600002289,118.61,2005.51
Weekly,2023-04-07,Other,4045343367.1100001335,62.82,2005.51
Weekly,2023-04-14,North America,113222173463.1100006104,1743.89,2016.13
Weekly,2023-04-14,Europe,99245397146.5099945068,1528.61,2016.13
Weekly,2023-04-14,Asia,8084454157.2700004578,118.62,2016.13
Weekly,2023-04-14,Other,4082246942.6799998283,62.84,2016.13
Weekly,2023-04-21,North America,110762307633.0399932861,1745.54,1993.26
Weekly,2023-04-21,Europe,96883714820.2899932861,1526.83,1993.26
Weekly,2023-04-21,Asia,7940637011.1700000763,118.57,1993.26
Weekly,2023-04-21,Other,3988136181.5900001526,62.82,1993.26
Weekly,2023-04-28,North America,111533625149.6100006104,1749.81,1987.36
Weekly,2023-04-28,Europe,97278378444.3999938965,1526.16,1987.36
Weekly,2023-04-28,Asia,7949200209.8199996948,118.9,1987.36
Weekly,2023-04-28,Other,4041798370.6300001144,63.41,1987.36
Weekly,2023-05-05,North America,113112887737.5500030518,1758.27,2007.58
Weekly,2023-05-05,Europe,98444621006.6199951172,1530.26,2007.58
Weekly,2023-05-05,Asia,8114603125.8699998856,118.63,2007.58
Weekly,2023-05-05,Other,4098972469.25,63.62,2007.58
Weekly,2023-05-12,North America,114710405926.75,1766.37,2020.83
Weekly,2023-05-12,Europe,99129315653.8600006104,1526.45,2020.83
Weekly,2023-05-12,Asia,7979344138.8400001526,118.11,2020.83
Weekly,2023-05-12,Other,4131809546.2800002098,63.66,2020.83
Weekly,2023-05-19,North America,111843683972.6499938965,1773.41,1984.73
Weekly,2023-05-19,Europe,96343948047.4600067139,1527.65,1984.73
Weekly,2023-05-19,Asia,7858474805.4799995422,118.27,1984.73
Weekly,2023-05-19,Other,4028991381.7899999619,63.87,1984.73
Weekly,2023-05-26,North America,111001977620.0800018311,1772.45,1961.06
Weekly,2023-05-26,Europe,95646162335.2400054932,1527.25,1961.06
Weekly,2023-05-26,Asia,7788382643.9099998474,118.23,1961.06
Weekly,2023-05-26,Other,3968017898,63.35,1961.06
Weekly,2023-06-02,North America,111670736579.2299957275,1769.18,1960.47
Weekly,2023-06-02,Europe,96279931958.6399993896,1525.35,1960.47
Weekly,2023-06-02,Asia,7912729851.8199996948,118.97,1960.47
Weekly,2023-06-02,Other,4009928465.8600001335,63.48,1960.47
Weekly,2023-06-09,North America,111051673609.2899932861,1762.02,1962.19
Weekly,2023-06-09,Europe,96090321158.1999969482,1524.64,1962.19
Weekly,2023-06-09,Asia,7859191463.25,118.76,1962.19
Weekly,2023-06-09,Other,3997592000.8800001144,63.42,1962.19
Weekly,2023-06-16,North America,110984693336.1100006104,1761.45,1955.04
Weekly,2023-06-16,Europe,95960214614.5299987793,1523,1955.04
Weekly,2023-06-16,Asia,7827236315.8999996185,118.63,1955.04
Weekly,2023-06-16,Other,3955925343.7600002289,62.77,1955.04
Weekly,2023-06-23,North America,108751686384.5599975586,1751.98,1931.6
Weekly,2023-06-23,Europe,93537486412.5800018311,1506.88,1931.6
Weekly,2023-06-23,Asia,7710583722.1800003052,118.63,1931.6
Weekly,2023-06-23,Other,3687621757.7800002098,59.44,1931.6
Weekly,2023-06-30,North America,107233425365.2100067139,1744.19,1912.41
Weekly,2023-06-30,Europe,92102789270.2700042725,1498.09,1912.41
Weekly,2023-06-30,Asia,7749445718.3599996567,120.22,1912.41
Weekly,2023-06-30,Other,3654791520.0799999237,59.47,1912.41
Weekly,2023-07-07,North America,107122440226.5,1733.28,1922.45
Weekly,2023-07-07,Europe,92565566716.3500061035,1497.74,1922.45
Weekly,2023-07-07,Asia,7740727967.5100002289,119.24,1922.45
Weekly,2023-07-07,Other,3673213241.5700001717,59.45,1922.45
Weekly,2023-07-14,North America,108749098928.1600036621,1731.31,1944.36
Weekly,2023-07-14,Europe,94171273084.0899963379,1499.23,1944.36
Weekly,2023-07-14,Asia,7887365248.4099998474,119.61,1944.36
Weekly,2023-07-14,Other,3721297568.0300002098,59.24,1944.36
Weekly,2023-07-21,North America,109440182279.6300048828,1736.18,1967.33
Weekly,2023-07-21,Europe,93977585437.1399993896,1490.89,1967.33
Weekly,2023-07-21,Asia,7937026879.2399997711,119.94,1967.33
Weekly,2023-07-21,Other,3675494715.6900000572,58.3,1967.33
Weekly,2023-07-28,North America,108599469121.1699981689,1728.42,1956.92
Weekly,2023-07-28,Europe,93096774707.5099945068,1481.71,1956.92
Weekly,2023-07-28,Asia,8012833515.3500003815,121.62,1956.92
Weekly,2023-07-28,Other,3653595308.0399999619,58.16,1956.92
Weekly,2023-08-04,North America,106994632721.4900054932,1713.26,1948.03
Weekly,2023-08-04,Europe,92387370702.2400054932,1479.35,1948.03
Weekly,2023-08-04,Asia,8023849635.5100002289,122.21,1948.03
Weekly,2023-08-04,Other,3618085170.5500001907,57.96,1948.03
Weekly,2023-08-11,North America,105068947904.1499938965,1705.83,1923.51
Weekly,2023-08-11,Europe,90838101616.4199981689,1474.78,1923.51
Weekly,2023-08-11,Asia,7999307277.5500001907,123.03,1923.51
Weekly,2023-08-11,Other,3546170753.4099998474,57.57,1923.51
Weekly,2023-08-18,North America,103163884176.8300018311,1694.46,1900.37
Weekly,2023-08-18,Europe,89631096954.2899932861,1472.17,1900.37
Weekly,2023-08-18,Asia,8052508637.3999996185,124.84,1900.37
Weekly,2023-08-18,Other,3520381664.5599999428,57.83,1900.37
Weekly,2023-08-25,North America,103563289905.1300048828,1681.65,1906.36
Weekly,2023-08-25,Europe,90594535318.2400054932,1471.05,1906.36
Weekly,2023-08-25,Asia,8258361200.0699996948,127.07,1906.36
Weekly,2023-08-25,Other,3578251298.3600001335,58.1,1906.36
Weekly,2023-09-01,North America,105091210176.4299926758,1684.42,1935.18
Weekly,2023-09-01,Europe,91718210175.1300048828,1470.08,1935.18
Weekly,2023-09-01,Asia,8491077522.8699998856,128.95,1935.18
Weekly,2023-09-01,Other,3621028716.1799998283,58.03,1935.18
Weekly,2023-09-08,North America,104038733025.8500061035,1678.63,1926.3
Weekly,2023-09-08,Europe,90461852048.3899993896,1459.53,1926.3
Weekly,2023-09-08,Asia,8508111848.75,129.97,1926.3
Weekly,2023-09-08,Other,3582748609.5900001526,57.81,1926.3
Weekly,2023-09-15,North America,103567871188.7200012207,1671.1,1915.35
Weekly,2023-09-15,Europe,90376000232.8999938965,1458.22,1915.35
Weekly,2023-09-15,Asia,8683202746.6200008392,132.2,1915.35
Weekly,2023-09-15,Other,3590436348.8000001907,57.96,1915.35
Weekly,2023-09-22,North America,103315567737.3699951172,1667.31,1928.82
Weekly,2023-09-22,Europe,90196531184.3399963379,1455.59,1928.82
Weekly,2023-09-22,Asia,8742073934.0300006866,132.72,1928.82
Weekly,2023-09-22,Other,3588472581.0100002289,57.91,1928.82
Weekly,2023-09-29,North America,99122389333.9199981689,1648.39,1892.65
Weekly,2023-09-29,Europe,86848566540.3000030518,1444.16,1892.65
Weekly,2023-09-29,Asia,8480593057.1999998093,133.74,1892.65
Weekly,2023-09-29,Other,3485036208.9899997711,57.95,1892.65
Weekly,2023-10-06,North America,95699382848.0399932861,1635.78,1822.7
Weekly,2023-10-06,Europe,83785948514.3800048828,1432.2,1822.7
Weekly,2023-10-06,Asia,8383555344.4499998093,134.06,1822.7
Weekly,2023-10-06,Other,3400027723.0199999809,58.11,1822.7
Weekly,2023-10-13,North America,99998122976.2899932861,1628.99,1871.39
Weekly,2023-10-13,Europe,87488725337.0200042725,1425.31,1871.39
Weekly,2023-10-13,Asia,8676502401.5799999237,135.47,1871.39
Weekly,2023-10-13,Other,3587582575.7300000191,58.5,1871.39
Weekly,2023-10-20,North America,103937579878.8099975586,1625.81,1948.8
Weekly,2023-10-20,Europe,89648445328.1799926758,1402.25,1948.8
Weekly,2023-10-20,Asia,9169330596.3199996948,137.01,1948.8
Weekly,2023-10-20,Other,3748857755.3600001335,58.65,1948.8
Weekly,2023-10-27,North America,103439701320.0599975586,1622.4,1975.57
Weekly,2023-10-27,Europe,91516584624.2700042725,1435.52,1975.57
Weekly,2023-10-27,Asia,9090178206.7800006866,135.36,1975.57
Weekly,2023-10-27,Other,3738991753.9499998093,58.64,1975.57
Weekly,2023-11-03,North America,104195759881.7100067139,1624.95,1991.78
Weekly,2023-11-03,Europe,91292167313.4499969482,1423.7,1991.78
Weekly,2023-11-03,Asia,9033834054.0900001526,133.92,1991.78
Weekly,2023-11-03,Other,3777128216.3099999428,58.92,1991.78
Weekly,2023-11-10,North America,101711549331.7700042725,1629.36,1960.75
Weekly,2023-11-10,Europe,88127871758.7400054932,1411.73,1960.75
Weekly,2023-11-10,Asia,8777279894.1599998474,132.17,1960.75
Weekly,2023-11-10,Other,3666847479.7399997711,58.71,1960.75
Weekly,2023-11-17,North America,104616785194.7100067139,1642.54,1963.91
Weekly,2023-11-17,Europe,89743924033.4100036621,1409.02,1963.91
Weekly,2023-11-17,Asia,8963583942.7399997711,133.42,1963.91
Weekly,2023-11-17,Other,3740021765.9299998283,58.69,1963.91
Weekly,2023-11-24,North America,105433874687.5200042725,1638.98,1993.31
Weekly,2023-11-24,Europe,90773812377.8300018311,1411.09,1993.31
Weekly,2023-11-24,Asia,9069466867.1499996185,134.54,1993.31
Weekly,2023-11-24,Other,3903497555.9000000954,60.69,1993.31
Weekly,2023-12-01,North America,107442715182.8800048828,1633.69,2033.43
Weekly,2023-12-01,Europe,93109788223.1999969482,1415.88,2033.43
Weekly,2023-12-01,Asia,9385552215.4400005341,135.83,2033.43
Weekly,2023-12-01,Other,3883187690.9099998474,59.05,2033.43
Weekly,2023-12-08,North America,105765019142.1100006104,1638.22,2026.76
Weekly,2023-12-08,Europe,90238143233.8699951172,1397.7,2026.76
Weekly,2023-12-08,Asia,9234941172.3899993896,134.91,2026.76
Weekly,2023-12-08,Other,3776587456.6700000763,58.44,2026.76
Weekly,2023-12-15,North America,107376232489.5899963379,1643.43,2005.68
Weekly,2023-12-15,Europe,91109841364.2299957275,1394.4,2005.68
Weekly,2023-12-15,Asia,9452022413.2099990845,137.24,2005.68
Weekly,2023-12-15,Other,3838212283.4400000572,58.71,2005.68
Weekly,2023-12-22,North America,108499388131.3600006104,1641.73,2039.63
Weekly,2023-12-22,Europe,91525103138.5800018311,1384.88,2039.63
Weekly,2023-12-22,Asia,9564845638.1700000763,138.09,2039.63
Weekly,2023-12-22,Other,3837745496.6399998665,58.07,2039.63
Weekly,2023-12-29,North America,108907559363.7299957275,1642.45,2064.28
Weekly,2023-12-29,Europe,92026007850.3200073242,1387.86,2064.28
Weekly,2023-12-29,Asia,9723148445.0499992371,139.26,2064.28
Weekly,2023-12-29,Other,3954340968.9200000763,59.64,2064.28
Weekly,2024-01-05,North America,107349155150,1623.79,2053.59
Weekly,2024-01-05,Europe,91479458709.9900054932,1383.68,2053.59
Weekly,2024-01-05,Asia,9620221735.4400005341,138.99,2053.59
Weekly,2024-01-05,Other,3912660617.5100002289,59.23,2053.59
Weekly,2024-01-12,North America,106906230591.7700042725,1617.62,2034.32
Weekly,2024-01-12,Europe,91060714144.4700012207,1377.81,2034.32
Weekly,2024-01-12,Asia,9568611533.1100006104,138.53,2034.32
Weekly,2024-01-12,Other,3909353809.0799999237,59.19,2034.32
Weekly,2024-01-19,North America,105272068173.4799957275,1614.12,2028.31
Weekly,2024-01-19,Europe,89663817388.3399963379,1374.8,2028.31
Weekly,2024-01-19,Asia,9682051850.8299999237,140.77,2028.31
Weekly,2024-01-19,Other,3869474549.9299998283,59.33,2028.31
Weekly,2024-01-26,North America,104544080987.1399993896,1610.98,2022.28
Weekly,2024-01-26,Europe,89014401878.0800018311,1371.68,2022.28
Weekly,2024-01-26,Asia,9754523300.5,141.88,2022.28
Weekly,2024-01-26,Other,3840911900.25,59.18,2022.28
Weekly,2024-02-02,North America,105040255575.8000030518,1606.12,2039.76
Weekly,2024-02-02,Europe,89554244056.3399963379,1369.34,2039.76
Weekly,2024-02-02,Asia,9927395514.4099998474,143.17,2039.76
Weekly,2024-02-02,Other,3867480852.8400001526,59.09,2039.76
Weekly,2024-02-09,North America,103629851208.3899993896,1592.9,2028.51
Weekly,2024-02-09,Europe,88861013404.2200012207,1365.89,2028.51
Weekly,2024-02-09,Asia,9864455034.5200004578,143.04,2028.51
Weekly,2024-02-09,Other,3838428759.6799998283,58.98,2028.51
Weekly,2024-02-16,North America,101869134230.8600006104,1585.82,1999.67
Weekly,2024-02-16,Europe,87466994632.5500030518,1361.69,1999.67
Weekly,2024-02-16,Asia,9786629339.7000007629,143.08,1999.67
Weekly,2024-02-16,Other,3786406380.4499998093,58.93,1999.67
Weekly,2024-02-23,North America,102713236913.4799957275,1575.69,2024.87
Weekly,2024-02-23,Europe,88511894395.4700012207,1357.88,2024.87
Weekly,2024-02-23,Asia,9864551471.8500003815,143.93,2024.87
Weekly,2024-02-23,Other,3838677500.6199998856,58.91,2024.87
Weekly,2024-03-01,North America,103460314139.8600006104,1569.7,2038.51
Weekly,2024-03-01,Europe,89336842738.1399993896,1355.59,2038.51
Weekly,2024-03-01,Asia,10127968102.8999996185,145.95,2038.51
Weekly,2024-03-01,Other,3880843385.5,58.89,2038.51
Weekly,2024-03-08,North America,108920974403.1999969482,1560.31,2139.99
Weekly,2024-03-08,Europe,94745317632.8699951172,1357.27,2139.99
Weekly,2024-03-08,Asia,10542263793.7999992371,144.77,2139.99
Weekly,2024-03-08,Other,4125457414.4099998474,59.11,2139.99
Weekly,2024-03-15,North America,109722972644.1399993896,1577.5,2166.87
Weekly,2024-03-15,Europe,93238639900.4900054932,1340.47,2166.87
Weekly,2024-03-15,Asia,10503171675.8999996185,144.16,2166.87
Weekly,2024-03-15,Other,4118113570.1300001144,59.19,2166.87
Weekly,2024-03-22,North America,110381698303.0700073242,1581.02,2162.52
Weekly,2024-03-22,Europe,93035083285.9700012207,1332.53,2162.52
Weekly,2024-03-22,Asia,10582374734.8400001526,144.81,2162.52
Weekly,2024-03-22,Other,4123685509.7300000191,59.08,2162.52
Weekly,2024-03-29,North America,112079561997.5700073242,1574.27,2195.58
Weekly,2024-03-29,Europe,94943375031.6100006104,1333.61,2195.58
Weekly,2024-03-29,Asia,11222579181.1800003052,149.55,2195.58
Weekly,2024-03-29,Other,4213218395.25,59.2,2195.58
Weekly,2024-04-05,North America,116168053847.1399993896,1571.83,2270.21
Weekly,2024-04-05,Europe,98106078801.5700073242,1327.55,2270.21
Weekly,2024-04-05,Asia,11864004345.6399993896,154.55,2270.21
Weekly,2024-04-05,Other,4372420825.8199996948,59.19,2270.21
Weekly,2024-04-12,North America,121279695785.1600036621,1571.07,2351.3
Weekly,2024-04-12,Europe,100966960320.9900054932,1307.69,2351.3
Weekly,2024-04-12,Asia,13425888224.8899993896,166.92,2351.3
Weekly,2024-04-12,Other,4547746300.7399997711,58.91,2351.3
Weekly,2024-04-19,North America,120562611984.1999969482,1575.75,2373.22
Weekly,2024-04-19,Europe,99302400299.0599975586,1297.92,2373.22
Weekly,2024-04-19,Asia,13947426285.2900009155,173.7,2373.22
Weekly,2024-04-19,Other,4480719749.9399995804,58.56,2373.22
Weekly,2024-04-26,North America,118542794369.2799987793,1573.61,2329.09
Weekly,2024-04-26,Europe,96649038440.7799987793,1282.97,2329.09
Weekly,2024-04-26,Asia,13290869807.9799995422,168.95,2329.09
Weekly,2024-04-26,Other,4397295492.5200004578,58.36,2329.09
Weekly,2024-05-03,North America,115862503223.5099945068,1570.59,2305.24
Weekly,2024-05-03,Europe,94511824834.6600036621,1281.2,2305.24
Weekly,2024-05-03,Asia,13165023057.3299999237,169.06,2305.24
Weekly,2024-05-03,Other,4303640420.7399997711,58.33,2305.24
Weekly,2024-05-10,North America,119765253926.1199951172,1570.2,2324.25
Weekly,2024-05-10,Europe,97308070424.1499938965,1275.74,2324.25
Weekly,2024-05-10,Asia,13413273878.6100006104,168.84,2324.25
Weekly,2024-05-10,Other,4433547731.4200000763,58.13,2324.25
Weekly,2024-05-17,North America,122088228871.9199981689,1580.45,2367.23
Weekly,2024-05-17,Europe,98876894264.8699951172,1280.04,2367.23
Weekly,2024-05-17,Asia,13591879656.7999992371,169.65,2367.23
Weekly,2024-05-17,Other,4481210154.6599998474,58.06,2367.23
Weekly,2024-05-24,North America,118484722151.2100067139,1573.14,2391.11
Weekly,2024-05-24,Europe,96117968630.3399963379,1276.14,2391.11
Weekly,2024-05-24,Asia,13342333169.2900009155,169.64,2391.11
Weekly,2024-05-24,Other,4375705245.6099996567,58.1,2391.11
Weekly,2024-05-31,North America,118756544081.7599945068,1573.09,2346.7
Weekly,2024-05-31,Europe,97161436662.2899932861,1286.94,2346.7
Weekly,2024-05-31,Asia,13735953665.1900005341,174.29,2346.7
Weekly,2024-05-31,Other,4372539642.720000267,57.93,2346.7
Weekly,2024-06-07,North America,117186092619.7299957275,1577.45,2335.03
Weekly,2024-06-07,Europe,95915819849.25,1291.03,2335.03
Weekly,2024-06-07,Asia,14035065292.0400009155,177.35,2335.03
Weekly,2024-06-07,Other,4329049399.3199996948,58.21,2335.03
Weekly,2024-06-14,North America,117295629915.8399963379,1565.48,2317.68
Weekly,2024-06-14,Europe,97264501424.0500030518,1298.15,2317.68
Weekly,2024-06-14,Asia,13846113931,177.81,2317.68
Weekly,2024-06-14,Other,4368233501.9899997711,58.33,2317.68
Weekly,2024-06-21,North America,117725183342.8699951172,1568.2,2331.03
Weekly,2024-06-21,Europe,97379833541.6699981689,1297.12,2331.03
Weekly,2024-06-21,Asia,14080578656.0300006866,178.17,2331.03
Weekly,2024-06-21,Other,4378396525.4399995804,58.26,2331.03
Weekly,2024-06-28,North America,117269511124.0899963379,1564.87,2321.59
Weekly,2024-06-28,Europe,97786513048.0399932861,1304.86,2321.59
Weekly,2024-06-28,Asia,14192263460.1700000763,181.66,2321.59
Weekly,2024-06-28,Other,4389578897.2100000381,58.58,2321.59
Weekly,2024-07-05,North America,120121729689.0700073242,1570.41,2351.98
Weekly,2024-07-05,Europe,100236704537.8899993896,1310.49,2351.98
Weekly,2024-07-05,Asia,14305226543.3999996185,180.64,2351.98
Weekly,2024-07-05,Other,4496448221.8599996567,58.82,2351.98
Weekly,2024-07-12,North America,121703372219.8999938965,1572.73,2388.99
Weekly,2024-07-12,Europe,101935664032.9799957275,1317.3,2388.99
Weekly,2024-07-12,Asia,14368322227.9500007629,179.08,2388.99
Weekly,2024-07-12,Other,4551518333.7899999619,58.82,2388.99
Weekly,2024-07-19,North America,122085621062.6999969482,1579.93,2442.4
Weekly,2024-07-19,Europe,102052409925.1300048828,1320.65,2442.4
Weekly,2024-07-19,Asia,14398282217.0599994659,179.74,2442.4
Weekly,2024-07-19,Other,4544885922.6000003815,58.79,2442.4
Weekly,2024-07-26,North America,121610595895.2400054932,1585.23,2393.51
Weekly,2024-07-26,Europe,101369946870.6100006104,1321.39,2393.51
Weekly,2024-07-26,Asia,14206051136.5799999237,182.88,2393.51
Weekly,2024-07-26,Other,4554141878.0900001526,59.39,2393.51
Weekly,2024-08-02,North America,126226429490.1300048828,1589.77,2426.41
Weekly,2024-08-02,Europe,105245854145.4199981689,1325.39,2426.41
Weekly,2024-08-02,Asia,15135850676.5599994659,187.16,2426.41
Weekly,2024-08-02,Other,4715141458.5600004196,59.4,2426.41
Weekly,2024-08-09,North America,123434313779.1300048828,1581.65,2405.93
Weekly,2024-08-09,Europe,103311488824.9600067139,1323.81,2405.93
Weekly,2024-08-09,Asia,15036703887.7999992371,189.62,2405.93
Weekly,2024-08-09,Other,4736037641.7299995422,60.69,2405.93
Weekly,2024-08-16,North America,127008560972.8000030518,1589.07,2462.31
Weekly,2024-08-16,Europe,105911370050.8600006104,1325.21,2462.31
Weekly,2024-08-16,Asia,15115845917.1399993896,187.97,2462.31
Weekly,2024-08-16,Other,4980533380.5600004196,62.37,2462.31
Weekly,2024-08-23,North America,128864336140.5500030518,1596.1,2503.29
Weekly,2024-08-23,Europe,107353770249.5,1329.67,2503.29
Weekly,2024-08-23,Asia,15034610502.3199996948,184.32,2503.29
Weekly,2024-08-23,Other,5056406298.1700000763,62.65,2503.29
Weekly,2024-08-30,North America,129909957743.7599945068,1607.73,2511.29
Weekly,2024-08-30,Europe,107430116628.1000061035,1329.48,2511.29
Weekly,2024-08-30,Asia,15350554497.5400009155,187.18,2511.29
Weekly,2024-08-30,Other,5066617483.0699996948,62.68,2511.29
Weekly,2024-09-06,North America,129600283043.1199951172,1608.5,2496.41
Weekly,2024-09-06,Europe,106993418679.1999969482,1327.88,2496.41
Weekly,2024-09-06,Asia,15360591930.3600006104,187.19,2496.41
Weekly,2024-09-06,Other,5079413940.9799995422,63.01,2496.41
Weekly,2024-09-13,North America,133943949911.8500061035,1617.81,2526.96
Weekly,2024-09-13,Europe,110072539253.6300048828,1329.52,2526.96
Weekly,2024-09-13,Asia,15664477857.8600006104,187.54,2526.96
Weekly,2024-09-13,Other,5249949502.279999733,63.42,2526.96
Weekly,2024-09-20,North America,136226716177.8899993896,1625.92,2581.97
Weekly,2024-09-20,Europe,111023336403.8399963379,1325.18,2581.97
Weekly,2024-09-20,Asia,15745038448.7800006866,185.94,2581.97
Weekly,2024-09-20,Other,5396103648.0500001907,64.41,2581.97
Weekly,2024-09-27,North America,138997544823.8699951172,1624.23,2650.59
Weekly,2024-09-27,Europe,113656651171.1799926758,1328.07,2650.59
Weekly,2024-09-27,Asia,16436286078.7199993134,188.7,2650.59
Weekly,2024-09-27,Other,5516497894.7399997711,64.46,2650.59
Weekly,2024-10-04,North America,139189734441.4899902344,1633.65,2651.23
Weekly,2024-10-04,Europe,112408969284.9400024414,1319.34,2651.23
Weekly,2024-10-04,Asia,16323546417.2600002289,189.44,2651.23
Weekly,2024-10-04,Other,5497800032.6999998093,64.51,2651.23
Weekly,2024-10-11,North America,139309577573.25,1635.8,2633.86
Weekly,2024-10-11,Europe,111958297498.3600006104,1314.67,2633.86
Weekly,2024-10-11,Asia,15968124489.0699996948,185.48,2633.86
Weekly,2024-10-11,Other,5526040408.6599998474,64.91,2633.86
Weekly,2024-10-18,North America,143814719144.9100036621,1649.05,2676.11
Weekly,2024-10-18,Europe,115067839807.5700073242,1319.45,2676.11
Weekly,2024-10-18,Asia,16909365887.2900009155,191.41,2676.11
Weekly,2024-10-18,Other,5659247549.1700000763,64.89,2676.11
Weekly,2024-10-25,North America,145212845218.8399963379,1653.51,2734.57
Weekly,2024-10-25,Europe,115693290142.75,1317.42,2734.57
Weekly,2024-10-25,Asia,18256733776.9300003052,205.87,2734.57
Weekly,2024-10-25,Other,5690889566.1000003815,64.83,2734.57
Weekly,2024-11-01,North America,145791961738.2300109863,1652.43,2753.44
Weekly,2024-11-01,Europe,116014135840.8699951172,1314.89,2753.44
Weekly,2024-11-01,Asia,19260987841.0499992371,214.7,2753.44
Weekly,2024-11-01,Other,5724583775.3800001144,64.88,2753.44
Weekly,2024-11-08,North America,142105256913.2200012207,1642.44,2705.7
Weekly,2024-11-08,Europe,113670884085.5599975586,1313.77,2705.7
Weekly,2024-11-08,Asia,18817851261.3400001526,216.06,2705.7
Weekly,2024-11-08,Other,5600965952.5799999237,64.75,2705.7
Weekly,2024-11-15,North America,135867584064.9600067139,1643.24,2593.89
Weekly,2024-11-15,Europe,107126719987.5899963379,1295.6,2593.89
Weekly,2024-11-15,Asia,17571467538.8600006104,210.45,2593.89
Weekly,2024-11-15,Other,5311979305.25,64.25,2593.89
Weekly,2024-11-22,North America,143315189014.9599914551,1654,2646.17
Weekly,2024-11-22,Europe,111624149519.5399932861,1288.3,2646.17
Weekly,2024-11-22,Asia,18464201560.0999984741,210.5,2646.17
Weekly,2024-11-22,Other,5563451876.220000267,64.19,2646.17
Weekly,2024-11-29,North America,141085004596.0799865723,1655.23,2638.25
Weekly,2024-11-29,Europe,109967174484.7599945068,1290.19,2638.25
Weekly,2024-11-29,Asia,18363253104.4199981689,212.11,2638.25
Weekly,2024-11-29,Other,5489551633.6700000763,64.38,2638.25
Weekly,2024-12-06,North America,139901265127.6099853516,1649.98,2641.78
Weekly,2024-12-06,Europe,109210330889.1000061035,1287.99,2641.78
Weekly,2024-12-06,Asia,18181400038.8600006104,211.55,2641.78
Weekly,2024-12-06,Other,5438015504.1800003052,64.14,2641.78
Weekly,2024-12-13,North America,140667814986.4200134277,1645.48,2682.07
Weekly,2024-12-13,Europe,110279584361.2299957275,1289.96,2682.07
Weekly,2024-12-13,Asia,18459025311.9799995422,212.1,2682.07
Weekly,2024-12-13,Other,5509131292.8299999237,64.43,2682.07
Weekly,2024-12-20,North America,139296119414.6600036621,1655.87,2627.02
Weekly,2024-12-20,Europe,108810509550.5299987793,1293.5,2627.02
Weekly,2024-12-20,Asia,18413982936.75,216.13,2627.02
Weekly,2024-12-20,Other,5423542265.0600004196,64.49,2627.02
Weekly,2024-12-27,North America,138869257348.3900146484,1651.15,2614.2
Weekly,2024-12-27,Europe,108802724115.8000030518,1293.66,2614.2
Weekly,2024-12-27,Asia,18896639493.9199981689,220.06,2614.2
Weekly,2024-12-27,Other,5428188821.9899997711,64.52,2614.2
Weekly,2025-01-03,North America,140388131756.4800109863,1649.8,2624.78
Weekly,2025-01-03,Europe,109824748535.8999938965,1290.59,2624.78
Weekly,2025-01-03,Asia,19172801029.8300018311,221.53,2624.78
Weekly,2025-01-03,Other,5475059560.1400003433,64.33,2624.78
Weekly,2025-01-10,North America,143150379065.5599975586,1656.75,2661.18
Weekly,2025-01-10,Europe,111784961618.5500030518,1293.75,2661.18
Weekly,2025-01-10,Asia,19046537368.2999992371,217.71,2661.18
Weekly,2025-01-10,Other,5526572561.9399995804,63.98,2661.18
Weekly,2025-01-17,North America,144929544580.8999938965,1660.29,2689.18
Weekly,2025-01-17,Europe,114299136552.6199951172,1309.33,2689.18
Weekly,2025-01-17,Asia,19074897210.6500015259,216.3,2689.18
Weekly,2025-01-17,Other,5693378527.4799995422,65.25,2689.18
Weekly,2025-01-24,North America,146356747395.0700073242,1639.4,2743.67
Weekly,2025-01-24,Europe,117951069175.3600006104,1321.19,2743.67
Weekly,2025-01-24,Asia,19639064438.7900009155,217.8,2743.67
Weekly,2025-01-24,Other,5797668431.1300001144,64.96,2743.67
Weekly,2025-01-31,North America,148684019046.2799987793,1644.62,2769.98
Weekly,2025-01-31,Europe,120201153869.8300018311,1329.52,2769.98
Weekly,2025-01-31,Asia,20165542343.2200012207,222.3,2769.98
Weekly,2025-01-31,Other,5903415155.9499998093,65.34,2769.98
Weekly,2025-02-07,North America,152492125527.5700073242,1650.02,2850.88
Weekly,2025-02-07,Europe,123287247357.3699951172,1333.96,2850.88
Weekly,2025-02-07,Asia,20977605408.3400001526,225.33,2850.88
Weekly,2025-02-07,Other,6093682851.2600002289,65.96,2850.88
Weekly,2025-02-14,North America,154958952410.1099853516,1650.08,2905.58
Weekly,2025-02-14,Europe,125129258082.8899993896,1332.29,2905.58
Weekly,2025-02-14,Asia,22629615661.2200012207,235.97,2905.58
Weekly,2025-02-14,Other,6206462248.6499996185,66.07,2905.58
Weekly,2025-02-21,North America,160264797289.4400024414,1698.89,2926.14
Weekly,2025-02-21,Europe,125345559606.7200012207,1328.73,2926.14
Weekly,2025-02-21,Asia,23231734349.6199989319,242.78,2926.14
Weekly,2025-02-21,Other,6263373084.9600000381,66.4,2926.14
Weekly,2025-02-28,North America,156471273521.6799926758,1716.85,2896.3
Weekly,2025-02-28,Europe,121362159727.2200012207,1331.71,2896.3
Weekly,2025-02-28,Asia,23212530754.2999992371,248.52,2896.3
Weekly,2025-02-28,Other,6076130446.7700004578,66.61,2896.3
Weekly,2025-03-07,North America,161990588510.1099853516,1719.05,2910.64
Weekly,2025-03-07,Europe,126044156908.1799926758,1337.5,2910.64
Weekly,2025-03-07,Asia,23620771671.5699996948,248.51,2910.64
Weekly,2025-03-07,Other,6298245232.4499998093,66.87,2910.64
Weekly,2025-03-14,North America,166824173783.8900146484,1742.32,2940.8
Weekly,2025-03-14,Europe,128778005289.5800018311,1344.99,2940.8
Weekly,2025-03-14,Asia,24296595889.5099983215,251,2940.8
Weekly,2025-03-14,Other,6432072443.4799995422,67.13,2940.8
Weekly,2025-03-21,North America,171843852222.2099914551,1773.52,3020.34
Weekly,2025-03-21,Europe,130256346924.8500061035,1344.34,3020.34
Weekly,2025-03-21,Asia,24870620180.5299987793,251.93,3020.34
Weekly,2025-03-21,Other,6534541251.2899999619,67.4,3020.34
Weekly,2025-03-28,North America,175719113032.7799987793,1779.31,3034.87
Weekly,2025-03-28,Europe,132768236391.6699981689,1344.43,3034.87
Weekly,2025-03-28,Asia,25784825783.5699996948,256.64,3034.87
Weekly,2025-03-28,Other,6668372432.5399999619,67.52,3034.87
Weekly,2025-04-04,North America,175419942276.2900085449,1786.36,3108.23
Weekly,2025-04-04,Europe,132328244420.6100006104,1347.48,3108.23
Weekly,2025-04-04,Asia,27449092510.7999992371,269.49,3108.23
Weekly,2025-04-04,Other,6666940961.3400001526,67.83,3108.23
Weekly,2025-04-11,North America,188318445098.0700073242,1813.14,3095.86
Weekly,2025-04-11,Europe,140334439320.3699951172,1351.15,3095.86
Weekly,2025-04-11,Asia,30350048152.1699981689,289.75,3095.86
Weekly,2025-04-11,Other,7152352539.2299995422,68.89,3095.86
Weekly,2025-04-18,North America,193513743098.5100097656,1820.74,3271.6
Weekly,2025-04-18,Europe,144565982665.0899963379,1360.25,3271.6
Weekly,2025-04-18,Asia,33151866588.8100013733,305.59,3271.6
Weekly,2025-04-18,Other,7388673770.6800003052,69.48,3271.6
Weekly,2025-04-25,North America,191903386775.2300109863,1821.14,3318.84
Weekly,2025-04-25,Europe,142385133760.7600097656,1351.32,3318.84
Weekly,2025-04-25,Asia,35602631264.6500015259,328.96,3318.84
Weekly,2025-04-25,Other,7389382942.8800001144,70.08,3318.84
Weekly,2025-05-02,North America,191088052836.1300048828,1829.02,3273.57
Weekly,2025-05-02,Europe,140412369205.4200134277,1343.91,3273.57
Weekly,2025-05-02,Asia,35364998030.7600021362,328.81,3273.57
Weekly,2025-05-02,Other,7322038914.4600000381,70.06,3273.57
Weekly,2025-05-09,North America,195173042204.1799926758,1825.96,3342.05
Weekly,2025-05-09,Europe,143243390892.450012207,1340.14,3342.05
Weekly,2025-05-09,Asia,36118125403.9300003052,331.37,3342.05
Weekly,2025-05-09,Other,7480244165.1099996567,69.98,3342.05
Weekly,2025-05-16,North America,184839824173.8399963379,1806.19,3205.86
Weekly,2025-05-16,Europe,136619146104.2100067139,1335.03,3205.86
Weekly,2025-05-16,Asia,34043885809.3400001526,326.16,3205.86
Weekly,2025-05-16,Other,7152933666.9899997711,69.84,3205.86
Weekly,2025-05-23,North America,193925967911.200012207,1804.4,3283.6
Weekly,2025-05-23,Europe,144199022110.8900146484,1341.78,3283.6
Weekly,2025-05-23,Asia,35294543145.3099975586,324.36,3283.6
Weekly,2025-05-23,Other,7515533731.2399997711,69.95,3283.6
Weekly,2025-05-30,North America,191046979053.5700073242,1812.93,3306.03
Weekly,2025-05-30,Europe,141886676279.1900024414,1346.48,3306.03
Weekly,2025-05-30,Asia,34844251795.1399993896,324.06,3306.03
Weekly,2025-05-30,Other,7353452683.8199996948,69.74,3306.03
Weekly,2025-06-06,North America,195338407668.1700134277,1819.26,3356.94
Weekly,2025-06-06,Europe,144939409225.4899902344,1349.78,3356.94
Weekly,2025-06-06,Asia,35192735763.8199996948,322.45,3356.94
Weekly,2025-06-06,Other,7564177785.9099998474,70.42,3356.94
Weekly,2025-06-13,North America,202290748209.8200073242,1831.54,3362.69
Weekly,2025-06-13,Europe,149812326797.5199890137,1356.39,3362.69
Weekly,2025-06-13,Asia,36086367106.6200027466,324.77,3362.69
Weekly,2025-06-13,Other,7836507853.5900001526,70.98,3362.69
Weekly,2025-06-20,North America,200017207508.3500061035,1847.04,3382.94
Weekly,2025-06-20,Europe,147110256631.5100097656,1358.46,3382.94
Weekly,2025-06-20,Asia,35302904247.9199981689,323.25,3382.94
Weekly,2025-06-20,Other,7690727471.2100000381,71.05,3382.94
Weekly,2025-06-27,North America,195735507054.2300109863,1860.8,3318.35
Weekly,2025-06-27,Europe,143839372278.6900024414,1367.43,3318.35
Weekly,2025-06-27,Asia,35050534107.7099990845,326.59,3318.35
Weekly,2025-06-27,Other,7498252724.3900003433,71.25,3318.35
Weekly,2025-07-04,North America,198516989448.049987793,1853.16,3327.24
Weekly,2025-07-04,Europe,147179234002.4200134277,1373.93,3327.24
Weekly,2025-07-04,Asia,36072158563.7200012207,331.7,3327.24
Weekly,2025-07-04,Other,7628747013.470000267,71.21,3327.24
Weekly,2025-07-11,North America,199770137840.3699951172,1853.61,3318.99
Weekly,2025-07-11,Europe,147977037368.4100036621,1373.05,3318.99
Weekly,2025-07-11,Asia,36180475997.7399978638,333.44,3318.99
Weekly,2025-07-11,Other,7672460578.6300001144,71.22,3318.99
Weekly,2025-07-18,North America,200077736950.3299865723,1854.86,3338.73
Weekly,2025-07-18,Europe,148789071178.8900146484,1379.35,3338.73
Weekly,2025-07-18,Asia,36257991629.5,332.8,3338.73
Weekly,2025-07-18,Other,7662923395.0100002289,71.05,3338.73
Weekly,2025-07-25,North America,201189500819.8500061035,1871.63,3383.79
Weekly,2025-07-25,Europe,148625279630.5599975586,1382.61,3383.79
Weekly,2025-07-25,Asia,35558951433.8499984741,326.15,3383.79
Weekly,2025-07-25,Other,7639440884.970000267,71.06,3383.79
Weekly,2025-08-01,North America,201057054259.2699890137,1868.44,3314.35
Weekly,2025-08-01,Europe,148422793224.3800048828,1379.35,3314.35
Weekly,2025-08-01,Asia,35809511678.6800003052,331.38,3314.35
Weekly,2025-08-01,Other,7524984628.5399999619,70.03,3314.35
Weekly,2025-08-08,North America,205927694413.1199951172,1887.07,3381.05
Weekly,2025-08-08,Europe,150391801138.3800048828,1378.17,3381.05
Weekly,2025-08-08,Asia,36263166809.9899978638,328.63,3381.05
Weekly,2025-08-08,Other,7657930077.8500003815,70.17,3381.05
Weekly,2025-08-15,North America,202883060742.0700073242,1891.86,3348.69
Weekly,2025-08-15,Europe,148678442660.1199951172,1386.42,3348.69
Weekly,2025-08-15,Asia,35515388521.3000030518,326.01,3348.69
Weekly,2025-08-15,Other,7479379622.529999733,69.73,3348.69
Weekly,2025-08-22,North America,201768392824.9800109863,1882,3336.81
Weekly,2025-08-22,Europe,149177086694.9800109863,1391.6,3336.81
Weekly,2025-08-22,Asia,35538022932.2300033569,326.1,3336.81
Weekly,2025-08-22,Other,7441689936.2299995422,69.41,3336.81
Weekly,2025-08-29,North America,210235875378.6000061035,1906.79,3382.9
Weekly,2025-08-29,Europe,154562552719.0199890137,1401.93,3382.9
Weekly,2025-08-29,Asia,36184771557.6800003052,325.98,3382.9
Weekly,2025-08-29,Other,7697355328.220000267,69.85,3382.9
Weekly,2025-09-05,North America,223340146407.5299987793,1932.55,3532.39
Weekly,2025-09-05,Europe,163553691233.3500061035,1415.22,3532.39
Weekly,2025-09-05,Asia,37461692980.0400009155,324.25,3532.39
Weekly,2025-09-05,Other,8043164998.1800003052,69.68,3532.39
Weekly,2025-09-12,North America,227182830501.0599975586,1935.39,3642.72
Weekly,2025-09-12,Europe,167047013880.0100097656,1423.06,3642.72
Weekly,2025-09-12,Asia,38847473330.5599975586,328.31,3642.72
Weekly,2025-09-12,Other,8262696271.9300003052,70.4,3642.72
Weekly,2025-09-19,North America,231505899913.5899963379,1965.6,3668.18
Weekly,2025-09-19,Europe,168244125862.9299926758,1428.55,3668.18
Weekly,2025-09-19,Asia,38833812050.0699996948,328.6,3668.18
Weekly,2025-09-19,Other,8326218312.1400003433,70.7,3668.18
Weekly,2025-09-26,North America,240342938973.8500061035,1982.99,3753.14
Weekly,2025-09-26,Europe,173777496312.3399963379,1433.77,3753.14
Weekly,2025-09-26,Asia,40590456339.1299972534,334.01,3753.14
Weekly,2025-09-26,Other,8589520021.4200000763,70.91,3753.14
Weekly,2025-10-03,North America,250365225115.5400085449,2004.07,3857.59
Weekly,2025-10-03,Europe,180426821572,1444.24,3857.59
Weekly,2025-10-03,Asia,43294871790.6699981689,346.66,3857.59
Weekly,2025-10-03,Other,8935652000.1000003815,71.57,3857.59
Weekly,2025-10-10,North America,257330221946.7399902344,2013.62,3992.45
Weekly,2025-10-10,Europe,184738199810.200012207,1445.72,3992.45
Weekly,2025-10-10,Asia,45391382515.5400009155,352.41,3992.45
Weekly,2025-10-10,Other,9071633466,70.93,3992.45
Weekly,2025-10-17,North America,278908040154.3300170898,2053.38,4182.71
Weekly,2025-10-17,Europe,196416708626.9100036621,1446.06,4182.71
Weekly,2025-10-17,Asia,53409444879.6100006104,375.64,4182.71
Weekly,2025-10-17,Other,9729550945.2900009155,71.45,4182.71
Weekly,2025-10-24,North America,270715173938.3999938965,2051.5,4156.42
Weekly,2025-10-24,Europe,187086354102.0299987793,1417.76,4156.42
Weekly,2025-10-24,Asia,52646250853.0599975586,391.93,4156.42
Weekly,2025-10-24,Other,9440380466.1399993896,71.6,4156.42
Weekly,2025-10-31,North America,263532613807.0400085449,2043.37,3986.33
Weekly,2025-10-31,Europe,180925350344.3500061035,1402.82,3986.33
Weekly,2025-10-31,Asia,51489273317.5199966431,393.39,3986.33
Weekly,2025-10-31,Other,9237892911.1800003052,71.63,3986.33
Weekly,2025-11-07,North America,262295045889.6400146484,2042.54,3985.03
Weekly,2025-11-07,Europe,180369089555.2399902344,1404.6,3985.03
Weekly,2025-11-07,Asia,51680792663.4899978638,396.26,3985.03
Weekly,2025-11-07,Other,9168134989.4500007629,71.37,3985.03
Weekly,2025-11-14,North America,268075847833.25,2048.05,4123.41
Weekly,2025-11-14,Europe,184213346449.4700012207,1407.4,4123.41
Weekly,2025-11-14,Asia,54775440272.8199996948,404.9,4123.41
Weekly,2025-11-14,Other,9369181861.8600006104,71.42,4123.41
Weekly,2025-11-21,North America,267721138469.2300109863,2044.56,4084.75
Weekly,2025-11-21,Europe,184103751952.7200012207,1405.96,4084.75
Weekly,2025-11-21,Asia,54374639831.1800003052,412.75,4084.75
Weekly,2025-11-21,Other,9348041412.1299991608,71.46,4084.75
Weekly,2025-11-28,North America,276336662128.0800170898,2050.7,4138.62
Weekly,2025-11-28,Europe,190086565555.8299865723,1410.71,4138.62
Weekly,2025-11-28,Asia,57062910361.1399993896,419.99,4138.62
Weekly,2025-11-28,Other,9599965770.7900009155,71.28,4138.62
Weekly,2025-12-05,North America,280923220946.8400268555,2059.49,4221.5
Weekly,2025-12-05,Europe,192689349831.6900024414,1412.52,4221.5
Weekly,2025-12-05,Asia,57711296659.6600036621,421.14,4221.5
Weekly,2025-12-05,Other,9741626505.8400001526,71.46,4221.5
Weekly,2025-12-12,North America,289370981126.1799926758,2070.72,4232.74
Weekly,2025-12-12,Europe,198602697596.7099914551,1421.05,4232.74
Weekly,2025-12-12,Asia,58731336727.6200027466,422.55,4232.74
Weekly,2025-12-12,Other,10027562202.2399997711,71.82,4232.74
Weekly,2025-12-19,North America,290068231352.7199707031,2079.98,4330.62
Weekly,2025-12-19,Europe,197295542678.8599853516,1414.74,4330.62
Weekly,2025-12-19,Asia,59448383337.6800003052,423.4,4330.62
Weekly,2025-12-19,Other,10029858310.7600002289,71.94,4330.62
Weekly,2025-12-26,North America,302027441804.1400146484,2096.33,4462.69
Weekly,2025-12-26,Europe,204164146867.3200073242,1417.21,4462.69
Weekly,2025-12-26,Asia,62503938051.2200012207,427.79,4462.69
Weekly,2025-12-26,Other,10361755995.4899997711,71.9,4462.69
Weekly,2026-01-02,North America,292427988827.1099853516,2089.6,4334.74
Weekly,2026-01-02,Europe,199139158993.549987793,1422.92,4334.74
Weekly,2026-01-02,Asia,62266583580.75,438.73,4334.74
Weekly,2026-01-02,Other,10227114705.9200000763,73.04,4334.74
Weekly,2026-01-09,North America,302148061525.9799804688,2091.21,4461.59
Weekly,2026-01-09,Europe,205919421689.9100036621,1425.24,4461.59
Weekly,2026-01-09,Asia,64739356821.5400009155,444.07,4461.59
Weekly,2026-01-09,Other,10578424576.0499992371,73.24,4461.59
Weekly,2026-01-16,North America,314041799214.6300048828,2118.45,4612.88
Weekly,2026-01-16,Europe,212122255790.8299865723,1430.85,4612.88
Weekly,2026-01-16,Asia,67207039440.8799972534,446.78,4612.88
Weekly,2026-01-16,Other,10892108557.6100006104,73.49,4612.88
Weekly,2026-01-23,North America,338427902913.0599975586,2128,4811.89
Weekly,2026-01-23,Europe,229226652329.4899902344,1441.44,4811.89
Weekly,2026-01-23,Asia,74869159297.0899963379,461.11,4811.89
Weekly,2026-01-23,Other,11779405958.5599994659,74.08,4811.89
Weekly,2026-01-30,North America,342447601317.7100219727,2138.56,5169.77
Weekly,2026-01-30,Europe,229945032151.25,1435.63,5169.77
Weekly,2026-01-30,Asia,85100052726.4499969482,500.61,5169.77
Weekly,2026-01-30,Other,12031835302.2099990845,75.07,5169.77
Weekly,2026-02-06,North America,339292288607.8400268555,2132.8,4883.21
Weekly,2026-02-06,Europe,225002030606.0299987793,1414.38,4883.21
Weekly,2026-02-06,Asia,79514270542.6900024414,496.78,4883.21
Weekly,2026-02-06,Other,11987027666.1700000763,75.46,4883.21
Weekly,2026-02-13,North America,343155386066.8900146484,2136.69,5037.38
Weekly,2026-02-13,Europe,228302077024.3500061035,1421.63,5037.38
Weekly,2026-02-13,Asia,81815001672.8200073242,502.77,5037.38
Weekly,2026-02-13,Other,12099383543.2299995422,75.36,5037.38
Weekly,2026-02-20,North America,347671025111.9000244141,2139.83,4978.97
Weekly,2026-02-20,Europe,230900414950.75,1421.24,4978.97
Weekly,2026-02-20,Asia,82199617428.0899963379,502.72,4978.97
Weekly,2026-02-20,Other,12209200735.6800003052,75.16,4978.97
Weekly,2026-02-27,North America,363768662840.1099853516,2166.42,5178.57
Weekly,2026-02-27,Europe,238857991741.8999938965,1422.61,5178.57
Weekly,2026-02-27,Asia,86425238927.3800048828,511.73,5178.57
Weekly,2026-02-27,Other,12643548816.9200000763,75.35,5178.57
Weekly,2026-03-06,North America,351583810485.1900024414,2132.6,5145.54
Weekly,2026-03-06,Europe,235088756404.4400024414,1426.04,5145.54
Weekly,2026-03-06,Asia,87192796918.6000061035,522.05,5145.54
Weekly,2026-03-06,Other,12451459910.1900005341,75.57,5145.54
Weekly,2026-03-13,North America,344147818522.6199951172,2122.01,5130.63
Weekly,2026-03-13,Europe,231221338829.9899902344,1425.64,5130.63
Weekly,2026-03-13,Asia,87458558217.6000061035,527,5130.63
Weekly,2026-03-13,Other,12241724078.7600002289,75.44,5130.63
Weekly,2026-03-20,North America,307363096524.1699829102,2095.58,4808.9
Weekly,2026-03-20,Europe,208542418689.1400146484,1421.66,4808.9
Weekly,2026-03-20,Asia,80882102747.7299957275,528.25,4808.9
Weekly,2026-03-20,Other,11101871790.9300003052,75.59,4808.9
Weekly,2026-03-27,North America,301809713584.3699951172,2084.1,4480.99
Weekly,2026-03-27,Europe,204476380396.75,1412.01,4480.99
Weekly,2026-03-27,Asia,75091192211.7700042725,515.88,4480.99
Weekly,2026-03-27,Other,10785512207.1800003052,74.58,4480.99
Weekly,2026-04-03,North America,311283538284.9600219727,2086.79,4631.04
Weekly,2026-04-03,Europe,212103210006.0299987793,1422,4631.04
Weekly,2026-04-03,Asia,80102925754.9400024414,525.97,4631.04
Weekly,2026-04-03,Other,11211987932.8299999237,75.16,4631.04
Weekly,2026-04-10,North America,321126640629.7100219727,2092.37,4715.99
Weekly,2026-04-10,Europe,219468129665.2699890137,1429.95,4715.99
Weekly,2026-04-10,Asia,81965651112.0599975586,527.54,4715.99
Weekly,2026-04-10,Other,11560658743.2099990845,75.37,4715.99
Weekly,2026-04-17,North America,329802816404.7100219727,2106.22,4800.95
Weekly,2026-04-17,Europe,225141687970.1199951172,1437.78,4800.95
Weekly,2026-04-17,Asia,82862114725.8000030518,527.53,4800.95
Weekly,2026-04-17,Other,11827071064.2800006866,75.65,4800.95
Weekly,2026-04-24,North America,316930095429.4299926758,2092.16,4752.64
Weekly,2026-04-24,Europe,218252369662.1700134277,1440.77,4752.64
Weekly,2026-04-24,Asia,81681270490.5800018311,532.73,4752.64
Weekly,2026-04-24,Other,11491384496.8400001526,75.9,4752.64
Weekly,2026-05-01,North America,311086610684.1500244141,2086.82,4605.5
Weekly,2026-05-01,Europe,214980596003.8900146484,1442.05,4605.5
Weekly,2026-05-01,Asia,80467279222.8800048828,533.7,4605.5
Weekly,2026-05-01,Other,11297273935.9200000763,75.9,4605.5
Weekly,2026-05-08,North America,317620511342.0700073242,2083.65,4681.07
Weekly,2026-05-08,Europe,219872621504.3399963379,1442.36,4681.07
Weekly,2026-05-08,Asia,82484150977.8099975586,535.73,4681.07
Weekly,2026-05-08,Other,11569739386.5900001526,75.96,4681.07
Weekly,2026-05-15,North America,304126569815.5200195312,2089.01,4658.86
Weekly,2026-05-15,Europe,209834627117.3099975586,1441.38,4658.86
Weekly,2026-05-15,Asia,80713714429.7700042725,533.03,4658.86
Weekly,2026-05-15,Other,11065415109.2600002289,75.96,4658.86
Weekly,2026-05-22,North America,301968075411.950012207,2084.31,4511.27
Weekly,2026-05-22,Europe,209012478127.8800048828,1442.7,4511.27
Weekly,2026-05-22,Asia,79441413706.8000030518,528.38,4511.27
Weekly,2026-05-22,Other,10965555118.2000007629,75.67,4511.27
Weekly,2026-05-29,North America,303561749398.2199707031,2076.98,4482.61
Weekly,2026-05-29,Europe,210933146216.1000061035,1443.21,4482.61
Weekly,2026-05-29,Asia,78850747863.1199951172,525.32,4482.61
Weekly,2026-05-29,Other,11069470546.9300003052,75.77,4482.61
Weekly,2026-06-05,North America,290056427011.7899780273,2066.98,4451.97
Weekly,2026-06-05,Europe,202412662469.9200134277,1442.27,4451.97
Weekly,2026-06-05,Asia,77014650172.75,521.81,4451.97
Weekly,2026-06-05,Other,10540279916.0200004578,74.99,4451.97
Weekly,2026-06-12,North America,277013070764.8300170898,2058.22,4216
Weekly,2026-06-12,Europe,192667949264.4200134277,1431.61,4216
Weekly,2026-06-12,Asia,71912206361.9199981689,516.62,4216
Weekly,2026-06-12,Other,10093167191.6200008392,74.92,4216
Weekly,2026-06-19,North America,275062512920.8900146484,2060.79,4283.98
Weekly,2026-06-19,Europe,191560990125.4100036621,1435.4,4283.98
Weekly,2026-06-19,Asia,72651390850.2200012207,516.18,4283.98
Weekly,2026-06-19,Other,9917460820.0300006866,74.24,4283.98
Weekly,2026-06-26,North America,266710681774.5400085449,2037.21,4086.15
Weekly,2026-06-26,Europe,187161000920.7900085449,1429.59,4086.15
Weekly,2026-06-26,Asia,68158305754.6800003052,507.48,4086.15
Weekly,2026-06-26,Other,9699009149.5599994659,74.12,4086.15
Weekly,2026-07-03,North America,271573717751.75,2028.68,4087.06
Weekly,2026-07-03,Europe,192025413287.0799865723,1434.3,4087.06
Weekly,2026-07-03,Asia,70229563864.6399993896,505.76,4087.06
Weekly,2026-07-03,Other,9796660642.0300006866,73.2,4087.06
Weekly,2026-07-10,North America,267465456137.3399963379,2029.43,4118.45
Weekly,2026-07-10,Europe,189172959129.0799865723,1435.4,4118.45
Weekly,2026-07-10,Asia,69055449430.3099975586,505.57,4118.45
Weekly,2026-07-10,Other,9767122881.7800006866,74.1,4118.45
Weekly,2026-07-17,North America,260321851594.2300109863,2026.49,4033.27
Weekly,2026-07-17,Europe,184954475862.1600036621,1439.86,4033.27
Weekly,2026-07-17,Asia,67007150183.1100006104,504.13,4033.27
Weekly,2026-07-17,Other,9520123275.9300003052,74.09,4033.27
Weekly,2026-07-24,North America,266544368319.6499938965,2038.38,4064.63
Weekly,2026-07-24,Europe,188468557372.3900146484,1441.26,4064.63
Weekly,2026-07-24,Asia,68564901840.8399963379,508.53,4064.63
Weekly,2026-07-24,Other,9726308735.0300006866,74.41,4064.63
Weekly,2026-07-31,North America,263450632543.299987793,2034.9,4047.14
Weekly,2026-07-31,Europe,187235004206.7699890137,1446.3,4047.14
Weekly,2026-07-31,Asia,69429262104.7799987793,512.39,4047.14
Weekly,2026-07-31,Other,9646798714.7399997711,74.45,4047.14
Weekly,2026-08-07,North America,284760022294.3900146484,2042.85,4184.47
Weekly,2026-08-07,Europe,202853716695.4200134277,1455.28,4184.47
Weekly,2026-08-07,Asia,73921264895.3699951172,518.05,4184.47
Weekly,2026-08-07,Other,10366153216.7199993134,74.41,4184.47
Weekly,2026-08-14,North America,289407808851.450012207,2050.22,4379.63
Weekly,2026-08-14,Europe,207570350694.1700134277,1470.42,4379.63
Weekly,2026-08-14,Asia,74867790331.0399932861,519.13,4379.63
Weekly,2026-08-14,Other,10494169760.1100006104,74.41,4379.63
Weekly,2026-08-21,North America,306531967288.5599975586,2080.6,4467.01
Weekly,2026-08-21,Europe,218655189275.9700012207,1484.24,4467.01
Weekly,2026-08-21,Asia,78964052623.3300018311,521.27,4467.01
Weekly,2026-08-21,Other,11019008835.8199996948,74.77,4467.01
